excel_id;RM_ID;type;property;function;owner;name;type of road;name of road;number of road;zip code;city;district;neighborhood;latitude;longitude;¿opening 24/7?;opening Mon-Fri;closing Mon-Fri;opening Sat;closing Sat;opening Sun;closing Sun;security guard 24/7;INCLUDE;notes1;notes2;COO;;;;;;;;;;;;;
304;;Otro;Privada;Privado;.;.;CALLE;ABAY;1;28021;Madrid;17;171;40,3;-3,9;.;;;;;;;;NO;NOT VALID;never got RM_ID;;;;;;;;;;;;;;
1439;;Otro establecimiento administración pública;Pública;Público;Ayuntamiento de Madrid;Ayuntamiento de Madrid Casa Cisneros ;PLAZA;VILLA;4;28005;Madrid;1;11;40,4150501;-3,7104382;NO;8;20;0;0;0;0;No;NO;NOT VALID-DUPLICATED;first deleted, not RM_ID, old codification (jul-25) as old-RM011D0247;;;;;;;;;;;;;;
427;;Hotel, hostal, alojamiento;Pública;Público;Aloft Hotels;Aloft Hotels planta 3 gimnasio ;CALLE;JACOMETREZO;4;28013;Madrid;1;11;40,420286;-3,7071451;24 horas;;;;;;;;NO;NOT VALID-DUPLICATED;first deleted, not RM_ID, old codification (jul-25) as old-RM011D0272;;;;;;;;;;;;;;
2958;;Otro establecimiento administración pública;Pública;Público;SENADO;SENADO;PLAZA;MARINA ESPAÑOLA;8;28013;Madrid;1;11;40,4212019;-3,712484;NO;9;19;0;0;0;0;No;NO;NOT VALID-DUPLICATED;first deleted, not RM_ID, old codification (jul-25) as old-RM011D0315;;;;;;;;;;;;;;
3337;;Otro establecimiento administración pública;Pública;Público;Museo Reina Sofía;Museo Reina Sofía;CALLE;SANTA ISABEL;52;28012;Madrid;1;12;40,407714;-3,693529;NO;10;20;10;20;10;20;No;NO;NOT VALID-DUPLICATED;first deleted, not RM_ID, old codification (jul-25) as old-RM012D0001;;;;;;;;;;;;;;
52;;Centro educativo;Pública;Público;Real conservatorio superior;Real conservatorio superior;CALLE;DOCTOR MATA;2;28012;Madrid;1;12;40,409183;-3,694227;NO;8;22;0;0;0;0;No;NO;NOT VALID-DUPLICATED;first deleted, not RM_ID, old codification (jul-25) as old-RM012D0007;;;;;;;;;;;;;;
53;;Centro educativo;Pública;Público;Real conservatorio superior ;Conservatorio superior ;CALLE;DOCTOR MATA;2;28012;Madrid;1;12;40,40911852;-3,694381844;NO;8;22;0;0;0;0;No;NO;NOT VALID-DUPLICATED;first deleted, not RM_ID, old codification (jul-25) as old-RM012D0008;;;;;;;;;;;;;;
3311;;Otro;Privada;Público;Museo Nacional Thyssen-Bornemisza;Museo Thyssen;PASEO;PRADO;8;28014;Madrid;1;13;40,415983;-3,694695;NO;10;19;10;19;10;19;No;NO;NOT VALID-DUPLICATED;first deleted, not RM_ID, old codification (jul-25) as old-RM013D0039;;;;;;;;;;;;;;
3324;;Otro;Privada;Público;Museo Nacional Thyssen-Bornemisza;Museo Thyssen;PASEO;PRADO;8;28014;Madrid;1;13;40,416355;-3,694496;NO;10;19;10;19;10;19;No;NO;NOT VALID-DUPLICATED;first deleted, not RM_ID, old codification (jul-25) as old-RM013D0041;;;;;;;;;;;;;;
2379;;Otro establecimiento administración pública;Pública;Público;Ministerio de Economía y Comercio;Secretaría general del Tesoro y Financiación Internacional;PASEO;PRADO;6;28014;Madrid;1;13;40,4168676;-3,6945029;NO;9;14;0;0;0;0;Sí;NO;NOT VALID-DUPLICATED;first deleted, not RM_ID, old codification (jul-25) as old-RM013D0045;;;;;;;;;;;;;;
3321;;Hotel, hostal, alojamiento;Privada;Público;Hotel Villa Real;Hotel Villa Real;PLAZA;CORTES;10;28014;Madrid;1;13;40,415437;-3,696982;24 horas;;;;;;;;NO;NOT VALID-DUPLICATED;first deleted, not RM_ID, old codification (jul-25) as old-RM013D0056;;;;;;;;;;;;;;
3319;;Otro;Privada;Público;ONCE;ONCE;CALLE;PRADO;24;28014;Madrid;1;13;40,415135;-3,69786;NO;7;22;0;0;0;0;No;NO;NOT VALID-DUPLICATED;first deleted, not RM_ID, old codification (jul-25) as old-RM013D0063;;;;;;;;;;;;;;
3317;;Hotel, hostal, alojamiento;Privada;Público;Hotel Vincci Soho;Hotel Vincci;CALLE;PRADO;18;28014;Madrid;1;13;40,414903;-3,698539;24 horas;;;;;;;;NO;NOT VALID-DUPLICATED;first deleted, not RM_ID, old codification (jul-25) as old-RM013D0066;;;;;;;;;;;;;;
2263;;Otro establecimiento administración pública;Pública;Público;Ministerio de Economía y Comercio;Museo ICO;CALLE;ZORRILLA;3;28014;Madrid;1;13;40,4167344;-3,6977876;NO;11;20;11;20;10;14;No;NO;NOT VALID-DUPLICATED;first deleted, not RM_ID, old codification (jul-25) as old-RM013D0082;;;;;;;;;;;;;;
3338;;Otro;Privada;Público;Círculo de Bellas Artes;Círculo de Bellas Artes;CALLE;ALCALÁ;42;28014;Madrid;1;13;40,418388;-3,696319;24 horas;;;;;;;;NO;NOT VALID-DUPLICATED;first deleted, not RM_ID, old codification (jul-25) as old-RM013D0084;;;;;;;;;;;;;;
3312;;Hotel, hostal, alojamiento;Privada;Público;Urban Hotel GL;Hotel Urban;CARRERA;SAN JERÓNIMO;34;28014;Madrid;1;13;40,416564;-3,698679;24 horas;;;;;;;;NO;NOT VALID-DUPLICATED;first deleted, not RM_ID, old codification (jul-25) as old-RM013D0093;;;;;;;;;;;;;;
1839;;Otro establecimiento administración pública;Pública;Público;Ministerio de Igualdad;Ministerio de Igualdad;CALLE;ALCALÁ;37;28014;Madrid;1;13;40,4185955;-3,697803;NO;9;7;0;0;0;0;No;NO;NOT VALID-DUPLICATED;first deleted, not RM_ID, old codification (jul-25) as old-RM013D0114;;;;;;;;;;;;;;
1838;;Otro establecimiento administración pública;Pública;Público;Comunidad de Madrid;Consejeria de cultura turismo y deporte;CALLE;ALCALÁ;31;28014;Madrid;1;13;40,4184232;-3,6982479;NO;7;20;11;20;11;14;No;NO;NOT VALID-DUPLICATED;first deleted, not RM_ID, old codification (jul-25) as old-RM013D0116;;;;;;;;;;;;;;
693;;Centro de trabajo (no administración pública);Privada;Público;Cecabank;Cecabank;CALLE;ALCALÁ;27;28014;Madrid;1;13;40,4183476;-3,6984859;NO;7;22;0;0;0;0;Sí;NO;NOT VALID-DUPLICATED;first deleted, not RM_ID, old codification (jul-25) as old-RM013D0120;;;;;;;;;;;;;;
3307;;Hotel, hostal, alojamiento;Privada;Público;Four Seasons Hotel Madrid;Hotel Four Seasons;CALLE;SEVILLA;3;28014;Madrid;1;13;40,417163;-3,700048;24 horas;;;;;;;;NO;NOT VALID-DUPLICATED;first deleted, not RM_ID, old codification (jul-25) as old-RM013D0129;;;;;;;;;;;;;;
3047;;Otro establecimiento administración pública;Pública;Público;Tribunal Superior de Justicia de Madrid;TRIBUNAL SUPERIOR DE JUSTICIA;CALLE;GENERAL CASTAÑOS;1;28004;Madrid;1;14;40,424605;-3,694179;NO;9;14;0;0;0;0;No;NO;NOT VALID-DUPLICATED;first deleted, not RM_ID, old codification (jul-25) as old-RM014D0149;;;;;;;;;;;;;;
3031;;Transportes-Metro;Pública;Público;Metro de Madrid;Estación de Metro Alonso Martínez;CALLE;SANTA BÁRBARA;5;28004;Madrid;1;15;40,424254;-3,701108;NO;6;2;6;2;6;2;No;NO;NOT VALID-DUPLICATED;first deleted, not RM_ID, old codification (jul-25) as old-RM015D0244;;;;;;;;;;;;;;
3179;;Hotel, hostal, alojamiento;Privada;Público;Hoteles NH;Hotel RIU PLAZA ESPAÑA;CALLE;GRAN VÍA;84;28013;Madrid;1;15;40,424006;-3,711188;24 horas;;;;;;;;NO;NOT VALID-DUPLICATED;first deleted, not RM_ID, old codification (jul-25) as old-RM015D0323;;;;;;;;;;;;;;
2435;;Hotel, hostal, alojamiento;Privada;Público;Hotel Riu;Hotel Riu Plaza España;CALLE;PRINCESA;19;28013;Madrid;1;15;40,4240266;-3,7111993;24 horas;;;;;;;;NO;NOT VALID-DUPLICATED;first deleted, not RM_ID, old codification (jul-25) as old-RM015D0324;;;;;;;;;;;;;;
3185;;Otro establecimiento administración pública;Pública;Público;Ayuntamiento de Madrid;CENTRO CULTURAL CONDE DUQUE / OFICINAS ACCESO PATIO SUR ;CALLE;CONDE DUQUE;9;28015;Madrid;1;15;40,427357;-3,710571;NO;9;21;0;0;0;0;No;NO;NOT VALID-DUPLICATED;first deleted, not RM_ID, old codification (jul-25) as old-RM015D0327;;;;;;;;;;;;;;
2995;;Centro educativo;Privada;Público;Universidad Pontificia Comillas;Universidad Pontificia de Comillas;CALLE;ALBERTO AGUILERA;23;28015;Madrid;1;15;40,42976858;-3,711320636;NO;8;21;0;0;0;0;No;NO;NOT VALID-DUPLICATED;first deleted, not RM_ID, old codification (jul-25) as old-RM015D0334;;;;;;;;;;;;;;
2976;;Centro educativo;Privada;Público;Universidad Nebrija;Universidad Nebrija;CALLE;SANTA CRUZ DE MARCENADO;27;28015;Madrid;1;15;40,42926789;-3,712164179;NO;10;21;8;15;0;0;No;NO;NOT VALID-DUPLICATED;first deleted, not RM_ID, old codification (jul-25) as old-RM015D0337;;;;;;;;;;;;;;
2975;;Centro educativo;Privada;Público;Universidad Pontificia Comillas;Universidad Pontificia de Comillas;CALLE;SANTA CRUZ DE MARCENADO;26;28015;Madrid;1;15;40,43008563;-3,712502905;NO;7;21;0;0;0;0;No;NO;NOT VALID-DUPLICATED;first deleted, not RM_ID, old codification (jul-25) as old-RM015D0339;;;;;;;;;;;;;;
2993;;Centro educativo;Privada;Público;Universidad Pontificia Comillas;Universidad Pontificia de Comillas;CALLE;ALBERTO AGUILERA;25;28015;Madrid;1;15;40,4300764;-3,712538175;NO;8;21;0;0;0;0;No;NO;NOT VALID-DUPLICATED;first deleted, not RM_ID, old codification (jul-25) as old-RM015D0340;;;;;;;;;;;;;;
3178;;Centro educativo;Privada;Público;Universidad Pontificia Comillas;UNIVERSIDAD DE COMILLAS;CALLE;ALBERTO AGUILERA;25;28015;Madrid;1;15;40,430184;-3,712628;NO;8;21;8;14;0;0;No;NO;NOT VALID-DUPLICATED;first deleted, not RM_ID, old codification (jul-25) as old-RM015D0342;;;;;;;;;;;;;;
2902;;Centro comercial;Privada;Público;El Corte Inglés;Corte Inglés Alberto Aguilera;CALLE;ALBERTO AGUILERA;39;28015;Madrid;1;15;40,43012031;-3,715639221;NO;10;22;10;22;11;21;No;NO;NOT VALID-DUPLICATED;first deleted, not RM_ID, old codification (jul-25) as old-RM015D0345;;;;;;;;;;;;;;
2898;;Transportes-Metro;Pública;Público;Metro de Madrid;Estación de Metro Argüelles;CALLE;PRINCESA;56;28008;Madrid;1;15;40,43032582;-3,715912554;NO;6;2;6;2;6;2;No;NO;NOT VALID-DUPLICATED;first deleted, not RM_ID, old codification (jul-25) as old-RM015D0347;;;;;;;;;;;;;;
256;;Centro deportivo;Pública;Público;Ayuntamiento de Madrid;CDM Marqués de Samaranch;PASEO;IMPERIAL;20;28005;Madrid;2;21;40,407563;-3,717324;NO;8;23;9;15;9;15;No;NO;NOT VALID-DUPLICATED;first deleted, not RM_ID, old codification (jul-25) as old-RM021D0135;;;;;;;;;;;;;;
241;;Centro educativo;Privada;Público;Google ;Google for Startups;CALLE;MORENO NIETO;1;28005;Madrid;2;21;40,412022;-3,718402;NO;9;21;0;0;0;0;No;NO;NOT VALID-DUPLICATED;first deleted, not RM_ID, old codification (jul-25) as old-RM021D0141;;;;;;;;;;;;;;
3004;;Transportes-Metro;Pública;Público;Metro de Madrid;Estación de Metro Embajadores;GLORIETA;EMBAJADORES;7;28012;Madrid;2;22;40,40457918;-3,70249961;NO;6;2;6;2;6;2;No;NO;NOT VALID-DUPLICATED;first deleted, not RM_ID, old codification (jul-25) as old-RM022D0109;;;;;;;;;;;;;;
258;;Transportes-Metro;Pública;Público;Metro de Madrid;Estación de Metro Acacias;PASEO;ESPERANZA;S/N;28005;Madrid;2;22;40,4037433;-3,7063827;NO;6;2;6;2;6;2;No;NO;NOT VALID-DUPLICATED;first deleted, not RM_ID, old codification (jul-25) as old-RM022D0116;;;;;;;;;;;;;;
1535;;Centro deportivo;Privada;Público;Forus;Forus Embajadores;CALLE;SORIA;2;28005;Madrid;2;22;40,4049489;-3,7057128;NO;7;22;9;20;9;14;No;NO;NOT VALID-DUPLICATED;first deleted, not RM_ID, old codification (jul-25) as old-RM022D0119;;;;;;;;;;;;;;
1163;;Otro establecimiento administración pública;Privada;Público;Ayuntamiento de Madrid;Nave 16 Matadero;PLAZA;LEGAZPI;8;28045;Madrid;2;23;40,3918782;-3,6993114;NO;9;23;9;23;9;23;Sí;NO;NOT VALID-DUPLICATED;first deleted, not RM_ID, old codification (jul-25) as old-RM023D0056;;;;;;;;;;;;;;
1937;;Centro de trabajo (no administración pública);Privada;Privado;Mahou San Miguel;Edificio de oficinas Mahou ;CALLE;TITÁN;15;28045;Madrid;2;24;40,3910417;-3,6803723;NO;7;22;0;0;0;0;No;NO;NOT VALID-DUPLICATED;first deleted, not RM_ID, old codification (jul-25) as old-RM024D0005;;;;;;;;;;;;;;
1938;;Centro de trabajo (no administración pública);Privada;Privado;Edificio Oficinas Mahou;Edificio Oficinas Mahou;CALLE;TITÁN;15;28045;Madrid;2;24;40,3910417;-3,6803723;NO;7;22;0;0;0;0;No;NO;NOT VALID-DUPLICATED;first deleted, not RM_ID, old codification (jul-25) as old-RM024D0006;;;;;;;;;;;;;;
1723;;Centro educativo;Pública;Público;Comunidad de Madrid;CEIP Tirso De Molina edificio anexo Aulario;CALLE;BRONCE;1;28045;Madrid;2;24;40,3924418;-3,6888407;NO;9;16;0;0;0;0;No;NO;NOT VALID-DUPLICATED;first deleted, not RM_ID, old codification (jul-25) as old-RM024D0024;;;;;;;;;;;;;;
1697;;Centro deportivo;Pública;Público;Ayuntamiento de Madrid;CDM La Fundi;CALLE;ALICANTE;14;28045;Madrid;2;25;40,3944614;-3,6913124;NO;8;22;9;21;9;21;No;NO;NOT VALID-DUPLICATED;first deleted, not RM_ID, old codification (jul-25) as old-RM025D0034;;;;;;;;;;;;;;
1695;;Centro deportivo;Pública;Público;Ayuntamiento de Madrid;CDM La Fundi;CALLE;ALICANTE;14;28045;Madrid;2;25;40,3944374;-3,6913533;NO;8;22;9;21;9;21;No;NO;NOT VALID-DUPLICATED;first deleted, not RM_ID, old codification (jul-25) as old-RM025D0035;;;;;;;;;;;;;;
1158;;Transportes-Metro;Pública;Público;Metro de Madrid;Estación de Metro Legazpi línea 3;PLAZA;LEGAZPI;1;28045;Madrid;2;25;40,3915465;-3,6947624;NO;6;2;6;2;6;2;No;NO;NOT VALID-DUPLICATED;first deleted, not RM_ID, old codification (jul-25) as old-RM025D0038;;;;;;;;;;;;;;
1156;;Transportes-Metro;Pública;Público;Metro de Madrid;Estación de Metro Legazpi acceso;PLAZA;LEGAZPI;1;28045;Madrid;2;25;40,3915682;-3,6947624;NO;6;2;6;2;6;2;No;NO;NOT VALID-DUPLICATED;first deleted, not RM_ID, old codification (jul-25) as old-RM025D0039;;;;;;;;;;;;;;
473;;Otro establecimiento administración pública;Pública;Público;Ayuntamiento de Madrid;Economía y Hacienda Ayto. Madrid;CALLE;BUSTAMANTE;16;28045;Madrid;2;25;40,4004967;-3,6882938;NO;9;14;0;0;0;0;No;NO;NOT VALID-DUPLICATED;first deleted, not RM_ID, old codification (jul-25) as old-RM025D0049;;;;;;;;;;;;;;
3365;;Otro establecimiento administración pública;Pública;Público;ADIF;DESA DEL MUSEO DEL FERROCARRIL;PASEO;DELICIAS;61;28045;Madrid;2;25;40,3994176;-3,6920685;NO;10;15;10;19;10;15;No;NO;NOT VALID-DUPLICATED;first deleted, not RM_ID, old codification (jul-25) as old-RM025D0058;;;;;;;;;;;;;;
3364;;Otro establecimiento administración pública;Pública;Privado;ADIF;DESA DEL EDIFICIO DE TRABAJADORES DE ADIF;PASEO;DELICIAS;61;28045;Madrid;2;25;40,3998281;-3,6927605;24 horas;;;;;;;;NO;NOT VALID-DUPLICATED;first deleted, not RM_ID, old codification (jul-25) as old-RM025D0062;;;;;;;;;;;;;;
563;;Centro deportivo;Pública;Público;Ayuntamiento de Madrid;CENTRO DOTACIONAL DE ARGANZUELA;CALLE;PALOS DE LA FRONTERA;40;28045;Madrid;2;26;40,4033129;-3,6952475;NO;9;21;9;14;9;14;No;NO;NOT VALID-DUPLICATED;first deleted, not RM_ID, old codification (jul-25) as old-RM026D0083;;;;;;;;;;;;;;
1962;;Centro de trabajo (no administración pública);Privada;Privado;Edificio Ombu;Edificio de Oficinas Ombu;CALLE;OMBÚ;3;28045;Madrid;2;27;40,3952402;-3,6770628;NO;8;20;0;0;0;0;Sí;NO;NOT VALID-DUPLICATED;first deleted, not RM_ID, old codification (jul-25) as old-RM027D0008;;;;;;;;;;;;;;
347;;Centro de trabajo (no administración pública);Privada;Privado;Empresas;Dentro de la urbanización a la izquierda ;CALLE;MÉNDEZ ÁLVARO;61;28045;Madrid;2;27;40,39642089;-3,680756894;24 horas;;;;;;;;NO;NOT VALID-DUPLICATED;first deleted, not RM_ID, old codification (jul-25) as old-RM027D0015;;;;;;;;;;;;;;
168;;Transportes-Renfe;Pública;Público;ADIF;Estación de Atocha planta baja;PLAZA;EMPERADOR CARLOS V;S/N;28045;Madrid;2;27;40,406167;-3,690508;24 horas;;;;;;;;NO;NOT VALID-DUPLICATED;first deleted, not RM_ID, old codification (jul-25) as old-RM027D0075;;;;;;;;;;;;;;
3073;;Transportes-Renfe;Pública;Público;ADIF;Estación de Atocha planta baja;PLAZA;EMPERADOR CARLOS V;S/N;28045;Madrid;2;27;40,406167;-3,690508;24 horas;;;;;;;;NO;NOT VALID-DUPLICATED;first deleted, not RM_ID, old codification (jul-25) as old-RM027D0076;;;;;;;;;;;;;;
3315;;Centro de trabajo (no administración pública);Privada;Privado;Empresas;oficinas;CALLE;DOCTOR ESQUERDO;136;28007;Madrid;3;31;40,405482;-3,671192;NO;8;22;0;0;0;0;No;NO;NOT VALID-DUPLICATED;first deleted, not RM_ID, old codification (jul-25) as old-RM031D0030;;;;;;;;;;;;;;
1996;;Centro educativo;Pública;Público;Comunidad de Madrid;COLEGIO JOSÉ CALVO SOTELO;AVENIDA;CIUDAD DE BARCELONA;83;28007;Madrid;3;32;40,40093095;-3,673661094;NO;7;17;0;0;0;0;No;NO;NOT VALID-DUPLICATED;first deleted, not RM_ID, old codification (jul-25) as old-RM032D0016;;;;;;;;;;;;;;
594;;Hotel, hostal, alojamiento;Privada;Público;Hotel Colón;Hotel Colón;CALLE;PEZ VOLADOR;11;28007;Madrid;3;33;40,41300173;-3,669243724;24 horas;;;;;;;;NO;NOT VALID-DUPLICATED;first deleted, not RM_ID, old codification (jul-25) as old-RM033D0055;;;;;;;;;;;;;;
702;;Centro residencial de uso público;Pública;Público;Ayuntamiento de Madrid;Centro de Servicios Sociales Distrito Retiro ;CALLE;JOSÉ MARTÍNEZ DE VELASCO;22;28007;Madrid;3;33;40,41469505;-3,667751815;NO;7;20;0;0;0;0;No;NO;NOT VALID-DUPLICATED;first deleted, not RM_ID, old codification (jul-25) as old-RM033D0058;;;;;;;;;;;;;;
681;;Centro deportivo;Pública;Público;Comunidad de Madrid;Centro de Natación Mundial 86;CALLE;JOSÉ MARTÍNEZ DE VELASCO;3;28007;Madrid;3;33;40,41555549;-3,666958821;NO;8;22;9;13;9;13;Sí;NO;NOT VALID-DUPLICATED;first deleted, not RM_ID, old codification (jul-25) as old-RM033D0059;;;;;;;;;;;;;;
3320;;Centro deportivo;Pública;Público;Federación Madrileña de Natación;Centro de natación M86;CALLE;JOSÉ MARTÍNEZ DE VELASCO;3;28007;Madrid;3;33;40,415302;-3,667246;NO;9;22;9;22;9;22;No;NO;NOT VALID-DUPLICATED;first deleted, not RM_ID, old codification (jul-25) as old-RM033D0060;;;;;;;;;;;;;;
2193;;Hotel, hostal, alojamiento;Privada;Público;Hoteles NH;Hotel NH Atocha;PASEO;INFANTA ISABEL;9;28014;Madrid;3;35;40,4077284;-3,6895395;24 horas;;;;;;;;NO;NOT VALID-DUPLICATED;first deleted, not RM_ID, old codification (jul-25) as old-RM035D0107;;;;;;;;;;;;;;
2233;;Hotel, hostal, alojamiento;Pública;Público;AC Hoteles;Hotel AC Palacio del Retiro;CALLE;ALFONSO XII;14;28014;Madrid;3;35;40,4177661;-3,6890633;24 horas;;;;;;;;NO;NOT VALID-DUPLICATED;first deleted, not RM_ID, old codification (jul-25) as old-RM035D0128;;;;;;;;;;;;;;
2242;;Otro establecimiento administración pública;Pública;Público;Ministerio de Cultura;Museo Nacional de Artes Decorativas;CALLE;MONTALBÁN;12;28014;Madrid;3;35;40,4179285;-3,6897567;NO;10;15;10;15;10;15;Sí;NO;NOT VALID-DUPLICATED;first deleted, not RM_ID, old codification (jul-25) as old-RM035D0131;;;;;;;;;;;;;;
3327;;Otro establecimiento administración pública;Pública;Público;Ayuntamiento de Madrid;Ayuntamiento de Madrid;CALLE;MONTALBÁN;1;28014;Madrid;3;35;40,418114;-3,691493;24 horas;;;;;;;;NO;NOT VALID-DUPLICATED;first deleted, not RM_ID, old codification (jul-25) as old-RM035D0143;;;;;;;;;;;;;;
2250;;Otro establecimiento administración pública;Pública;Público;Ayuntamiento de Madrid;Palacio de Cibeles - Puerta Montalbán;CALLE;MONTALBÁN;1;28014;Madrid;3;35;40,418208;-3,6916664;NO;7;16;0;0;0;0;Sí;NO;NOT VALID-DUPLICATED;first deleted, not RM_ID, old codification (jul-25) as old-RM035D0145;;;;;;;;;;;;;;
1007;;Otro;Privada;Privado;We Work;We Work lugar de coworking PLANTA 5;CALLE;GOYA;36;28001;Madrid;4;41;40,4249722;-3,6809517;NO;9;18;0;0;0;0;No;NO;NOT VALID-DUPLICATED;first deleted, not RM_ID, old codification (jul-25) as old-RM041D0084;;;;;;;;;;;;;;
541;;Otro establecimiento administración pública;Pública;Público;RTVE;RTVE TORRESPAÑA;CALLE;ALCALDE SAINZ DE BARANDA;92;28007;Madrid;4;43;40,42086838;-3,662685207;24 horas;;;;;;;;NO;NOT VALID-DUPLICATED;first deleted, not RM_ID, old codification (jul-25) as old-RM043D0002;;;;;;;;;;;;;;
3246;;Centro de trabajo (no administración pública);Privada;Privado;Federación de Organismos o Entidades de Radio y Televisión Autonómicos;FORTA;CALLE;BOCÁNGEL;26;28028;Madrid;4;43;40,427496;-3,66278;24 horas;;;;;;;;NO;NOT VALID-DUPLICATED;first deleted, not RM_ID, old codification (jul-25) as old-RM043D0008;;;;;;;;;;;;;;
2910;;Hotel, hostal, alojamiento;Privada;Público;Hotel Ibis;Hotel Ibis Las Ventas;CALLE;JULIO CAMBA;1;28028;Madrid;4;44;40,43050813;-3,664241706;24 horas;;;;;;;;NO;NOT VALID-DUPLICATED;first deleted, not RM_ID, old codification (jul-25) as old-RM044D0024;;;;;;;;;;;;;;
2926;;Otro establecimiento administración pública;Pública;Público;Ministerio Inclusión, Seguridad Social y Migraciones;Ministerio Inclusión, Seguridad Social y Migraciones;CALLE;LONDRES;60;28028;Madrid;4;44;40,4317857;-3,6648986;NO;9;14;0;0;0;0;No;NO;NOT VALID-DUPLICATED;first deleted, not RM_ID, old codification (jul-25) as old-RM044D0037;;;;;;;;;;;;;;
2084;;Centro educativo;Pública;Público;Comunidad de Madrid;IES AVENIDA LOS TOREROS;AVENIDA;TOREROS;57;28028;Madrid;4;44;40,43350444;-3,664884264;NO;9;15;0;0;0;0;No;NO;NOT VALID-DUPLICATED;first deleted, not RM_ID, old codification (jul-25) as old-RM044D0043;;;;;;;;;;;;;;
2913;;Centro educativo;Pública;Público;Comunidad de Madrid;IES Avenida de los Toreros;CALLE;COLOMER;3;28028;Madrid;4;44;40,43350444;-3,664884264;NO;9;15;0;0;0;0;No;NO;NOT VALID-DUPLICATED;first deleted, not RM_ID, old codification (jul-25) as old-RM044D0044;;;;;;;;;;;;;;
2925;;Centro educativo;Pública;Público;Comunidad de Madrid;IES Avenida de los Toreros;AVENIDA;TOREROS;57;28028;Madrid;4;44;40,43350444;-3,664884264;NO;9;15;0;0;0;0;No;NO;NOT VALID-DUPLICATED;first deleted, not RM_ID, old codification (jul-25) as old-RM044D0045;;;;;;;;;;;;;;
2916;;Centro deportivo;Pública;Público;Ayuntamiento de Madrid;Polideportivo Eva Duarte;CALLE;DOCTOR GÓMEZ ULLA;9;28028;Madrid;4;44;40,43028732;-3,668165381;NO;8;22;8;22;8;22;No;NO;NOT VALID-DUPLICATED;first deleted, not RM_ID, old codification (jul-25) as old-RM044D0047;;;;;;;;;;;;;;
2086;;Centro educativo;Privada;Público;COLEGIO CALDEIRO;COLEGIO CALDEIRO;AVENIDA;TOREROS;45;28028;Madrid;4;44;40,43250298;-3,666217839;NO;7;18;0;0;0;0;No;NO;NOT VALID-DUPLICATED;first deleted, not RM_ID, old codification (jul-25) as old-RM044D0048;;;;;;;;;;;;;;
2927;;Otro establecimiento administración pública;Pública;Público;Ayuntamiento de Madrid;Centro Cultural Buena Vista;AVENIDA;TOREROS;5;28028;Madrid;4;44;40,4320796;-3,6706822;NO;9;21;10;14;0;0;No;NO;NOT VALID-DUPLICATED;first deleted, not RM_ID, old codification (jul-25) as old-RM044D0072;;;;;;;;;;;;;;
2923;;Centro de trabajo (no administración pública);Privada;Público;Edificio Metlife;Edificio Metlife;AVENIDA;TOREROS;3;28028;Madrid;4;44;40,43196241;-3,67137695;NO;9;19;0;0;0;0;No;NO;NOT VALID-DUPLICATED;first deleted, not RM_ID, old codification (jul-25) as old-RM044D0076;;;;;;;;;;;;;;
2460;;Centro deportivo;Privada;Público;O2 centro wellness;O2 centro wellness;CALLE;DON RAMÓN DE LA CRUZ;33;28001;Madrid;4;46;40,429067;-3,681719;NO;7;22;9;16;9;15;No;NO;NOT VALID-DUPLICATED;first deleted, not RM_ID, old codification (jul-25) as old-RM046D0124;;;;;;;;;;;;;;
1966;;Otro;Privada;Público;Alba grupo March;Alba grupo March quinta planta;CALLE;CASTELLÓ;77;28006;Madrid;4;46;40,4312567;-3,6811411;NO;9;19;0;0;0;0;No;NO;NOT ACTIVE;NOT ACTIVE-OTHER BETTER IN SAME BUILDING-first deleted, not RM_ID, old codification (jul-25) as old-RM046D0141;;;;;;;;;;;;;;
2156;;Otro;Privada;Privado;Fundación Juan March;Edificio Fundación Juan March;CALLE;CASTELLÓ;77;28006;Madrid;4;46;40,43120216;-3,681213613;24 horas;;;;;;;;NO;NOT VALID-DUPLICATED;first deleted, not RM_ID, old codification (jul-25) as old-RM046D0142;;;;;;;;;;;;;;
1931;;Otro;Privada;Público;Baker Abogados;Edificio Beatriz novena planta;CALLE;JOSÉ ORTEGA Y GASSET;29;28006;Madrid;4;46;40,4303928;-3,6826213;NO;8;21;0;0;0;0;Sí;NO;NOT VALID-DUPLICATED;first deleted, not RM_ID, old codification (jul-25) as old-RM046D0149;;;;;;;;;;;;;;
1973;;Centro educativo;Pública;Público;Comunidad de Madrid;Colegio reina victoria ;CALLE;PRÍNCIPE DE VERGARA;61;28006;Madrid;4;46;40,4335923;-3,6795995;NO;8;6;0;0;0;0;No;NO;NOT VALID-DUPLICATED;first deleted, not RM_ID, old codification (jul-25) as old-RM046D0153;;;;;;;;;;;;;;
2159;;Otro;Privada;Privado;Fondo de Garantía de Depósitos en Entidades de Crédito (FGD);Edificio calle ortega y Gasset 22-24;CALLE;JOSÉ ORTEGA Y GASSET;22;28006;Madrid;4;46;40,43010883;-3,683289287;24 horas;;;;;;;;NO;NOT VALID-DUPLICATED;first deleted, not RM_ID, old codification (jul-25) as old-RM046D0157;;;;;;;;;;;;;;
2158;;Otro;Privada;Privado;Fundación ONCE;Entrada edificio fundación ONCE;CALLE;JOSÉ ORTEGA Y GASSET;18;28006;Madrid;4;46;40,43010444;-3,684031968;24 horas;;;;;;;;NO;NOT VALID-DUPLICATED;first deleted, not RM_ID, old codification (jul-25) as old-RM046D0163;;;;;;;;;;;;;;
1769;;Hotel, hostal, alojamiento;Privada;Público;Hotel Villamagna;Hotel Villamagna;PASEO;CASTELLANA;22;28046;Madrid;4;46;40,43000669;-3,688357642;24 horas;;;;;;;;NO;NOT VALID-DUPLICATED;first deleted, not RM_ID, old codification (jul-25) as old-RM046D0197;;;;;;;;;;;;;;
1755;;Centro de trabajo (no administración pública);Privada;Privado;BNP Paribas;BNP Paribas;CALLE;HERMANOS BÉCQUER;3;28006;Madrid;4;46;40,43550134;-3,686987057;24 horas;;;;;;;;NO;NOT VALID-DUPLICATED;first deleted, not RM_ID, old codification (jul-25) as old-RM046D0226;;;;;;;;;;;;;;
1381;;Otro establecimiento administración pública;Pública;Público;SEPIDES SA;SEPIDES SA;CALLE;VELÁZQUEZ;134;28006;Madrid;5;51;40,4388222;-3,6826522;24 horas;;;;;;;;NO;NOT VALID-DUPLICATED;first deleted, not RM_ID, old codification (jul-25) as old-RM051D0055;;;;;;;;;;;;;;
1102;;Centro de trabajo (no administración pública);Privada;Público;FERROVIAL;EDIFICIO FERROVIAL PRINCIPE DE VERGARA;CALLE;PRÍNCIPE DE VERGARA;135;28002;Madrid;5;51;40,444028;-3,678593;24 horas;;;;;;;;NO;NOT VALID-DUPLICATED;first deleted, not RM_ID, old codification (jul-25) as old-RM051D0065;;;;;;;;;;;;;;
1389;;Centro de trabajo (no administración pública);Privada;Privado;CIS UNIVERSIDAD;CIS UNIVERSIDAD;CALLE;VELÁZQUEZ;140;28006;Madrid;5;51;40,4409271;-3,6825657;NO;8;22;0;0;0;0;No;NO;NOT VALID-DUPLICATED;first deleted, not RM_ID, old codification (jul-25) as old-RM051D0068;;;;;;;;;;;;;;
1416;;Centro de trabajo (no administración pública);Pública;Público;Sony;Sony;CALLE;PEDRO DE VALDIVIA;10;28006;Madrid;5;51;40,439344;-3,689291;24 horas;;;;;;;;NO;NOT VALID-DUPLICATED;first deleted, not RM_ID, old codification (jul-25) as old-RM051D0087;;;;;;;;;;;;;;
2057;;Otro establecimiento administración pública;Pública;Público;UNION GENERAL DE TRABAJADORES (UGT);EDIFICIO UGT AVENIDA AMERICA PLANTA 8;AVENIDA;AMÉRICA;25;28002;Madrid;5;52;40,438975;-3,674682;NO;9;19;0;0;0;0;No;NO;NOT VALID-DUPLICATED;first deleted, not RM_ID, old codification (jul-25) as old-RM052D0014;;;;;;;;;;;;;;
3369;;Centro educativo;Pública;Público;Colegio Luis Bello ;DESA COLEGIO LUIS BELLO ;CALLE;LUIS CABRERA;66;28002;Madrid;5;52;40,443688;-3,673549;NO;9;16;0;0;0;0;No;NO;NOT VALID-DUPLICATED;first deleted, not RM_ID, old codification (jul-25) as old-RM052D0025;;;;;;;;;;;;;;
1718;;Centro de trabajo (no administración pública);Privada;Público;GRUPO SAINT GOBAIN;EDIFICIO SAINT GOBAIN;CALLE;PRÍNCIPE DE VERGARA;132;28002;Madrid;5;53;40,44337;-3,678116;24 horas;;;;;;;;NO;NOT VALID-DUPLICATED;first deleted, not RM_ID, old codification (jul-25) as old-RM053D0059;;;;;;;;;;;;;;
866;;Otro;Privada;Público;Banco Renta4;Renta4;PASEO;LA HABANA;74;28036;Madrid;5;54;40,4544592;-3,6830679;NO;9;18;0;0;0;0;No;NO;NOT VALID-DUPLICATED;first deleted, not RM_ID, old codification (jul-25) as old-RM054D0145;;;;;;;;;;;;;;
1526;;Otro establecimiento administración pública;Pública;Público;Ministerio de Hacienda;Departamento Informática Tributaria;CALLE;SANTA MARÍA MAGDALENA;16;28016;Madrid;5;55;40,46275364;-3,670091094;24 horas;;;;;;;;NO;NOT VALID-DUPLICATED;first deleted, not RM_ID, old codification (jul-25) as old-RM055D0124;;;;;;;;;;;;;;
2425;;Transportes-Metro;Pública;Público;Metro de Madrid;Estación de Metro Pío XII;AVENIDA;PÍO XII;4;28016;Madrid;5;55;40,4625802;-3,6759524;NO;6;2;6;2;6;2;No;NO;NOT VALID-DUPLICATED;first deleted, not RM_ID, old codification (jul-25) as old-RM055D0155;;;;;;;;;;;;;;
1491;;Centro de trabajo (no administración pública);Privada;Privado;Edificio usos multiples;Edificio oficinas ;CALLE;CARDENAL MARCELO SPÍNOLA;42;28016;Madrid;5;56;40,4682806;-3,6705055;NO;8;20;0;0;0;0;No;NO;NOT VALID-DUPLICATED;first deleted, not RM_ID, old codification (jul-25) as old-RM056D0159;;;;;;;;;;;;;;
2544;;Otro;Privada;Privado;Agencia EFE 1;Agencia EFE 1;AVENIDA;BURGOS;12;28036;Madrid;5;56;40,4737223;-3,67534359;24 horas;;;;;;;;NO;NOT VALID-DUPLICATED;first deleted, not RM_ID, old codification (jul-25) as old-RM056D0203;;;;;;;;;;;;;;
2574;;Transportes-Metro;Pública;Público;Metro de Madrid;Estación de Metro Alto del Arenal;AVENIDA;ALBUFERA;248;28038;Madrid;13;135;40,3898374;-3,6453266;NO;6;2;6;2;6;2;No;NO;NOT VALID-DUPLICATED;first deleted, not RM_ID, old codification (jul-25) as old-RM056D0203;;;;;;;;;;;;;;
2531;;Transportes-Metro;Pública;Público;Metro de Madrid;Estación de Metro Chamartín;CALLE;AGUSTÍN DE FOXÁ;S/N;28036;Madrid;5;56;40,4731191;-3,683064456;NO;6;2;6;2;6;2;No;NO;NOT VALID-DUPLICATED;first deleted, not RM_ID, old codification (jul-25) as old-RM056D0239;;;;;;;;;;;;;;
2680;;Hotel, hostal, alojamiento;Privada;Público;Hotel Meliá Chamartín;Hotel Madrid Chamartín Affiliated by Meliá;CALLE;MAURICIO RAVEL;10;28046;Madrid;5;56;40,4719632;-3,6847058;24 horas;;;;;;;;NO;NOT VALID-DUPLICATED;first deleted, not RM_ID, old codification (jul-25) as old-RM056D0241;;;;;;;;;;;;;;
3203;;Centro de trabajo (no administración pública);Privada;Privado;EMPRESA IBM;EMPRESA IBM / AREA OFICINAS;PLAZA;PABLO RUIZ PICASSO;11;28020;Madrid;6;62;40,450883;-3,693793;NO;8;17;0;0;0;0;No;NO;NOT VALID-DUPLICATED;first deleted, not RM_ID, old codification (jul-25) as old-RM062D0025;;;;;;;;;;;;;;
3200;;Centro de trabajo (no administración pública);Privada;Público;Desconocido;EDIFICIO MASTER I;AVENIDA;GENERAL PERÓN;38;28020;Madrid;6;62;40,452044;-3,692633;24 horas;;;;;;;;NO;NOT VALID-DUPLICATED;first deleted, not RM_ID, old codification (jul-25) as old-RM062D0028;;;;;;;;;;;;;;
2495;;Otro establecimiento administración pública;Pública;Público;Comunidad de Madrid;Juzgados de primera instancia planta 1;CALLE;ROSARIO PINO;5;28020;Madrid;6;63;40,461981;-3,691332;NO;9;14;0;0;0;0;Sí;NO;NOT VALID-DUPLICATED;first deleted, not RM_ID, old codification (jul-25) as old-RM063D0057;;;;;;;;;;;;;;
2505;;Centro de trabajo (no administración pública);Privada;Público;Empresas varias;Edificio Orense,58;CALLE;ORENSE;58;28020;Madrid;6;63;40,459782;-3,693866;NO;8;15;0;0;0;0;No;NO;NOT VALID-DUPLICATED;first deleted, not RM_ID, old codification (jul-25) as old-RM063D0061;;;;;;;;;;;;;;
2506;;Centro de trabajo (no administración pública);Privada;Público;Empresas varias;Edificio Orense,58;CALLE;ORENSE;58;28020;Madrid;6;63;40,459782;-3,693866;NO;8;15;0;0;0;0;No;NO;NOT VALID-DUPLICATED;first deleted, not RM_ID, old codification (jul-25) as old-RM063D0062;;;;;;;;;;;;;;
2488;;Otro establecimiento administración pública;Pública;Público;Comunidad de Madrid;Juzgados familia planta7;CALLE;FRANCISCO GERVÁS;10;28020;Madrid;6;63;40,460936;-3,692988;NO;9;14;0;0;0;0;Sí;NO;NOT VALID-DUPLICATED;first deleted, not RM_ID, old codification (jul-25) as old-RM063D0066;;;;;;;;;;;;;;
2484;;Hotel, hostal, alojamiento;Privada;Público;C.P apart hotel Meliá castilla;Hotel Meliá Castilla;CALLE;POETA JOAN MARAGALL;43;28020;Madrid;6;63;40,461797;-3,693127;24 horas;;;;;;;;NO;NOT VALID-DUPLICATED;first deleted, not RM_ID, old codification (jul-25) as old-RM063D0076;;;;;;;;;;;;;;
2528;;Centro educativo;Privada;Público;CEV;CEV planta -2;CALLE;GAZTAMBIDE;65;28015;Madrid;7;71;40,4373505;-3,715404;NO;9;20;0;0;0;0;No;NO;NOT VALID-DUPLICATED;first deleted, not RM_ID, old codification (jul-25) as old-RM071D0226;;;;;;;;;;;;;;
2514;;Centro de trabajo (no administración pública);Privada;Privado;Empresarios agrupados ACCEM;edificio Magallanes 3 planta 5;CALLE;MAGALLANES;3;28015;Madrid;7;72;40,4326899;-3,7054282;24 horas;;;;;;;;NO;NOT VALID-DUPLICATED;first deleted, not RM_ID, old codification (jul-25) as old-RM072D0137;;;;;;;;;;;;;;
1681;;Otro establecimiento administración pública;Pública;Público;Ministerio de Hacienda;Parque móvil ;CALLE;CEA BERMÚDEZ;5;28003;Madrid;7;72;40,4386992;-3,7074485;NO;7;18;0;0;0;0;No;NO;NOT VALID-DUPLICATED;first deleted, not RM_ID, old codification (jul-25) as old-RM072D0194;;;;;;;;;;;;;;
3027;;Transportes-Metro;Pública;Público;Metro de Madrid;Estación de Metro Colón;CALLE;GÉNOVA;29;28004;Madrid;7;74;40,42563;-3,69165;NO;6;2;6;2;6;2;No;NO;NOT VALID-DUPLICATED;first deleted, not RM_ID, old codification (jul-25) as old-RM074D0003;;;;;;;;;;;;;;
3170;;Centro de trabajo (no administración pública);Privada;Público;RAMON Y CAJAL ABOGADOS;RAMON Y CAJAL ABOGADOS;CALLE;ALMAGRO;18;28010;Madrid;7;74;40,429017;-3,694041;NO;9;21;0;0;0;0;No;NO;NOT VALID-DUPLICATED;first deleted, not RM_ID, old codification (jul-25) as old-RM074D0025;;;;;;;;;;;;;;
3168;;Centro de trabajo (no administración pública);Privada;Público;ABOGADOS CUATRECASAS;OFICINAS CUATRECASAS;CALLE;ALMAGRO;9;28010;Madrid;7;74;40,42972;-3,693708;NO;9;22;9;20;0;0;No;NO;NOT VALID-DUPLICATED;first deleted, not RM_ID, old codification (jul-25) as old-RM074D0030;;;;;;;;;;;;;;
3126;;Centro de trabajo (no administración pública);Privada;Público;AZUAGA SEGUROS;AZUAGA SEGUROS;CALLE;ZURBANO;46;28010;Madrid;7;74;40,433545;-3,693145;NO;9;19;0;0;0;0;No;NO;NOT VALID-DUPLICATED;first deleted, not RM_ID, old codification (jul-25) as old-RM074D0051;;;;;;;;;;;;;;
3095;;Otro;Privada;Público;Roca;Roca Madrid Galery;CALLE;JOSÉ ABASCAL;57;28003;Madrid;7;75;40,438243;-3,692941;NO;10;19;0;0;0;0;No;NO;NOT VALID-DUPLICATED;first deleted, not RM_ID, old codification (jul-25) as old-RM075D0088;;;;;;;;;;;;;;
174;;Hotel, hostal, alojamiento;Privada;Público;Hoteles NH;Hotel NH;CALLE;ZURBANO;79;28003;Madrid;7;75;40,4386655;-3,6928945;24 horas;;;;;;;;NO;NOT VALID-DUPLICATED;first deleted, not RM_ID, old codification (jul-25) as old-RM075D0092;;;;;;;;;;;;;;
3093;;Otro establecimiento administración pública;Pública;Público;Ayuntamiento de Madrid;CENTRO DE MAYORES SANTA ENGRACIA;CALLE;SANTA ENGRACIA;118;28003;Madrid;7;75;40,4405;-3,700761;NO;9;20;9;20;9;20;No;NO;NOT VALID-DUPLICATED;first deleted, not RM_ID, old codification (jul-25) as old-RM075D0159;;;;;;;;;;;;;;
1644;;Centro deportivo;Pública;Público;Canal de Isabel II;Centro deportivo Canal Isabel II;AVENIDA;FILIPINAS;54;28003;Madrid;7;76;40,4418097;-3,7051325;NO;8;22;8;22;8;22;No;NO;NOT VALID-DUPLICATED;first deleted, not RM_ID, old codification (jul-25) as old-RM076D0199;;;;;;;;;;;;;;
1688;;Centro deportivo;Privada;Público;Go Fit;Go Fit estadio Vallehermoso;AVENIDA;FILIPINAS;7;28003;Madrid;7;76;40,4406127;-3,7088674;NO;6;0;9;22;9;22;No;NO;NOT VALID-DUPLICATED;first deleted, not RM_ID, old codification (jul-25) as old-RM076D0212;;;;;;;;;;;;;;
510;;Centro deportivo;Pública;Público;Ayuntamiento de Madrid;Go Fit peñagrande ;AVENIDA;MONFORTE DE LEMOS;184;28035;Madrid;8;83;40,47679139;-3,717809778;NO;9;22;9;22;9;22;No;NO;NOT VALID-DUPLICATED;first deleted, not RM_ID, old codification (jul-25) as old-RM083D0182;;;;;;;;;;;;;;
480;;Centro educativo;Pública;Público;La Salle;La Salle Sagrado Corazón;AVENIDA;CARDENAL HERRERA ORIA;242;28035;Madrid;8;83;40,48294614;-3,717544979;NO;9;17;0;0;0;0;No;NO;NOT VALID-DUPLICATED;first deleted, not RM_ID, old codification (jul-25) as old-RM083D0201;;;;;;;;;;;;;;
2316;;Centro comercial;Privada;Público;Alcampo;Alcampo La Vaguada;AVENIDA;MONFORTE DE LEMOS;36;28029;Madrid;8;84;40,47926868;-3,706289198;NO;9;22;9;22;9;22;No;NO;NOT VALID-DUPLICATED;first deleted, not RM_ID, old codification (jul-25) as old-RM084D0126;;;;;;;;;;;;;;
658;;Otro establecimiento administración pública;Pública;Público;Centro de Mayores Vocal Vecino Justo Sierra;Centro de Mayores Vocal Vecino Justo Sierra;CALLE;FERMÍN CABALLERO;17;28034;Madrid;8;85;40,4860735;-3,701429;NO;8;20;0;0;0;0;No;NO;NOT VALID-DUPLICATED;first deleted, not RM_ID, old codification (jul-25) as old-RM085D0142;;;;;;;;;;;;;;
2346;;Centro de trabajo (no administración pública);Privada;Privado;Merlin;11-21 edificio 1;CALLE;QUINTANAVIDES;11;28050;Madrid;8;86;40,498569;-3,669183;24 horas;;;;;;;;NO;NOT VALID-DUPLICATED;first deleted, not RM_ID, old codification (jul-25) as old-RM086D0037;;;;;;;;;;;;;;
1086;;Centro de trabajo (no administración pública);Privada;Privado;Dragados;Dragados;AVENIDA;CAMINO DE SANTIAGO;50;28050;Madrid;8;86;40,5078525;-3,6705035;24 horas;;;;;;;;NO;NOT VALID-DUPLICATED;first deleted, not RM_ID, old codification (jul-25) as old-RM086D0088;;;;;;;;;;;;;;
1081;;Centro de trabajo (no administración pública);Privada;Privado;FCC;FCC;AVENIDA;CAMINO DE SANTIAGO;40;28050;Madrid;8;86;40,5067553;-3,6718452;24 horas;;;;;;;;NO;NOT VALID-DUPLICATED;first deleted, not RM_ID, old codification (jul-25) as old-RM086D0092;;;;;;;;;;;;;;
1082;;Centro de trabajo (no administración pública);Privada;Privado;FCC;FCC;AVENIDA;CAMINO DE SANTIAGO;40;28050;Madrid;8;86;40,5067553;-3,6718452;24 horas;;;;;;;;NO;NOT VALID-DUPLICATED;first deleted, not RM_ID, old codification (jul-25) as old-RM086D0093;;;;;;;;;;;;;;
774;;Centro educativo;Privada;Público;Richmond Park School;Richmond Park School Gimnasio;CALLE;COSTA BRAVA;55;28034;Madrid;8;87;40,4967041;-3,7150026;NO;8;18;0;0;0;0;Sí;NO;NOT VALID-DUPLICATED;first deleted, not RM_ID, old codification (jul-25) as old-RM087D0245;;;;;;;;;;;;;;
2796;;Otro establecimiento administración pública;Pública;Público;Ayuntamiento de Madrid;Parque La Rosaleda;CALLE;ROSALEDA;S/N;28008;Madrid;9;91;40,4274206;-3,7221906;NO;7;14;0;0;0;0;No;NO;NOT VALID-DUPLICATED;first deleted, not RM_ID, old codification (jul-25) as old-RM091D0051;;;;;;;;;;;;;;
1009;;Centro educativo;Pública;Público;Ayuntamiento de Madrid;Escuela Municipal de Cerámica de la Moncloa;CALLE;FRANCISCO Y JACINTO ALCÁNTARA;2;28008;Madrid;9;91;40,4267251;-3,7240856;NO;8;15;0;0;0;0;No;NO;NOT ACTIVE;NOT ACTIVE-OTHER BETTER IN SAME BUILDING-first deleted, not RM_ID, old codification (jul-25) as old-RM091D0055;;;;;;;;;;;;;;
2432;;Centro educativo;Pública;Público;Comunidad de Madrid;Instituto Ortega y Gasset;CALLE;SANTA FE;4;28008;Madrid;9;91;40,4316155;-3,7357203;NO;8;20;0;0;0;0;No;NO;NOT VALID-DUPLICATED;first deleted, not RM_ID, old codification (jul-25) as old-RM091D0113;;;;;;;;;;;;;;
1210;;Otro establecimiento administración pública;Pública;Público;Ayuntamiento de Madrid;Faro de Moncloa. Planta baja;AVENIDA;MEMORIA;2;28040;Madrid;9;93;40,4373153;-3,7215761;NO;0;0;0;0;0;0;Sí;NO;NOT VALID-DUPLICATED;first deleted, not RM_ID, old codification (jul-25) as old-RM093D0071;;;;;;;;;;;;;;
1941;;Centro educativo;Privada;Público;PP. Agustinos;Colegio nuestra señora del Buen Consejo ;CALLE;JUAN MONTALVO;30;28040;Madrid;9;93;40,4471178;-3,7125357;NO;9;20;0;0;0;0;No;NO;NOT VALID-DUPLICATED;first deleted, not RM_ID, old codification (jul-25) as old-RM093D0075;;;;;;;;;;;;;;
1886;;Centro de trabajo (no administración pública);Privada;Privado;Enusa;Enusa;CALLE;SANTIAGO RUSIÑOL;12;28040;Madrid;9;93;40,4471629;-3,7170555;24 horas;;;;;;;;NO;NOT VALID-DUPLICATED;first deleted, not RM_ID, old codification (jul-25) as old-RM093D0097;;;;;;;;;;;;;;
967;;Centro educativo;Pública;Público;UNED;UNED facultad de económicas ;PASEO;SENDA DEL REY;11;28040;Madrid;9;93;40,4376226;-3,7363098;NO;7;21;8;15;0;0;No;NO;NOT VALID-DUPLICATED;first deleted, not RM_ID, old codification (jul-25) as old-RM093D0145;;;;;;;;;;;;;;
2271;;Centro educativo;Pública;Público;UCM;Facultad de veterinaria ;AVENIDA;PUERTA DE HIERRO;1;28040;Madrid;9;93;40,4489132;-3,7388743;24 horas;;;;;;;;NO;NOT VALID-DUPLICATED;first deleted, not RM_ID, old codification (jul-25) as old-RM093D0171;;;;;;;;;;;;;;
2196;;Centro deportivo;Pública;Público;Comunidad de Madrid;Club deportivo Puerta de Hierro ;CARRETERA;EL PARDO A LA PLAYA;26;28035;Madrid;9;93;40,4592864;-3,7457247;24 horas;;;;;;;;NO;NOT VALID-DUPLICATED;first deleted, not RM_ID, old codification (jul-25) as old-RM093D0198;;;;;;;;;;;;;;
2198;;Centro deportivo;Pública;Público;Comunidad de Madrid;Club deportivo Puerta de Hierro ;CARRETERA;EL PARDO A LA PLAYA;26;28035;Madrid;9;93;40,4592864;-3,7457247;24 horas;;;;;;;;NO;NOT VALID-DUPLICATED;first deleted, not RM_ID, old codification (jul-25) as old-RM093D0200;;;;;;;;;;;;;;
2199;;Centro deportivo;Pública;Público;Comunidad de Madrid;Club deportivo Puerta de Hierro ;CARRETERA;EL PARDO A LA PLAYA;26;28035;Madrid;9;93;40,4592864;-3,7457247;24 horas;;;;;;;;NO;NOT VALID-DUPLICATED;first deleted, not RM_ID, old codification (jul-25) as old-RM093D0201;;;;;;;;;;;;;;
2200;;Centro deportivo;Pública;Público;Comunidad de Madrid;Club deportivo Puerta de Hierro ;CARRETERA;EL PARDO A LA PLAYA;26;28035;Madrid;9;93;40,4592864;-3,7457247;24 horas;;;;;;;;NO;NOT VALID-DUPLICATED;first deleted, not RM_ID, old codification (jul-25) as old-RM093D0202;;;;;;;;;;;;;;
2201;;Centro deportivo;Pública;Público;Comunidad de Madrid;Centro deportivo Puerta de Hierro;CARRETERA;EL PARDO A LA PLAYA;26;28035;Madrid;9;93;40,4592864;-3,7457247;24 horas;;;;;;;;NO;NOT VALID-DUPLICATED;first deleted, not RM_ID, old codification (jul-25) as old-RM093D0203;;;;;;;;;;;;;;
2049;;Centro educativo;Privada;Público;Mater Salvatoris;Polideportivo Mater Salvatoris;CALLE;VALDESQUÍ;4;28023;Madrid;9;95;40,464598;-3,772037;NO;7;23;7;23;7;23;Sí;NO;NOT VALID-DUPLICATED;first deleted, not RM_ID, old codification (jul-25) as old-RM095D0221;;;;;;;;;;;;;;
2481;;Viviendas;Privada;Privado;Bouco;Apartamentos y residencia BOUCO ;AVENIDA;TALGO;53;28023;Madrid;9;97;40,446865;-3,781723;24 horas;;;;;;;;NO;NOT VALID-DUPLICATED;first deleted, not RM_ID, old codification (jul-25) as old-RM097D0215;;;;;;;;;;;;;;
40;;Centro deportivo;Privada;Público;Paidesport;Paidesport;CALLE;SEPÚLVEDA;3;28011;Madrid;10;101;40,4069617;-3,7261626;NO;9;23;9;18;9;15;No;NO;NOT VALID-DUPLICATED;first deleted, not RM_ID, old codification (jul-25) as old-RM101D0006;;;;;;;;;;;;;;
38;;Centro educativo;Pública;Público;Comunidad de Madrid;CEIP Joaquín Dicenta;PASEO;OLIVOS;70;28011;Madrid;10;102;40,4056033;-3,738244;NO;9;14;0;0;0;0;No;NO;NOT VALID-DUPLICATED;first deleted, not RM_ID, old codification (jul-25) as old-RM102D0044;;;;;;;;;;;;;;
3213;;Centro educativo;Pública;Público;Comunidad de Madrid;I.E.S Eijo y Garay;CALLE;SEVERINO AZNAR EMBID;6;28011;Madrid;10;102;40,407994;-3,738602;NO;8;15;0;0;0;0;No;NO;NOT VALID-DUPLICATED;first deleted, not RM_ID, old codification (jul-25) as old-RM102D0054;;;;;;;;;;;;;;
32;;Viviendas;Privada;Privado;Comunidad de propietarios;Comunidad propietarios Alverja, 5;CALLE;ALVERJA;5;28011;Madrid;10;103;40,4028888;-3,7538313;NO;9;20;0;0;0;0;No;NO;NOT VALID-DUPLICATED;first deleted, not RM_ID, old codification (jul-25) as old-RM103D0091;;;;;;;;;;;;;;
33;;Viviendas;Privada;Privado;Comunidad de propietarios;Comunidad de propietarios Alverja 5;CALLE;ALVERJA;5;28011;Madrid;10;103;40,4028888;-3,7538313;NO;9;20;0;0;0;0;No;NO;NOT VALID-DUPLICATED;first deleted, not RM_ID, old codification (jul-25) as old-RM103D0092;;;;;;;;;;;;;;
199;;Transportes-Metro;Pública;Público;Metro de Madrid;Estación de Metro Aluche;AVENIDA;POBLADOS;S/N;28047;Madrid;10;104;40,385843;-3,761316;NO;6;2;6;2;6;2;No;NO;NOT VALID-DUPLICATED;first deleted, not RM_ID, old codification (jul-25) as old-RM104D0056;;;;;;;;;;;;;;
1412;;Centro educativo;Pública;Público;Comunidad de Madrid;IES LEONARDO DA VINCI;CALLE;BLAS CABRERA;90;28044;Madrid;10;107;40,3780715;-3,7645176;NO;8;21;0;0;0;0;No;NO;NOT VALID-DUPLICATED;first deleted, not RM_ID, old codification (jul-25) as old-RM107D0036;;;;;;;;;;;;;;
1458;;Centro educativo;Pública;Público;Comunidad de Madrid;CEIP ALCALDE DE MOstoles;CALLE;ALDEANUEVA DE LA VERA;9;28044;Madrid;10;107;40,3800036;-3,7764742;NO;9;17;0;0;0;0;No;NO;NOT VALID-DUPLICATED;first deleted, not RM_ID, old codification (jul-25) as old-RM107D0089;;;;;;;;;;;;;;
944;;Transportes-Metro;Pública;Público;Metro de Madrid;Estación de Metro Marqués de Vadillo;GLORIETA;MARQUÉS DE VADILLO;1;28019;Madrid;11;111;40,39767;-3,716355;NO;6;2;6;2;6;2;No;NO;NOT VALID-DUPLICATED;first deleted, not RM_ID, old codification (jul-25) as old-RM111D0051;;;;;;;;;;;;;;
2826;;Centro educativo;Pública;Público;Comunidad de Madrid;CEIP Concepción Arenal;CALLE;ANTONIO LÓPEZ;1;28019;Madrid;11;112;40,3975836;-3,715000006;NO;8;17;0;0;0;0;No;NO;NOT VALID-DUPLICATED;first deleted, not RM_ID, old codification (jul-25) as old-RM112D0040;;;;;;;;;;;;;;
957;;Transportes-Metro;Pública;Público;Metro de Madrid;Estación de Metro Oporto línea 6;GLORIETA;VALLE DE ORO;2;28019;Madrid;11;112;40,38845;-3,73123;NO;6;2;6;2;6;2;No;NO;NOT VALID-DUPLICATED;first deleted, not RM_ID, old codification (jul-25) as old-RM112D0082;;;;;;;;;;;;;;
3020;;Centro comercial;Privada;Público;CC ISLA AZUL;CENTRO COMERCIAL ISLA AZUL;CALLE;CALDERILLA;1;28054;Madrid;11;116;40,3647745;-3,7376713;NO;10;23;10;23;10;23;No;NO;NOT VALID-DUPLICATED;first deleted, not RM_ID, old codification (jul-25) as old-RM116D0005;;;;;;;;;;;;;;
3021;;Centro comercial;Privada;Público;CC ISLA AZUL;HALL PRINCIPAL CC ISLA AZUL;CALLE;CALDERILLA;1;28054;Madrid;11;116;40,3647745;-3,7376713;NO;10;23;10;23;10;23;No;NO;NOT VALID-DUPLICATED;first deleted, not RM_ID, old codification (jul-25) as old-RM116D0006;;;;;;;;;;;;;;
263;;Centro educativo;Pública;Público;Comunidad de Madrid;Escuela Oficial de Idiomas ;CALLE;VALDEBERNARDO;3;28030;Madrid;14;141;40,398558;-3,63308;NO;15;22;0;0;0;0;No;NO;NOT VALID-DUPLICATED;first deleted, not RM_ID, old codification (jul-25) as old-RM141D0011;;;;;;;;;;;;;;
2877;;Centro educativo;Privada;Público;Gredos San Diego;Colegio Gredos San Diego Piscina;CALLE;LUIS DE HOYOS SAINZ;170;28030;Madrid;14;141;40,403569;-3,628279;NO;7;22;0;0;0;0;No;NO;NOT VALID-DUPLICATED;first deleted, not RM_ID, old codification (jul-25) as old-RM141D0013;;;;;;;;;;;;;;
95;;Transportes-Metro;Pública;Público;Metro de Madrid;Estación de Metro Vinateros;CALLE;CAMINO DE LOS VINATEROS;70;28030;Madrid;14;143;40,40985844;-3,650143208;NO;6;2;6;2;6;2;No;NO;NOT VALID-DUPLICATED;first deleted, not RM_ID, old codification (jul-25) as old-RM143D0045;;;;;;;;;;;;;;
2718;;Centro de trabajo (no administración pública);Privada;Público;Axa Seguros;Axa Seguros;CALLE;EMILIO VARGAS;6;28043;Madrid;15;156;40,4479141;-3,6543586;NO;9;21;9;14;0;0;No;NO;NOT VALID-DUPLICATED;first deleted, not RM_ID, old codification (jul-25) as old-RM156D0086;;;;;;;;;;;;;;
2716;;Otro establecimiento administración pública;Pública;Público;Enresa;Enresa;CALLE;EMILIO VARGAS;7;28043;Madrid;15;156;40,4479518;-3,6544159;24 horas;;;;;;;;NO;NOT VALID-DUPLICATED;first deleted, not RM_ID, old codification (jul-25) as old-RM156D0088;;;;;;;;;;;;;;
2721;;Centro de trabajo (no administración pública);Privada;Público;BNP Paribas;BNP Paribas;CALLE;EMILIO VARGAS;4;28043;Madrid;15;156;40,4475278;-3,655242;24 horas;;;;;;;;NO;NOT VALID-DUPLICATED;first deleted, not RM_ID, old codification (jul-25) as old-RM156D0092;;;;;;;;;;;;;;
2734;;Centro de trabajo (no administración pública);Privada;Privado;Allianz compañía de seguros ;Allianz ;CALLE;RAMÍREZ DE ARELLANO;35;28043;Madrid;15;156;40,4474209;-3,6581955;24 horas;;;;;;;;NO;NOT VALID-DUPLICATED;first deleted, not RM_ID, old codification (jul-25) as old-RM156D0108;;;;;;;;;;;;;;
2858;;Otro establecimiento administración pública;Pública;Público;DGT;DGT (Jefatura Provincial de Tráfico);CALLE;ARTURO SORIA;143;28043;Madrid;15;156;40,453681;-3,654742;NO;9;14;0;0;0;0;No;NO;NOT VALID-DUPLICATED;first deleted, not RM_ID, old codification (jul-25) as old-RM156D0115;;;;;;;;;;;;;;
962;;Centro de trabajo (no administración pública);Privada;Privado;AENA AEROPUERTOS;AENA EDIFICIO PIOVERA AZUL;CALLE;PEONÍAS;12;28042;Madrid;16;161;40,4506152;-3,6160715;NO;8;20;0;0;0;0;Sí;NO;NOT VALID-DUPLICATED;first deleted, not RM_ID, old codification (jul-25) as old-RM161D0003;;;;;;;;;;;;;;
984;;Centro comercial;Privada;Público;El Corte Inglés;Corte Inglés Campo de las Naciones;AVENIDA;ANDES;50;28042;Madrid;16;161;40,456406;-3,6184726;NO;10;21;10;21;11;20;No;NO;NOT VALID-DUPLICATED;first deleted, not RM_ID, old codification (jul-25) as old-RM161D0010;;;;;;;;;;;;;;
1113;;Centro de trabajo (no administración pública);Privada;Privado;Banco de Santander;Edificio Banco de Santander;CALLE;ABELIAS;1;28042;Madrid;16;161;40,4515123;-3,6252522;NO;7;18;0;0;0;0;No;NO;NOT VALID-DUPLICATED;first deleted, not RM_ID, old codification (jul-25) as old-RM161D0014;;;;;;;;;;;;;;
2395;;Centro comercial;Privada;Público;CC Palacio de Hielo;CC Palacio de Hielo;CALLE;SILVANO;77;28043;Madrid;16;163;40,4627855;-3,6366946;NO;10;2;10;2;10;2;No;NO;NOT VALID-DUPLICATED;first deleted, not RM_ID, old codification (jul-25) as old-RM163D0034;;;;;;;;;;;;;;
3070;;Viviendas;Privada;Privado;COMUNIDAD DE PROPIETARIOS PLAZA DE PATRICIA AGUADO 2;Comunidad de propietarios Plaza Patricio Aguado 2;PLAZA;PATRICIO AGUADO;2;28043;Madrid;16;163;40,4643933;-3,637294;24 horas;;;;;;;;NO;NOT VALID-DUPLICATED;first deleted, not RM_ID, old codification (jul-25) as old-RM163D0048;;;;;;;;;;;;;;
2367;;Otro establecimiento administración pública;Pública;Público;Ayuntamiento de Madrid;Centro de día Concepción Arenal;CALLE;JAVIER DEL QUINTO;12;28043;Madrid;16;163;40,4666245;-3,6422313;NO;8;18;0;0;0;0;No;NO;NOT VALID-DUPLICATED;first deleted, not RM_ID, old codification (jul-25) as old-RM163D0085;;;;;;;;;;;;;;
2177;;Centro educativo;Pública;Público;Comunidad de Madrid;CEP PRINCESA SOFÍA ;CARRETERA;CANILLAS;51;28043;Madrid;16;163;40,46413025;-3,645063451;NO;9;16;0;0;0;0;No;NO;NOT VALID-DUPLICATED;first deleted, not RM_ID, old codification (jul-25) as old-RM163D0090;;;;;;;;;;;;;;
2860;;Otro establecimiento administración pública;Pública;Público;Ayuntamiento de Madrid;Junta Distrito Hortaleza;CARRETERA;CANILLAS;2;28043;Madrid;16;163;40,463002;-3,657302;NO;7;18;0;0;0;0;No;NO;NOT VALID-DUPLICATED;first deleted, not RM_ID, old codification (jul-25) as old-RM163D0132;;;;;;;;;;;;;;
2243;;Centro educativo;Pública;Público;Comunidad de Madrid;CEIP Pablo Picasso;CALLE;ÁNGEL LUIS DE LA HERRÁN;35;28043;Madrid;16;164;40,47076725;-3,647144142;NO;9;20;0;0;0;0;No;NO;NOT VALID-DUPLICATED;first deleted, not RM_ID, old codification (jul-25) as old-RM164D0127;;;;;;;;;;;;;;
2101;;Centro de trabajo (no administración pública);Privada;Privado;Edificio F, ING;Edificio F;CALLE;VÍA DE LOS POBLADOS;1;28033;Madrid;16;166;40,47652348;-3,635873877;24 horas;;;;;;;;NO;NOT VALID-DUPLICATED;first deleted, not RM_ID, old codification (jul-25) as old-RM166D0105;;;;;;;;;;;;;;
1207;;Viviendas;Privada;Privado;Comunidad de propietarios;Edificio ;CALLE;PRINCESA DE ÉBOLI;9;28050;Madrid;16;166;40,4862596;-3,655680036;24 horas;;;;;;;;NO;NOT VALID-DUPLICATED;first deleted, not RM_ID, old codification (jul-25) as old-RM166D0169;;;;;;;;;;;;;;
1234;;Centro de trabajo (no administración pública);Privada;Privado;Clece;Clece;AVENIDA;MANOTERAS;46;28050;Madrid;16;166;40,48757244;-3,664001627;24 horas;;;;;;;;NO;NOT VALID-DUPLICATED;first deleted, not RM_ID, old codification (jul-25) as old-RM166D0207;;;;;;;;;;;;;;
2703;;Centro de trabajo (no administración pública);Privada;Privado;Movility Ado;Grupo avanza ;CALLE;SAN NORBERTO;48;28021;Madrid;17;171;40,34014554;-3,7055395;24 horas;;;;;;;;NO;NOT VALID-DUPLICATED;first deleted, not RM_ID, old codification (jul-25) as old-RM171D0042;;;;;;;;;;;;;;
2677;;Centro de trabajo (no administración pública);Privada;Privado;Empresa TKE;Empresa THYSSENKRUPP elevadores ;CALLE;CIFUENTES;S/N;28021;Madrid;17;175;40,3486044;-3,6976799;NO;8;18;8;14;0;0;Sí;NO;NOT VALID-DUPLICATED;first deleted, not RM_ID, old codification (jul-25) as old-RM175D0046;;;;;;;;;;;;;;
1793;;Transportes-Metro;Pública;Público;Metro de Madrid;Estación de Metro Ciudad de los Ángeles;PASEO;GIGANTES Y CABEZUDOS;2;28041;Madrid;17;175;40,36002848;-3,69366346;NO;6;2;6;2;6;2;No;NO;NOT VALID-DUPLICATED;first deleted, not RM_ID, old codification (jul-25) as old-RM175D0065;;;;;;;;;;;;;;
1792;;Transportes-Renfe;Privada;Público;ADIF;Estación de Cercanías Puente Alcocer;CALLE;ALCOCER;S/N;28041;Madrid;17;175;40,35040024;-3,705163566;NO;5;0;6;0;6;0;No;NO;NOT VALID-DUPLICATED;first deleted, not RM_ID, old codification (jul-25) as old-RM175D0074;;;;;;;;;;;;;;
1375;;Centro de trabajo (no administración pública);Privada;Privado;Securitas Seguridad España;Edificio Securitas ;CALLE;ENTREPEÑAS;27;28051;Madrid;18;183;40,3711733;-3,6055699;NO;8;18;0;0;0;0;No;NO;NOT VALID-DUPLICATED;first deleted, not RM_ID, old codification (jul-25) as old-RM183D0027;;;;;;;;;;;;;;
638;;Otro;Pública;Privado;emergia;emergia;CALLE;CABEZA MESADA;5;28031;Madrid;18;183;40,3764644;-3,6293208;24 horas;;;;;;;;NO;NOT VALID-DUPLICATED;first deleted, not RM_ID, old codification (jul-25) as old-RM183D0051;;;;;;;;;;;;;;
1668;;Centro de trabajo (no administración pública);Privada;Privado;Prosegur;Prosegur;CALLE;COLUMBA;15;28052;Madrid;19;191;40,40028377;-3,587489217;24 horas;;;;;;;;NO;NOT VALID-DUPLICATED;first deleted, not RM_ID, old codification (jul-25) as old-RM191D0020;;;;;;;;;;;;;;
328;;Viviendas;Privada;Privado;Comunidad de propietarios;URBANIZACION;CALLE;CONCEJAL VICTORINO GRANIZO;71-105;28052;Madrid;19;194;40,401316;-3,561483;24 horas;;;;;;;;NO;NOT VALID-DUPLICATED;first deleted, not RM_ID, old codification (jul-25) as old-RM194D0003;;;;;;;;;;;;;;
2676;;Centro de trabajo (no administración pública);Privada;Privado;Intecsa-Inarsa;Intecsa;CALLE;JULIÁN CAMARILLO;42;28037;Madrid;20;201;40,436711;-3,620784;NO;8;17;0;0;0;0;No;NO;NOT VALID-DUPLICATED;first deleted, not RM_ID, old codification (jul-25) as old-RM201D0113;;;;;;;;;;;;;;
2654;;Centro de trabajo (no administración pública);Privada;Privado;Roche Pharma;Roche;CALLE;OSIRIS;13;28037;Madrid;20;201;40,441354;-3,6173173;NO;7;19;0;0;0;0;No;NO;NOT VALID-DUPLICATED;first deleted, not RM_ID, old codification (jul-25) as old-RM201D0116;;;;;;;;;;;;;;
2325;;Centro de trabajo (no administración pública);Privada;Privado;Garita de seguridad de oficinas;Centro de oficinas;CALLE;JULIÁN CAMARILLO;29;28037;Madrid;20;201;40,4346836;-3,6286469;24 horas;;;;;;;;NO;NOT VALID-DUPLICATED;first deleted, not RM_ID, old codification (jul-25) as old-RM201D0139;;;;;;;;;;;;;;
3416;;Centro de trabajo (no administración pública);Privada;Privado;El Corte Inglés;Edificio Corte inglés. Hall entrada ;CALLE;ALFONSO GÓMEZ;8;28037;Madrid;20;201;40,438185;-3,628691;24 horas;;;;;;;;NO;NOT VALID-DUPLICATED;first deleted, not RM_ID, old codification (jul-25) as old-RM201D0162;;;;;;;;;;;;;;
1602;;Centro de trabajo (no administración pública);Privada;Privado;Realia;Edificio ;CALLE;ALBASANZ;16;28037;Madrid;20;201;40,4361999;-3,6310203;24 horas;;;;;;;;NO;NOT VALID-DUPLICATED;first deleted, not RM_ID, old codification (jul-25) as old-RM201D0165;;;;;;;;;;;;;;
1612;;Centro de trabajo (no administración pública);Privada;Privado;Bosch;Bosch;CALLE;HERMANOS GARCÍA NOBLEJAS;19;28037;Madrid;20;201;40,43490157;-3,635554119;24 horas;;;;;;;;NO;NOT VALID-DUPLICATED;first deleted, not RM_ID, old codification (jul-25) as old-RM201D0172;;;;;;;;;;;;;;
1614;;Centro de trabajo (no administración pública);Privada;Privado;Empresa;Empresa ;CALLE;HERMANOS GARCÍA NOBLEJAS;19;28037;Madrid;20;201;40,43490157;-3,635554119;24 horas;;;;;;;;NO;NOT VALID-DUPLICATED;first deleted, not RM_ID, old codification (jul-25) as old-RM201D0173;;;;;;;;;;;;;;
1616;;Centro de trabajo (no administración pública);Privada;Privado;Empresas;Comedor privado ;CALLE;HERMANOS GARCÍA NOBLEJAS;19;28037;Madrid;20;201;40,43490157;-3,635554119;24 horas;;;;;;;;NO;NOT VALID-DUPLICATED;first deleted, not RM_ID, old codification (jul-25) as old-RM201D0174;;;;;;;;;;;;;;
246;;Centro educativo;Pública;Público;Comunidad de Madrid;CEIP El Sol - Edificio residencial;AVENIDA;CANILLEJAS A VICÁLVARO;82;28022;Madrid;20;204;40,4239845;-3,6116471;NO;9;16;0;0;0;0;No;NO;NOT VALID-DUPLICATED;first deleted, not RM_ID, old codification (jul-25) as old-RM204D0065;;;;;;;;;;;;;;
802;;Centro deportivo;Privada;Público;Gimnasio Vivagym;Gimnasio Vivagym;CALLE;AQUITANIA;7;28032;Madrid;20;204;40,41831;-3,62037;NO;6;23;8;21;8;21;No;NO;NOT VALID-DUPLICATED;first deleted, not RM_ID, old codification (jul-25) as old-RM204D0074;;;;;;;;;;;;;;
222;;Centro educativo;Pública;Público;Comunidad de Madrid;IES Las Musas - Pabellón 1;CALLE;CARLOS II;S/N;28022;Madrid;20;205;40,4280456;-3,60783;NO;8;20;0;0;0;0;No;NO;NOT VALID-DUPLICATED;first deleted, not RM_ID, old codification (jul-25) as old-RM205D0068;;;;;;;;;;;;;;
935;;Hotel, hostal, alojamiento;Privada;Público;Meliá hoteles;Madrid Airport Suites;CALLE;LOLA FLORES;16;28022;Madrid;20;206;40,445653;-3,543162;24 horas;;;;;;;;NO;NOT VALID-DUPLICATED;first deleted, not RM_ID, old codification (jul-25) as old-RM206D0002;;;;;;;;;;;;;;
804;;Hotel, hostal, alojamiento;Privada;Público;Cadena Marriott ;Marriott Hotel Auditorium ;AVENIDA;ARAGÓN;400;28022;Madrid;20;206;40,448262;-3,557913;24 horas;;;;;;;;NO;NOT VALID-DUPLICATED;first deleted, not RM_ID, old codification (jul-25) as old-RM206D0020;;;;;;;;;;;;;;
788;;Centro de trabajo (no administración pública);Privada;Privado;Iberdrola inmobiliaria sau;A2 Plaza;CALLE;NANCLARES DE OCA;5;28022;Madrid;20;206;40,446541;-3,574655;24 horas;;;;;;;;NO;NOT VALID-DUPLICATED;first deleted, not RM_ID, old codification (jul-25) as old-RM206D0026;;;;;;;;;;;;;;
1362;;Hotel, hostal, alojamiento;Privada;Público;Hotel Axor Barajas;Hotel Axor Barajas;CALLE;CAMPEZO;8;28022;Madrid;20;206;40,4463;-3,5834;24 horas;;;;;;;;NO;NOT VALID-DUPLICATED;first deleted, not RM_ID, old codification (jul-25) as old-RM206D0041;;;;;;;;;;;;;;
3535;;Transportes-Metro;Pública;Público;Comunidad de Madrid;Estación de Metro Núñez de Balboa;CALLE;VELÁZQUEZ;92;28006;Madrid;4;46;40,432822;-3,683061;NO;6;2;6;2;6;2;No;NO;NOT VALID-DUPLICATED;first deleted, not RM_ID, old codification (jul-25) as old-RM206D0044;;;;;;;;;;;;;;
3539;;Transportes-Metro;Pública;Público;Comunidad de Madrid;Estación de Metro Cuzco;PASEO;CASTELLANA;125;28046;Madrid;6;63;40,458377;-3,690352;NO;6;2;6;2;6;2;No;NO;NOT VALID-DUPLICATED;first deleted, not RM_ID, old codification (jul-25) as old-RM206D0044;;;;;;;;;;;;;;
3424;;Centro de trabajo (no administración pública);Privada;Público;Empresas;Complejo empresarial Campezo 1;CALLE;CAMPEZO;1;28022;Madrid;20;206;40,4486262;-3,5820425;24 horas;;;;;;;;NO;NOT VALID-DUPLICATED;first deleted, not RM_ID, old codification (jul-25) as old-RM206D0044;;;;;;;;;;;;;;
726;;Viviendas;Privada;Privado;Comunidad de propietarios calle Pirra 18;Frente a entrada principal de CC Plenilunio ;CALLE;PIRRA;18;28022;Madrid;20;206;40,444993;-3,587495;24 horas;;;;;;;;NO;NOT VALID-DUPLICATED;first deleted, not RM_ID, old codification (jul-25) as old-RM206D0049;;;;;;;;;;;;;;
1371;;Centro deportivo;Privada;Público;Metropolitan;Gimnasio;CALLE;ARACNE;3;28022;Madrid;20;206;40,44686812;-3,587788516;NO;7;22;9;22;9;21;No;NO;NOT VALID-DUPLICATED;first deleted, not RM_ID, old codification (jul-25) as old-RM206D0058;;;;;;;;;;;;;;
1373;;Centro comercial;Privada;Público;CC Plenilunio;Centro comercial Plenilunio;CALLE;ARACNE;3;28022;Madrid;20;206;40,44789726;-3,587372954;NO;9;0;0;9;0;0;Sí;NO;NOT VALID-DUPLICATED;first deleted, not RM_ID, old codification (jul-25) as old-RM206D0060;;;;;;;;;;;;;;
1377;;Centro comercial;Privada;Público;Primark;Tienda Primark;CALLE;ARACNE;1;28022;Madrid;20;206;40,44791498;-3,58743207;24 horas;;;;;;;;NO;NOT VALID-DUPLICATED;first deleted, not RM_ID, old codification (jul-25) as old-RM206D0061;;;;;;;;;;;;;;
752;;Transportes-Metro;Pública;Privado;Metro de Madrid;Metro-Depósito Canillejas-Taller;CALLE;NÉCTAR;44;28022;Madrid;20;207;40,443317;-3,605661;24 horas;;;;;;;;NO;NOT VALID-DUPLICATED;first deleted, not RM_ID, old codification (jul-25) as old-RM207D0099;;;;;;;;;;;;;;
745;;Transportes-Metro;Pública;Privado;Metro de Madrid;Metro-Depósito Canillejas-Oficina;CALLE;NÉCTAR;44;28022;Madrid;20;207;40,444044;-3,606084;24 horas;;;;;;;;NO;NOT VALID-DUPLICATED;first deleted, not RM_ID, old codification (jul-25) as old-RM207D0101;;;;;;;;;;;;;;
749;;Transportes-Metro;Pública;Privado;Metro de Madrid;Metro-Depósito Canillejas-Almacén;CALLE;NÉCTAR;44;28022;Madrid;20;207;40,443728;-3,606682;24 horas;;;;;;;;NO;NOT VALID-DUPLICATED;first deleted, not RM_ID, old codification (jul-25) as old-RM207D0102;;;;;;;;;;;;;;
746;;Transportes-Metro;Pública;Privado;Metro de Madrid ;Metro-Depósito Canillejas-Formación;CALLE;NÉCTAR;44;28022;Madrid;20;207;40,445271;-3,605594;24 horas;;;;;;;;NO;NOT VALID-DUPLICATED;first deleted, not RM_ID, old codification (jul-25) as old-RM207D0103;;;;;;;;;;;;;;
1359;;Otro;Privada;Público;DGT;dgt ciudad lineal;CALLE;JOSEFA VALCÁRCEL;28;28027;Madrid;20;208;40,4491865;-3,6444528;24 horas;;;;;;;;NO;NOT VALID-DUPLICATED;first deleted, not RM_ID, old codification (jul-25) as old-RM208D0179;;;;;;;;;;;;;;
2412;;Centro de trabajo (no administración pública);Privada;Privado;WFS;WFS;AVENIDA;CENTRAL;37;28042;Madrid;21;212;40,455385;-3,578624;24 horas;;;;;;;;NO;NOT VALID-DUPLICATED;first deleted, not RM_ID, old codification (jul-25) as old-RM212D0013;;;;;;;;;;;;;;
2759;;Hotel, hostal, alojamiento;Privada;Público;Hotel Melia ;Melia Barajas;AVENIDA;LOGROÑO;305;28042;Madrid;21;214;40,469574;-3,5821271;24 horas;;;;;;;;NO;NOT VALID-DUPLICATED;first deleted, not RM_ID, old codification (jul-25) as old-RM214D0026;;;;;;;;;;;;;;
617;;Otro;Privada;Público;Cerrado definitivamente ;Empresa no existe;CALLE;HERMOSILLA;64;28001;Madrid;4;42;40,426039;-3,679383;NO;0;0;0;0;0;0;No;NO;NOT VALID;never got RM_ID;;;;;;;;;;;;;;
2522;;Transportes-Renfe;Pública;Público;ADIF;Estación de autobuses Chamartín ;CALLE;AGUSTÍN DE FOXÁ;46;28046;Madrid;5;56;40,47265693;-3,681998066;24 horas;;;;;;;;NO;NOT VALID;never got RM_ID;;;;;;;;;;;;;;
667;;Transportes-Aeropuerto;Privada;Privado;AENA ;Camión bomberos AENA ;CARRETERA;BARRIO DE LA FORTUNA;20;28054;Madrid;10;106;40,36741051;-3,775374827;24 horas;;;;;;;;NO;NOT VALID;never got RM_ID;;;;;;;;;;;;;;
3304;;Centro educativo;Pública;Público;Comunidad de Madrid;Colegio Ciudad de jaen;CALLE;MADRE ROSA BLANCO;3;28041;Madrid;12;122;40,37138;-3,70168;NO;8;14;0;0;0;0;No;NO;NOT VALID;never got RM_ID;;;;;;;;;;;;;;
775;;Centro comercial;Privada;Público;No existe el DEA ;No existe ;CALLE;ESTANISLAO PÉREZ PITA;23;28055;Madrid;16;166;40,4893538;-3,610660204;24 horas;;;;;;;;NO;NOT VALID;never got RM_ID;;;;;;;;;;;;;;
750;;Transportes-Metro;Pública;Privado;Metro de Madrid;Metro-Depósito Canillejas-Pasillo acceso norte;CALLE;NÉCTAR;44;28022;Madrid;20;207;40,445076;-3,607238;24 horas;;;;;;;;NO;NOT VALID;never got RM_ID;;;;;;;;;;;;;;
756;;Transportes-Metro;Pública;Público;Metro de Madrid;Estación de Metro Valdebebas;AVENIDA;LAS FUERZAS ARMADAS;S/N;28055;Madrid;21;214;40,481921;-3,611116;NO;6;0;6;0;6;0;No;NO;NOT VALID;never got RM_ID;;;;;;;;;;;;;;
3336;RM012D0001;Otro establecimiento administración pública;Pública;Público;Museo Reina Sofía;Museo Reina Sofía;CALLE;SANTA ISABEL;52;28012;Madrid;1;12;40,40763;-3,693768;NO;10;20;10;20;10;20;Sí;YES;;;44,101398;0001;012;0001;012;RM012D0001;;;;;;;;
3461;RM012D0002;Transportes-Metro;Pública;Público;Comunidad de Madrid;Estación de Metro Estación del Arte;PLAZA;EMPERADOR CARLOS V;11;28012;Madrid;1;12;40,408981;-3,692507;NO;6;2;6;2;6;2;No;YES;;;44,101488;0002;012;0002;012;RM012D0002;;;;;;;;
48;RM012D0003;Hotel, hostal, alojamiento;Privada;Público;Hotel SLEEP'N ATOCHA;SLEEP'N ATOCHA;CALLE;DOCTOR DRUMEN;4;28012;Madrid;1;12;40,409081;-3,693087;24 horas;;;;;;;;YES;;;44,102168;0003;012;0003;012;RM012D0003;;;;;;;;
201;RM012D0004;Otro;Pública;Público;Ministerio de Cultura;Museo Reina Sofía ;CALLE;SANTA ISABEL;52;28012;Madrid;1;12;40,408614;-3,693962;24 horas;;;;;;;;YES;;;44,102576;0004;012;0004;012;RM012D0004;;;;;;;;
1536;RM013D0005;Hotel, hostal, alojamiento;Privada;Público;Hoteles NH;Hotel NC Nacional;PASEO;PRADO;48;28014;Madrid;1;13;40,4099668;-3,6926535;24 horas;;;;;;;;YES;;;44,1026203;0005;013;0005;013;RM013D0005;;;;;;;;
50;RM012D0006;Centro educativo;Pública;Público;Real conservatorio superior;Real conservatorio superior;CALLE;DOCTOR MATA;2;28012;Madrid;1;12;40,409161;-3,694279;NO;8;22;0;0;0;0;No;NO;;;44,10344;0006;012;0006;012;RM012D0006;;;;;;;;
2168;RM013D0007;Centro educativo;Pública;Público;Comunidad de Madrid;CEIP Palacio Valdés;PASEO;PRADO;38;28014;Madrid;1;13;40,4107883;-3,6929468;NO;8;14;0;0;0;0;No;NO;;;44,1037351;0007;013;0007;013;RM013D0007;;;;;;;;
1527;RM013D0008;Otro establecimiento administración pública;Pública;Público;Ayuntamiento de Madrid;Centro Cultural Municipal Serreria Belga;CALLE;ALAMEDA;15;28014;Madrid;1;13;40,4103163;-3,693836;NO;11;20;11;20;11;18;Sí;YES;;;44,1041523;0008;013;0008;013;RM013D0008;;;;;;;;
55;RM012D0009;Otro;Pública;Público;Instituto Nacional de Administración Pública ;Instituto nacional de administración pública ;CALLE;ATOCHA;106;28012;Madrid;1;12;40,409479;-3,694788;NO;9;14;0;0;0;0;No;NO;;;44,104267;0009;012;0009;012;RM012D0009;;;;;;;;
2172;RM013D0010;Centro de trabajo (no administración pública);Privada;Público;Impact hub madrid;Coworking - Impact Hub;CALLE;ALAMEDA;22;28014;Madrid;1;13;40,4104661;-3,693899;NO;9;18;0;0;0;0;No;NO;;;44,1043651;0010;013;0010;013;RM013D0010;;;;;;;;
1518;RM013D0011;Hotel, hostal, alojamiento;Privada;Público;Soho Hotels;Hotel Mora;PASEO;PRADO;32;28014;Madrid;1;13;40,4112769;-3,69309;24 horas;;;;;;;;YES;;;44,1043669;0011;013;0011;013;RM013D0011;;;;;;;;
1539;RM013D0012;Otro;Privada;Público;Fundación la Caixa ;Caixa Forum;PASEO;PRADO;36;28014;Madrid;1;13;40,4111033;-3,6935084;NO;10;22;10;22;10;22;Sí;YES;;;44,1046117;0012;013;0012;013;RM013D0012;;;;;;;;
57;RM013D0013;Hotel, hostal, alojamiento;Privada;Público;Hotel Atocha;Hotel Atocha ;CALLE;ATOCHA;107;28012;Madrid;1;13;40,410476;-3,695191;24 horas;;;;;;;;YES;;;44,105667;0013;013;0013;013;RM013D0013;;;;;;;;
192;RM012D0014;Centro educativo;Privada;Público;Colegio Santa Isabel;Colegio Santa Isabel;CALLE;SANTA ISABEL;46;28012;Madrid;1;12;40,409706;-3,696673;NO;8;19;0;0;0;0;No;NO;;;44,106379;0014;012;0014;012;RM012D0014;;;;;;;;
1537;RM013D0015;Hotel, hostal, alojamiento;Privada;Público;Raddison Hotel Group;Hotel Radisson Blue Prado;CALLE;MORATÍN;52;28014;Madrid;1;13;40,4125967;-3,6940791;24 horas;;;;;;;;YES;;;44,1066758;0015;013;0015;013;RM013D0015;;;;;;;;
180;RM012D0016;Otro;Pública;Público;Renfe;Fundación Ferrocarriles;CALLE;SANTA ISABEL;44;28012;Madrid;1;12;40,409972;-3,697103;NO;7;15;0;0;0;0;No;NO;;;44,107075;0016;012;0016;012;RM012D0016;;;;;;;;
1538;RM013D0017;Otro establecimiento administración pública;Pública;Público;Administración General del Estado;Ministerio de Sanidad ;PASEO;PRADO;18;28014;Madrid;1;13;40,4133745;-3,693832;NO;7;19;0;0;0;0;Sí;YES;;;44,1072065;0017;013;0017;013;RM013D0017;;;;;;;;
2163;RM013D0018;Otro;Privada;Público;Comisiones Obreras Madrid;Comisiones Obreras Madrid;CALLE;LOPE DE VEGA;38;28014;Madrid;1;13;40,4137347;-3,6949622;NO;7;21;0;0;0;0;No;NO;;;44,1086969;0018;013;0018;013;RM013D0018;;;;;;;;
1055;RM012D0019;Hotel, hostal, alojamiento;Privada;Público;Ibis hotels;Hotel IBIS budget Lavapies;CALLE;VALENCIA;8;28012;Madrid;1;12;40,4079993;-3,7007219;24 horas;;;;;;;;YES;;;44,1087212;0019;012;0019;012;RM012D0019;;;;;;;;
2194;RM013D0020;Hotel, hostal, alojamiento;Privada;Público;Mercure SL;Hotel Mercure Centro;CALLE;LOPE DE VEGA;49;28014;Madrid;1;13;40,4137786;-3,6949575;24 horas;;;;;;;;YES;;;44,1087361;0020;013;0020;013;RM013D0020;;;;;;;;
1057;RM012D0021;Otro establecimiento administración pública;Pública;Público;Ministerio de Cultura;Teatro Valle Inclán - Centro Dramático Nacional;PLAZA;ANA DIOSDADO;S/N;28012;Madrid;1;12;40,4082438;-3,7005311;NO;14;20;14;20;14;20;No;NO;;;44,1087749;0021;012;0021;012;RM012D0021;;;;;;;;
3080;RM012D0022;Centro educativo;Privada;Público;colegio san alfonso;colegio san alfonso;CALLE;MESÓN DE PAREDES;78;28012;Madrid;1;12;40,406767;-3,702048;NO;8;19;0;0;0;0;No;NO;NOT VALID-DUPLICATED;it was RM012D0022 iqual to RM012D0024;44,108815;0022;012;0022;012;RM012D0022;;;;;;;;
1059;RM012D0023;Centro educativo;Pública;Público;UNED;UNED Humanidades - Gregorio Marañón;CALLE;ARGUMOSA;3;28012;Madrid;1;12;40,4084769;-3,7004919;NO;9;22;0;0;0;0;No;NO;;;44,1089688;0023;012;0023;012;RM012D0023;;;;;;;;
3393;RM012D0024;Centro educativo;Privada;Público;Colegio San Alfonso;Colegio San Alfonso;CALLE;MESÓN DE PAREDES;78;28012;Madrid;1;12;40,4069085;-3,7021413;NO;9;17;0;0;0;0;No;NO;;;44,1090498;0024;012;0024;012;RM012D0024;;;;;;;;
1053;RM012D0025;Centro educativo;Pública;Público;Comunidad de Madrid;Instituto Cervantes;CALLE;EMBAJADORES;70;28012;Madrid;1;12;40,4059533;-3,7031513;NO;8;21;0;0;0;0;No;NO;;;44,1091046;0025;012;0025;012;RM012D0025;;;;;;;;
1062;RM012D0026;Transportes-Metro;Pública;Público;Metro de Madrid;Estación de Metro Lavapiés;PLAZA;LAVAPIÉS;S/N;28012;Madrid;1;12;40,408464;-3,700736;NO;6;2;6;2;6;2;No;YES;;;44,1092;0026;012;0026;012;RM012D0026;;;;;;;;
58;RM013D0027;Hotel, hostal, alojamiento;Privada;Público;Casa de las Artes;Casa de las artes ;CALLE;ATOCHA;83;28012;Madrid;1;13;40,411694;-3,697602;24 horas;;;;;;;;YES;;;44,109296;0027;013;0027;013;RM013D0027;;;;;;;;
60;RM013D0028;Hotel, hostal, alojamiento;Privada;Público;Hotel casa de las Artes;Casa de las artes 1 planta;CALLE;ATOCHA;83;28012;Madrid;1;13;40,411694;-3,697602;24 horas;;;;;;;;YES;;;44,109296;0028;013;0028;013;RM013D0028;;;;;;;;
61;RM013D0029;Hotel, hostal, alojamiento;Privada;Público;Casa de las Artes edificio Moratin;3 planta edif Moratin;CALLE;ATOCHA;83;28012;Madrid;1;13;40,411694;-3,697602;24 horas;;;;;;;;YES;;;44,109296;0029;013;0029;013;RM013D0029;;;;;;;;
63;RM013D0030;Hotel, hostal, alojamiento;Privada;Público;Edificio Moratin plant -1 personal;Planta personal ;CALLE;ATOCHA;83;28012;Madrid;1;13;40,411694;-3,697602;24 horas;;;;;;;;YES;;;44,109296;0030;013;0030;013;RM013D0030;;;;;;;;
1516;RM013D0031;Hotel, hostal, alojamiento;Privada;Público;Hoteles NH;Hotel NH Prado (Neptuno);PLAZA;CÁNOVAS DEL CASTILLO;4;28014;Madrid;1;13;40,4147919;-3,694752391;24 horas;;;;;;;;YES;;;44,10954429;0031;013;0031;013;RM013D0031;;;;;;;;
1045;RM012D0032;Centro educativo;Pública;Público;Comunidad de Madrid;Escuela Oficial de Idiomas;CALLE;EMBAJADORES;68;28012;Madrid;1;12;40,4063786;-3,7033863;NO;15;21;0;0;0;0;No;NO;;;44,1097649;0032;012;0032;012;RM012D0032;;;;;;;;
64;RM013D0033;Hotel, hostal, alojamiento;Privada;Público;Hotel Catalonia;Hotel Catalonia;CALLE;ATOCHA;81;28012;Madrid;1;13;40,411861;-3,697908;24 horas;;;;;;;;YES;;;44,109769;0033;013;0033;013;RM013D0033;;;;;;;;
1510;RM013D0034;Hotel, hostal, alojamiento;Privada;Público;Hotel Palace;Hotel Palace - Entrada Empleados - Centro Seguridad;CALLE;CERVANTES;25;28014;Madrid;1;13;40,4144873;-3,6955238;24 horas;;;;;;;;YES;;;44,1100111;0034;013;0034;013;RM013D0034;;;;;;;;
1039;RM012D0035;Centro deportivo;Privada;Público;ALRI de Pablo y Suarez SL;Estudio de Yoga ARIMA;CALLE;EMBAJADORES;49;28012;Madrid;1;12;40,4068571;-3,7034544;NO;8;21;0;0;0;0;No;NO;;;44,1103115;0035;012;0035;012;RM012D0035;;;;;;;;
1032;RM012D0036;Centro educativo;Pública;Público;UNED;UNED - Escuelas Pías ;CALLE;TRIBULETE;14;28012;Madrid;1;12;40,407662;-3,7029414;NO;9;22;0;0;0;0;Sí;YES;;;44,1106034;0036;012;0036;012;RM012D0036;;;;;;;;
184;RM012D0037;Otro;Privada;Privado;Filmoteca española ;Cine Dore;CALLE;SANTA ISABEL;3;28012;Madrid;1;12;40,4116411;-3,699037;Unknown;;;;;;;;NO;;;44,1106781;0037;012;0037;012;RM012D0037;;;;;;;;
1513;RM013D0038;Otro;Privada;Público;Fundación Thyssen - Bornemizsa;Museo Nacional Thyssen-Bornemizsa;PASEO;PRADO;8;28014;Madrid;1;13;40,416356;-3,694591;NO;10;19;10;23;10;19;Sí;YES;;;44,110947;0038;013;0038;013;RM013D0038;;;;;;;;
265;RM011D0039;Otro establecimiento administración pública;Pública;Público;Madrid Destino;Madrid Destino;CALLE;SEÑORES DE LUZÓN;10;28013;Madrid;1;11;40,416381;-3,694656;NO;8;20;0;0;0;0;No;NO;;;44,111037;0039;011;0039;011;RM011D0039;;;;;;;;
1508;RM013D0040;Hotel, hostal, alojamiento;Privada;Público;Hotel Palace;Hotel Palace;PLAZA;CORTES;7;28014;Madrid;1;13;40,4155002;-3,6958339;24 horas;;;;;;;;YES;;;44,1113341;0040;013;0040;013;RM013D0040;;;;;;;;
2260;RM013D0041;Otro establecimiento administración pública;Pública;Público;Ministerio de Economía y Comercio;Dirección General del Tesoro Público;PASEO;PRADO;6;28014;Madrid;1;13;40,4168771;-3,6944898;NO;7;20;0;0;0;0;Sí;YES;;;44,1113669;0041;013;0041;013;RM013D0041;;;;;;;;
2258;RM013D0042;Otro establecimiento administración pública;Pública;Público;Ministerio de Economía y Comercio;ICO - Instituto de Crédito Oficial;PASEO;PRADO;6;28014;Madrid;1;13;40,417155;-3,6943542;NO;7;21;0;0;0;0;Sí;YES;;;44,1115092;0042;013;0042;013;RM013D0042;;;;;;;;
3328;RM013D0043;Otro;Privada;Público;Fundación ICO;Instituto de Crédito Oficial;PASEO;PRADO;4;28014;Madrid;1;13;40,417223;-3,694299;NO;7;21;7;21;10;14;No;NO;;;44,111522;0043;013;0043;013;RM013D0043;;;;;;;;
65;RM013D0044;Otro;Privada;Privado;Teatro monumental ;Teatro Monumental ;CALLE;ATOCHA;65;28012;Madrid;1;13;40,412429;-3,699095;NO;10;14;0;0;0;0;No;NO;;;44,111524;0044;013;0044;013;RM013D0044;;;;;;;;
2377;RM013D0045;Otro establecimiento administración pública;Pública;Público;ICO;ICO;PASEO;PRADO;4;28014;Madrid;1;13;40,4171229;-3,6944351;NO;7;21;0;0;0;0;Sí;YES;;;44,111558;0045;013;0045;013;RM013D0045;;;;;;;;
1446;RM013D0046;Otro establecimiento administración pública;Pública;Público;Comunidad de Madrid;Casa Museo Lope de Vega;CALLE;CERVANTES;11;28014;Madrid;1;13;40,4143346;-3,6974526;NO;10;18;10;18;10;18;Sí;YES;;;44,1117872;0046;013;0046;013;RM013D0046;;;;;;;;
1445;RM013D0047;Transportes-Metro;Pública;Público;Metro de Madrid;Estación de Metro Antón Martín;CALLE;ATOCHA;61;28012;Madrid;1;13;40,4124425;-3,6994448;NO;6;2;6;2;6;2;No;YES;;;44,1118873;0047;013;0047;013;RM013D0047;;;;;;;;
3322;RM013D0048;Otro;Privada;Público;Ges Seguros Sede;Edificio Ges Seguros;PLAZA;CORTES;2;28014;Madrid;1;13;40,415853;-3,696207;NO;7;21;0;0;0;0;No;NO;;;44,11206;0048;013;0048;013;RM013D0048;;;;;;;;
2374;RM013D0049;Otro establecimiento administración pública;Pública;Público;ICO;ICO;CALLE;LOS MADRAZO;38;28014;Madrid;1;13;40,417503;-3,6946806;NO;7;21;0;0;0;0;Sí;YES;;;44,1121836;0049;013;0049;013;RM013D0049;;;;;;;;
45;RM012D0050;Otro establecimiento administración pública;Pública;Público;Centro de día Carmen Conde 2;Centro de dia Carmen Conde;CALLE;AVE MARÍA;6;28012;Madrid;1;12;40,411967;-3,700397;NO;9;18;0;0;0;0;No;NO;;;44,112364;0050;012;0050;012;RM012D0050;;;;;;;;
3330;RM013D0051;Otro;Privada;Privado;Auditorio del ICO;Auditorio del ICO;CALLE;LOS MADRAZO;36;28014;Madrid;1;13;40,417553;-3,694852;NO;7;21;7;21;10;15;No;NO;;;44,112405;0051;013;0051;013;RM013D0051;;;;;;;;
219;RM012D0052;Centro educativo;Privada;Público;Colegio Emilia Pardo Bazán;Colegio Emilia Pardo Bazán;CALLE;VENTORRILLO;14;28005;Madrid;1;12;40,4069576;-3,705463;NO;7;19;0;0;0;0;No;NO;;;44,1124206;0052;012;0052;012;RM012D0052;;;;;;;;
1474;RM013D0053;Hotel, hostal, alojamiento;Privada;Público;Derby Hotels;Hotel Villareal;PLAZA;CORTES;10;28014;Madrid;1;13;40,4155012;-3,6970191;24 horas;;;;;;;;YES;;;44,1125203;0053;013;0053;013;RM013D0053;;;;;;;;
1449;RM013D0054;Otro;Privada;Público;Real Academia de la Historia;Real Academia de la Historia;CALLE;LEÓN;21;28014;Madrid;1;13;40,4134953;-3,6990593;NO;9;15;0;0;0;0;Sí;YES;;;44,1125546;0054;013;0054;013;RM013D0054;;;;;;;;
136;RM012D0055;Centro educativo;Pública;Público;Comunidad de Madrid;CEIP Antonio Manuel Rosales;CALLE;OLMO;4;28012;Madrid;1;12;40,41123;-3,701338;NO;9;16;0;0;0;0;No;NO;;;44,112568;0055;012;0055;012;RM012D0055;;;;;;;;
1472;RM013D0056;Centro de trabajo (no administración pública);Privada;Público;Organización Nacional de Ciegos Españoles;ONCE- Oficinas Dirección General ;CALLE;PRADO;24;28014;Madrid;1;13;40,4151466;-3,6977125;NO;8;22;0;0;0;0;Sí;YES;;;44,1128591;0056;013;0056;013;RM013D0056;;;;;;;;
221;RM012D0057;Centro educativo;Pública;Público;Colegio santa maria;Colegio santa maria;CALLE;CASINO;7;28005;Madrid;1;12;40,4062185;-3,7067019;NO;8;17;0;0;0;0;No;NO;;;44,1129204;0057;012;0057;012;RM012D0057;;;;;;;;
3331;RM013D0058;Hotel, hostal, alojamiento;Privada;Público;El Autor Hotel Madrid, Autograph Collection;Hotel el Autor;CALLE;ZORRILLA;19;28014;Madrid;1;13;40,416858;-3,696275;24 horas;;;;;;;;YES;;;44,113133;0058;013;0058;013;RM013D0058;;;;;;;;
1471;RM013D0059;Hotel, hostal, alojamiento;Privada;Público;Vincci Hoteles;Hotel Vincci Soho;CALLE;PRADO;18;28014;Madrid;1;13;40,41489946;-3,698388142;24 horas;;;;;;;;YES;;;44,1132876;0059;013;0059;013;RM013D0059;;;;;;;;
2372;RM014D0060;Transportes-Metro;Pública;Público;Metro de Madrid;Estación de Metro Banco de España;CALLE;ALCALÁ;51;28014;Madrid;1;14;40,4193903;-3,6941565;NO;6;2;6;2;6;2;No;YES;;;44,1135468;0060;014;0060;014;RM014D0060;;;;;;;;
1453;RM013D0061;Hotel, hostal, alojamiento;Privada;Público;Hoteles IBIS;Hotel IBIS Styles Prado;CALLE;PRADO;11;28014;Madrid;1;13;40,41486;-3,698885;24 horas;;;;;;;;YES;;;44,113745;0061;013;0061;013;RM013D0061;;;;;;;;
3230;RM013D0062;Hotel, hostal, alojamiento;Privada;Público;Axel Hotel Madrid;Hotel Axel;CALLE;ATOCHA;49;28012;Madrid;1;13;40,41316771;-3,700632383;24 horas;;;;;;;;YES;;;44,11380009;0062;013;0062;013;RM013D0062;;;;;;;;
3332;RM013D0063;Otro;Privada;Público;Teatro de la Zarzuela;Teatro de la Zarzuela;CALLE;JOVELLANOS;4;28014;Madrid;1;13;40,417192;-3,696719;24 horas;;;;;;;;YES;;;44,113911;0063;013;0063;013;RM013D0063;;;;;;;;
3334;RM013D0064;Hotel, hostal, alojamiento;Privada;Público;Hoteles NH;Hotel NH Suecia;CALLE;MARQUÉS DE CASA RIERA;4;28014;Madrid;1;13;40,417868;-3,696114;24 horas;;;;;;;;YES;;;44,113982;0064;013;0064;013;RM013D0064;;;;;;;;
3233;RM012D0065;Hotel, hostal, alojamiento;Privada;Público;Hotal catalonia - Plaza Mayor;Hotel catalonia;CALLE;ATOCHA;36;28012;Madrid;1;12;40,413158;-3,700832;24 horas;;;;;;;;YES;;;44,11399;0065;012;0065;012;RM012D0065;;;;;;;;
1467;RM013D0066;Hotel, hostal, alojamiento;Privada;Público;Catalonia Hotels;Hotel Catalonia Las Cortes;CALLE;PRADO;6;28014;Madrid;1;13;40,414652;-3,699449;24 horas;;;;;;;;YES;;;44,114101;0066;013;0066;013;RM013D0066;;;;;;;;
3237;RM013D0067;Hotel, hostal, alojamiento;Privada;Público;Hotel Room Mate Collection Alba;Hotel Alba;CALLE;HUERTAS;16;28012;Madrid;1;13;40,413883;-3,700239;24 horas;;;;;;;;YES;;;44,114122;0067;013;0067;013;RM013D0067;;;;;;;;
1184;RM014D0068;Centro de trabajo (no administración pública);Privada;Público;Greynver;Greynver;PASEO;RECOLETOS;21;28004;Madrid;1;14;40,42232773;-3,691921832;NO;9;19;0;0;0;0;No;NO;;;44,11424956;0068;014;0068;014;RM014D0068;;;;;;;;
3335;RM013D0069;Centro de trabajo (no administración pública);Privada;Público;Edificio de oficinas Alcalá 44;Edificio Alcalá 44;CALLE;ALCALÁ;44;28014;Madrid;1;13;40,41808;-3,696193;24 horas;;;;;;;;YES;;;44,114273;0069;013;0069;013;RM013D0069;;;;;;;;
3245;RM013D0070;Otro establecimiento administración pública;Pública;Público;Cámara oficial de comercio e industria de Madrid ;Cámara de comercio;CALLE;HUERTAS;13;28012;Madrid;1;13;40,413937;-3,700352;NO;9;17;0;0;0;0;No;NO;;;44,114289;0070;013;0070;013;RM013D0070;;;;;;;;
3340;RM014D0071;Otro;Privada;Público;Edificio de oficinas Paseo Recoletos 19;Edificio Paseo Recoletos 19;PASEO;RECOLETOS;19;28004;Madrid;1;14;40,421897;-3,692459;NO;9;14;0;0;0;0;No;NO;;;44,114356;0071;014;0071;014;RM014D0071;;;;;;;;
1026;RM012D0072;Otro establecimiento administración pública;Pública;Público;Comunidad de Madrid;Centro de Mayores Embajadores;CALLE;EMBAJADORES;32;28012;Madrid;1;12;40,4090125;-3,705453;NO;9;20;9;20;9;20;No;NO;;;44,1144655;0072;012;0072;012;RM012D0072;;;;;;;;
3079;RM012D0073;Otro establecimiento administración pública;Pública;Privado;instituto cinematografia y artes audiovisuales;filmoteca española;CALLE;MAGDALENA;10;28012;Madrid;1;12;40,41230196;-3,702167399;NO;10;15;0;0;0;0;No;NO;;;44,11446936;0073;012;0073;012;RM012D0073;;;;;;;;
3333;RM013D0074;Otro;Privada;Público;Museo ICO;Museo ICO;CALLE;ZORRILLA;3;28014;Madrid;1;13;40,416719;-3,697758;NO;11;20;11;20;10;14;No;NO;;;44,114477;0074;013;0074;013;RM013D0074;;;;;;;;
1014;RM012D0075;Centro educativo;Privada;Público;Centro de estudios Castilla;Centro de Estudios Castilla - Colegio Privafo;CALLE;OSO;15;28012;Madrid;1;12;40,4096109;-3,7049916;NO;7;15;0;0;0;0;No;NO;;;44,1146025;0075;012;0075;012;RM012D0075;;;;;;;;
1841;RM013D0076;Otro;Privada;Público;Círculo de Bellas Artes ;Círculo de Bellas Artes ;CALLE;ALCALÁ;42;28014;Madrid;1;13;40,4183553;-3,6963603;NO;10;1;10;1;10;1;Sí;YES;;;44,1147156;0076;013;0076;013;RM013D0076;;;;;;;;
1840;RM014D0077;Otro establecimiento administración pública;Pública;Público;Comisión Nacional Mercados y Competencia ;Comisión Nacional Mercados y Competencia;CALLE;ALCALÁ;47;28014;Madrid;1;14;40,4191624;-3,6956569;NO;7;22;0;0;0;0;No;NO;;;44,1148193;0077;014;0077;014;RM014D0077;;;;;;;;
2162;RM013D0078;Otro establecimiento administración pública;Pública;Público;Congreso de los Diputados;Congreso de los Diputados - Puerta Cedaceros;CALLE;CEDACEROS;1;28014;Madrid;1;13;40,4166108;-3,6982767;NO;8;22;0;0;0;0;Sí;YES;;;44,1148875;0078;013;0078;013;RM013D0078;;;;;;;;
1182;RM014D0079;Otro;Privada;Público;Centro de Exposiciones Mapfre ;Centro de Exposiciones Mapfre ;PASEO;RECOLETOS;23;28004;Madrid;1;14;40,42273107;-3,692267817;NO;11;21;11;21;11;21;No;NO;;;44,11499889;0079;014;0079;014;RM014D0079;;;;;;;;
1504;RM013D0080;Hotel, hostal, alojamiento;Privada;Público;Urban Hotels INC;Hotel Urban Madrid GL;CARRERA;SAN JERÓNIMO;34;28014;Madrid;1;13;40,4164556;-3,6985667;24 horas;;;;;;;;YES;;;44,1150223;0080;013;0080;013;RM013D0080;;;;;;;;
815;RM014D0081;Centro de trabajo (no administración pública);Privada;Privado;Realia;Realia;CALLE;PRIM;19;28004;Madrid;1;14;40,42196927;-3,693108734;NO;9;6;0;0;0;0;No;NO;;;44,115078;0081;014;0081;014;RM014D0081;;;;;;;;
3392;RM013D0082;Otro;Privada;Público;Teatro Español;Teatro Español;CALLE;PRÍNCIPE;25;28012;Madrid;1;13;40,414918;-3,7001895;NO;17;0;17;0;17;0;No;NO;;;44,1151075;0082;013;0082;013;RM013D0082;;;;;;;;
1512;RM013D0083;Centro de trabajo (no administración pública);Privada;Privado;MedVida Partner SL;MedVida Partner;CARRERA;SAN JERÓNIMO;21;28014;Madrid;1;13;40,4166563;-3,6985205;NO;8;18;0;0;0;0;No;NO;;;44,1151768;0083;013;0083;013;RM013D0083;;;;;;;;
1179;RM014D0084;Centro de trabajo (no administración pública);Privada;Público;Instituto Valenciano de Infertilidad IVI;IVI;CALLE;BÁRBARA DE BRAGANZA;13;28004;Madrid;1;14;40,42333909;-3,69190915;NO;9;8;0;0;0;0;No;NO;;;44,11524824;0084;014;0084;014;RM014D0084;;;;;;;;
1183;RM014D0085;Centro de trabajo (no administración pública);Privada;Público;Edificio de Oficinas ;Oficinas ;PASEO;RECOLETOS;27;28004;Madrid;1;14;40,42349968;-3,691792383;NO;9;19;0;0;0;0;No;NO;;;44,11529206;0085;014;0085;014;RM014D0085;;;;;;;;
3236;RM013D0086;Hotel, hostal, alojamiento;Privada;Público;Hoteles NH;NH Collection Palacio de Tepa;CALLE;SAN SEBASTIÁN;2;28012;Madrid;1;13;40,413802;-3,701591;24 horas;;;;;;;;YES;;;44,115393;0086;013;0086;013;RM013D0086;;;;;;;;
1842;RM013D0087;Otro establecimiento administración pública;Pública;Público;Ministerio del Interior;Secretaría General de Instituciones Penitenciarias;CALLE;ALCALÁ;40;28014;Madrid;1;13;40,4184768;-3,696945;NO;7;21;0;0;0;0;Sí;YES;;;44,1154218;0087;013;0087;013;RM013D0087;;;;;;;;
1180;RM014D0088;Centro de trabajo (no administración pública);Privada;Público;Clínica Vieco. Estética y cirugía plástica ;Clínica Vieco;CALLE;BÁRBARA DE BRAGANZA;14;28004;Madrid;1;14;40,42337067;-3,692274374;NO;9;8;0;0;0;0;No;NO;;;44,11564504;0088;014;0088;014;RM014D0088;;;;;;;;
1181;RM014D0089;Otro;Privada;Público;Casino de Madrid;Casino de Madrid ;PASEO;RECOLETOS;37;28004;Madrid;1;14;40,42417722;-3,691481042;NO;11;6;11;6;11;6;Sí;YES;;;44,11565826;0089;014;0089;014;RM014D0089;;;;;;;;
3234;RM012D0090;Otro;Privada;Público;Ribes y Casals (tienda de telas);Ribes y Casals;CALLE;ATOCHA;26;28012;Madrid;1;12;40,413626;-3,702061;NO;10;20;10;14;0;0;No;NO;;;44,115687;0090;012;0090;012;RM012D0090;;;;;;;;
3314;RM013D0091;Otro;Pública;Público;Centro de Salud Las Cortes;Centro de Salud Las Cortes;CARRERA;SAN JERÓNIMO;32;28014;Madrid;1;13;40,41658;-3,699138;NO;8;20;0;0;0;0;No;NO;;;44,115718;0091;013;0091;013;RM013D0091;;;;;;;;
3235;RM013D0092;Hotel, hostal, alojamiento;Privada;Público;ME Madrid Reina Victoria;Hotel ME;PLAZA;SANTA ANA;14;28012;Madrid;1;13;40,414482;-3,701339;24 horas;;;;;;;;YES;;;44,115821;0092;013;0092;013;RM013D0092;;;;;;;;
2969;RM014D0093;Centro educativo;Privada;Público;Schiller International University;Schiller International University;PASEO;RECOLETOS;35;28004;Madrid;1;14;40,424096;-3,6917622;NO;8;19;0;0;0;0;No;NO;;;44,1158582;0093;014;0093;014;RM014D0093;;;;;;;;
2967;RM014D0094;Centro de trabajo (no administración pública);Privada;Público;Recoletos 37;Recoletos 37;PASEO;RECOLETOS;37;28004;Madrid;1;14;40,4244892;-3,6914081;NO;9;15;0;0;0;0;No;NO;;;44,1158973;0094;014;0094;014;RM014D0094;;;;;;;;
3238;RM013D0095;Otro;Privada;Público;Teatro de la comedia;teatro de la comedia;CALLE;PRÍNCIPE;14;28012;Madrid;1;13;40,41558;-3,700357;NO;15;21;15;21;15;21;No;NO;;;44,115937;0095;013;0095;013;RM013D0095;;;;;;;;
1754;RM014D0096;Centro de trabajo (no administración pública);Privada;Público;ALL IN ONE CAIXABANK ;Plaza Colon 1;PLAZA;COLÓN;1;28046;Madrid;1;14;40,424973;-3,691063;24 horas;;;;;;;;YES;;;44,116036;0096;014;0096;014;RM014D0096;;;;;;;;
3309;RM013D0097;Otro establecimiento administración pública;Pública;Público;Comunidad de Madrid;Consejería de Digitalización;CARRERA;SAN JERÓNIMO;13;28014;Madrid;1;13;40,416589;-3,69945;NO;7;19;0;0;0;0;No;NO;;;44,116039;0097;013;0097;013;RM013D0097;;;;;;;;
1843;RM013D0098;Otro establecimiento administración pública;Pública;Público;Comunidad de Madrid;Consejeria de Educación y Universidades ;CALLE;ALCALÁ;32;28014;Madrid;1;13;40,4182284;-3,6978231;NO;7;20;0;0;0;0;No;NO;;;44,1160515;0098;013;0098;013;RM013D0098;;;;;;;;
3308;RM013D0099;Hotel, hostal, alojamiento;Privada;Público;Hotel Vincci Centrum;Hotel Vincci Centrum;CALLE;CEDACEROS;4;28014;Madrid;1;13;40,417588;-3,698576;24 horas;;;;;;;;YES;;;44,116164;0099;013;0099;013;RM013D0099;;;;;;;;
1834;RM013D0100;Otro establecimiento administración pública;Pública;Público;Comunidad de Madrid;Consejeria de Presidencia, Justicia y Administración Local;CARRERA;SAN JERÓNIMO;13;28014;Madrid;1;13;40,4167157;-3,6995746;NO;8;20;9;14;0;0;No;NO;;;44,1162903;0100;013;0100;013;RM013D0100;;;;;;;;
3228;RM013D0101;Centro deportivo;Privada;Público;Gimnasio METROPOLITAN Palacio Santa Ana;Gimnasio METROPOLITAN;PLAZA;ÁNGEL;6;28012;Madrid;1;13;40,414392;-3,701913;NO;8;23;9;22;9;22;No;NO;;;44,116305;0101;013;0101;013;RM013D0101;;;;;;;;
687;RM013D0102;Otro establecimiento administración pública;Pública;Público;Ministerio de Igualdad;Ministerio de Igualdad;CALLE;ALCALÁ;37;28014;Madrid;1;13;40,4186042;-3,6977205;NO;8;19;0;0;0;0;Sí;YES;;;44,1163247;0102;013;0102;013;RM013D0102;;;;;;;;
816;RM014D0103;Otro;Privada;Público;Teatro María Guerrero ;Teatro María Guerrero ;CALLE;TAMAYO Y BAUS;4;28004;Madrid;1;14;40,42290658;-3,69347627;NO;18;23;18;23;18;23;No;NO;;;44,11638285;0103;014;0103;014;RM014D0103;;;;;;;;
1023;RM012D0104;Hotel, hostal, alojamiento;Privada;Público;Central House ;Hotel The Central House Lavapies;CALLE;ENCOMIENDA;16;28012;Madrid;1;12;40,4107403;-3,7058902;24 horas;;;;;;;;YES;;;44,1166305;0104;012;0104;012;RM012D0104;;;;;;;;
689;RM013D0105;Otro establecimiento administración pública;Pública;Público;Comunidad de Madrid;Consejería de cultura, turismo y deporte ;CALLE;ALCALÁ;31;28014;Madrid;1;13;40,4184038;-3,6983072;NO;7;20;0;0;0;0;Sí;YES;;;44,116711;0105;013;0105;013;RM013D0105;;;;;;;;
2136;RM014D0106;Otro;Privada;Público;ONCE;ONCE;CALLE;PRIM;3;28004;Madrid;1;14;40,4219538;-3,6948257;NO;7;21;0;0;0;0;No;NO;;;44,1167795;0106;014;0106;014;RM014D0106;;;;;;;;
692;RM013D0107;Centro de trabajo (no administración pública);Privada;Público;Cecabank;Cecabank;CALLE;ALCALÁ;27;28014;Madrid;1;13;40,4183476;-3,6984859;NO;7;22;0;0;0;0;Sí;YES;;;44,1168335;0107;013;0107;013;RM013D0107;;;;;;;;
283;RM012D0108;Centro educativo;Pública;Público;Universidad Carlos III;Universidad Carlos III Puerta Toledo;RONDA;TOLEDO;1;28005;Madrid;1;12;40,406807;-3,71003;NO;10;14;0;0;0;0;No;NO;;;44,116837;0108;012;0108;012;RM012D0108;;;;;;;;
3231;RM013D0109;Hotel, hostal, alojamiento;Pública;Público;Hotel Catalonia - Puerta del Sol;Hotel Catalonia;CALLE;ATOCHA;23;28012;Madrid;1;13;40,413964;-3,702909;24 horas;;;;;;;;YES;;;44,116873;0109;013;0109;013;RM013D0109;;;;;;;;
3030;RM014D0110;Otro establecimiento administración pública;Pública;Público;TRIBUNAL SUPREMO;TRIBUNAL SUPREMO;CALLE;MARQUÉS DE LA ENSENADA;1;28004;Madrid;1;14;40,424181;-3,692738;NO;9;14;0;0;0;0;No;NO;;;44,116919;0110;014;0110;014;RM014D0110;;;;;;;;
3243;RM012D0111;Hotel, hostal, alojamiento;Privada;Público;Hotel Eurostars Plaza Mayor;Hotel Eurostars;CALLE;DOCTOR CORTEZO;10;28012;Madrid;1;12;40,41308;-3,703896;24 horas;;;;;;;;YES;;;44,116976;0111;012;0111;012;RM012D0111;;;;;;;;
810;RM014D0112;Centro educativo;Privada;Público;New York University Madrid ;New York University Madrid ;CALLE;BARQUILLO;13;28004;Madrid;1;14;40,42127749;-3,695789241;NO;9;9;0;0;0;0;No;NO;;;44,11706673;0112;014;0112;014;RM014D0112;;;;;;;;
1832;RM013D0113;Hotel, hostal, alojamiento;Pública;Público;Hotel JW Marriott;Hotel JW Marriott;CALLE;SEVILLA;3;28014;Madrid;1;13;40,4169212;-3,7001687;24 horas;;;;;;;;YES;;;44,1170899;0113;013;0113;013;RM013D0113;;;;;;;;
1837;RM013D0114;Transportes-Metro;Pública;Público;Metro de Madrid;Estación de Metro Sevilla;CALLE;ALCALÁ;18;28014;Madrid;1;13;40,4180704;-3,6990971;NO;6;2;6;2;6;2;No;YES;;;44,1171675;0114;013;0114;013;RM013D0114;;;;;;;;
812;RM014D0115;Hotel, hostal, alojamiento;Privada;Público;Infantas By Shoho Boutique ;Infantas By Shoho Boutique ;CALLE;INFANTAS;29;28004;Madrid;1;14;40,42011667;-3,697062124;24 horas;;;;;;;;YES;;;44,11717879;0115;014;0115;014;RM014D0115;;;;;;;;
3244;RM012D0116;Hotel, hostal, alojamiento;Privada;Público;Hotel Cortezo;Hotel Cortezo;CALLE;DOCTOR CORTEZO;3;28012;Madrid;1;12;40,413713;-3,703661;24 horas;;;;;;;;YES;;;44,117374;0116;012;0116;012;RM012D0116;;;;;;;;
3229;RM012D0117;Transportes-Metro;Pública;Público;Metro de Madrid;Estación de Metro Tirso de Molina;PLAZA;TIRSO DE MOLINA;S/N;28012;Madrid;1;12;40,412398;-3,705014;NO;6;2;6;2;6;2;No;YES;;;44,117412;0117;012;0117;012;RM012D0117;;;;;;;;
813;RM014D0118;Centro de trabajo (no administración pública);Privada;Privado;Oficinas privadas;Oficinas privadas ;CALLE;SAN MARCOS;43;28004;Madrid;1;14;40,42126607;-3,696189907;NO;9;18;0;0;0;0;No;NO;;;44,11745598;0118;014;0118;014;RM014D0118;;;;;;;;
1833;RM013D0119;Hotel, hostal, alojamiento;Pública;Público;Hotel Four Seasons;Hotel Four Seasons;CALLE;SEVILLA;3;28014;Madrid;1;13;40,4172684;-3,7002958;24 horas;;;;;;;;YES;;;44,1175642;0119;013;0119;013;RM013D0119;;;;;;;;
284;RM012D0120;Transportes-Metro;Pública;Público;Metro de Madrid;Estación de Metro Puerta de Toledo;RONDA;TOLEDO;1;28005;Madrid;1;12;40,406813;-3,71079;NO;6;2;6;2;6;2;No;YES;;;44,117603;0120;012;0120;012;RM012D0120;;;;;;;;
3242;RM012D0121;Otro;Privada;Público;Yelmo Cines;Cines Ideal;CALLE;DOCTOR CORTEZO;10;28012;Madrid;1;12;40,413892;-3,703733;NO;16;1;12;1;12;1;No;NO;;;44,117625;0121;012;0121;012;RM012D0121;;;;;;;;
3339;RM016D0122;Otro;Privada;Privado;Edificio Generali Seguros;Edificio Generali;CALLE;ALCALÁ;21;28014;Madrid;1;16;40,417927;-3,6997753;NO;8;21;8;21;0;0;No;NO;;;44,1177023;0122;016;0122;016;RM016D0122;;;;;;;;
1836;RM016D0123;Hotel, hostal, alojamiento;Privada;Público;Hotel Regina;Hotel Regina;CALLE;ALCALÁ;19;28014;Madrid;1;16;40,417881;-3,6998636;24 horas;;;;;;;;YES;;;44,1177446;0123;016;0123;016;RM016D0123;;;;;;;;
1835;RM016D0124;Centro de trabajo (no administración pública);Privada;Público;Edificio Generali ;Edificio Generali;CALLE;ALCALÁ;21;28014;Madrid;1;16;40,4178938;-3,6998659;NO;8;21;0;0;0;0;No;NO;;;44,1177597;0124;016;0124;016;RM016D0124;;;;;;;;
811;RM014D0125;Hotel, hostal, alojamiento;Privada;Público;Only You Hoteles;Only You Hoteles ;CALLE;BARQUILLO;21;28004;Madrid;1;14;40,42221466;-3,695751746;24 horas;;;;;;;;YES;;;44,11796641;0125;014;0125;014;RM014D0125;;;;;;;;
3232;RM012D0126;Hotel, hostal, alojamiento;Privada;Público;Mola! Hostel Madrid;Hostel Mola;CALLE;ATOCHA;16;28012;Madrid;1;12;40,414249;-3,703772;24 horas;;;;;;;;YES;;;44,118021;0126;012;0126;012;RM012D0126;;;;;;;;
699;RM013D0127;Centro de trabajo (no administración pública);Privada;Público;Banco cooperativo español ;Banco cooperativo español ;CALLE;VIRGEN DE LOS PELIGROS;4;28013;Madrid;1;13;40,418538;-3,6995018;24 horas;;;;;;;;YES;;;44,1180398;0127;013;0127;013;RM013D0127;;;;;;;;
707;RM013D0128;Centro de trabajo (no administración pública);Privada;Público;Cecabank;Cecabank;CALLE;CABALLERO DE GRACIA;28;28013;Madrid;1;13;40,4190802;-3,6989707;NO;7;22;0;0;0;0;Sí;YES;;;44,1180509;0128;013;0128;013;RM013D0128;;;;;;;;
1830;RM016D0129;Centro comercial;Privada;Público;Galería Canalejas;Galería Canalejas ;CALLE;ALCALÁ;12;28014;Madrid;1;16;40,4173281;-3,700743;NO;11;21;11;21;12;20;No;NO;;;44,1180711;0129;016;0129;016;RM016D0129;;;;;;;;
656;RM013D0130;Hotel, hostal, alojamiento;Privada;Público;Hoteles Catalonia;Hotel Catalonia;CALLE;GRAN VÍA;9;28013;Madrid;1;13;40,4194462;-3,6988728;24 horas;;;;;;;;YES;;;44,118319;0130;013;0130;013;RM013D0130;;;;;;;;
680;RM014D0131;Otro establecimiento administración pública;Pública;Público;Comunidad de Madrid;Juzgados de primera instancia ;CALLE;GRAN VÍA;12;28013;Madrid;1;14;40,4196264;-3,6988554;NO;7;19;0;0;0;0;No;NO;;;44,1184818;0131;014;0131;014;RM014D0131;;;;;;;;
682;RM014D0132;Hotel, hostal, alojamiento;Privada;Público;Vincci Hoteles;Hotel Vincci The Mint ;CALLE;GRAN VÍA;10;28013;Madrid;1;14;40,4196264;-3,6988554;24 horas;;;;;;;;YES;;;44,1184818;0132;014;0132;014;RM014D0132;;;;;;;;
712;RM016D0133;Otro establecimiento administración pública;Pública;Público;Comunidad de Madrid;Consejería de sanidad ;CALLE;ADUANA;31;28013;Madrid;1;16;40,4184553;-3,7000849;NO;7;21;0;0;0;0;Sí;YES;;;44,1185402;0133;016;0133;016;RM016D0133;;;;;;;;
3240;RM016D0134;Hotel, hostal, alojamiento;Privada;Público;UMusic Hotel Madrid;Hotel UMusic;CALLE;CARRETAS;10;28012;Madrid;1;16;40,415437;-3,703231;24 horas;;;;;;;;YES;;;44,118668;0134;016;0134;016;RM016D0134;;;;;;;;
3048;RM014D0135;Otro establecimiento administración pública;Pública;Público;FISCALIA DE LA AUDIENCIA NACIONAL;FISCALIA DE LA AUDIENCIA NACIONAL;CALLE;GARCÍA GUTIÉRREZ;1;28004;Madrid;1;14;40,425772;-3,693022;NO;9;14;0;0;0;0;No;NO;;;44,118794;0135;014;0135;014;RM014D0135;;;;;;;;
676;RM014D0136;Hotel, hostal, alojamiento;Privada;Público;Smart Rental;Smart Rental Collection Gran Vía Capital;CALLE;GRAN VÍA;14;28013;Madrid;1;14;40,4196964;-3,6991632;NO;7;23;7;23;7;23;Sí;YES;;;44,1188596;0136;014;0136;014;RM014D0136;;;;;;;;
3046;RM014D0137;Otro establecimiento administración pública;Pública;Público;Tribunal Superior de Justicia de Madrid;TRIBUNAL DE SUPERIOR DE JUSTICIA;CALLE;GENERAL CASTAÑOS;1;28004;Madrid;1;14;40,42469205;-3,694268364;NO;9;14;0;0;0;0;No;NO;;;44,11896041;0137;014;0137;014;RM014D0137;;;;;;;;
1828;RM016D0138;Otro establecimiento administración pública;Pública;Público;Ministerio de Hacienda;Ministerio de Hacienda ;CALLE;ALCALÁ;5;28014;Madrid;1;16;40,4171811;-3,7018263;NO;8;19;0;0;0;0;Sí;YES;;;44,1190074;0138;016;0138;016;RM016D0138;;;;;;;;
243;RM016D0139;Centro comercial;Privada;Público;Apple;Apple puerta sol;PLAZA;PUERTA DEL SOL;2;28013;Madrid;1;16;40,4169003;-3,7021676;NO;10;21;10;21;10;21;No;NO;;;44,1190679;0139;016;0139;016;RM016D0139;;;;;;;;
3053;RM012D0140;Otro establecimiento administración pública;Pública;Privado;Bomberos de Madrid;PARQUE 3 DE BOMBEROS;RONDA;TOLEDO;S/N;28005;Madrid;1;12;40,406941;-3,71225;24 horas;;;;;;;;YES;;;44,119191;0140;012;0140;012;RM012D0140;;;;;;;;
245;RM016D0141;Centro comercial;Privada;Público;Apple;Apple puerta sol;PLAZA;PUERTA DEL SOL;1;28013;Madrid;1;16;40,4169965;-3,7022042;NO;10;21;10;21;10;21;No;NO;;;44,1192007;0141;016;0141;016;RM016D0141;;;;;;;;
3045;RM014D0142;Otro;Privada;Privado;ROYAL PREMIER;ROYAL PREMIER;CALLE;GENERAL CASTAÑOS;4;28004;Madrid;1;14;40,42597137;-3,693512196;NO;9;14;0;0;0;0;No;NO;;;44,11948357;0142;014;0142;014;RM014D0142;;;;;;;;
1017;RM012D0143;Centro educativo;Pública;Público;Escuela de Artes y Oficios;Escuela de Artes y Oficios ;CALLE;ESTUDIOS;1;28012;Madrid;1;12;40,4121809;-3,7073718;NO;8;21;0;0;0;0;No;NO;;;44,1195527;0143;012;0143;012;RM012D0143;;;;;;;;
3239;RM016D0144;Hotel, hostal, alojamiento;Privada;Público;UMusic Hotel Madrid;Hotel UMusic;CALLE;PAZ;11;28012;Madrid;1;16;40,415411;-3,704195;24 horas;;;;;;;;YES;;;44,119606;0144;016;0144;016;RM016D0144;;;;;;;;
716;RM016D0145;Hotel, hostal, alojamiento;Pública;Público;Eurostar hoteles;Eurostar casa de la lírica ;CALLE;ADUANA;19;28013;Madrid;1;16;40,4183004;-3,70131;24 horas;;;;;;;;YES;;;44,1196104;0145;016;0145;016;RM016D0145;;;;;;;;
1022;RM012D0146;Otro;Privada;Público;Arzobispado de Madrid;Centro de atención a la mujer - Cáritas;CALLE;CONCEPCIÓN JERÓNIMA;19;28012;Madrid;1;12;40,4139213;-3,7057621;NO;10;19;0;0;0;0;No;NO;;;44,1196834;0146;012;0146;012;RM012D0146;;;;;;;;
1409;RM011D0147;Transportes-Metro;Pública;Público;Metro de Madrid;Estación de Metro La Latina;CALLE;TOLEDO;56;28005;Madrid;1;11;40,411102;-3,708665;NO;6;2;6;2;6;2;No;YES;;;44,119767;0147;011;0147;011;RM011D0147;;;;;;;;
226;RM016D0148;Hotel, hostal, alojamiento;Privada;Público;B&B;Hostal calle preciados ;CALLE;MONTERA;10;28013;Madrid;1;16;40,4175535;-3,7022305;24 horas;;;;;;;;YES;;;44,119784;0148;016;0148;016;RM016D0148;;;;;;;;
238;RM016D0149;Transportes-Renfe;Pública;Público;ADIF;Estación de Cercanías Sol;PLAZA;PUERTA DEL SOL;S/N;28013;Madrid;1;16;40,4168743;-3,702993;NO;5;0;6;0;6;0;No;YES;;;44,1198673;0149;016;0149;016;RM016D0149;;;;;;;;
251;RM016D0150;Transportes-Metro;Pública;Público;Metro de Madrid;Estación de Metro Sol;PLAZA;PUERTA DEL SOL;S/N;28013;Madrid;1;16;40,4168743;-3,702993;NO;6;2;6;2;6;2;No;YES;;;44,1198673;0150;016;0150;016;RM016D0150;;;;;;;;
281;RM011D0151;Centro educativo;Privada;Público;La Salle La Paloma Fundación Lara;La Salle La Paloma;CALLE;PALOMA;21;28005;Madrid;1;11;40,408092;-3,711865;NO;9;18;0;0;0;0;No;NO;;;44,119957;0151;011;0151;011;RM011D0151;;;;;;;;
278;RM011D0152;Otro establecimiento administración pública;Pública;Público;Ministerio de Agricultura, Pesca y Alimentación;Subsecretaria de agricultura;CALLE;GRAN VÍA DE SAN FRANCISCO;4;28005;Madrid;1;11;40,407789;-3,712188;NO;7;19;0;0;0;0;No;NO;;;44,119977;0152;011;0152;011;RM011D0152;;;;;;;;
1413;RM012D0153;Centro educativo;Pública;Público;Comunidad de Madrid;Instituto San Isidro;CALLE;TOLEDO;39;28005;Madrid;1;12;40,4125508;-3,7074616;NO;8;22;0;0;0;0;No;NO;;;44,1200124;0153;012;0153;012;RM012D0153;;;;;;;;
3241;RM016D0154;Otro establecimiento administración pública;Pública;Público;Comunidad de Madrid;Consejería de presidencia y justicia;PLAZA;PONTEJOS;3;28012;Madrid;1;16;40,415848;-3,704176;NO;8;22;0;0;0;0;No;NO;;;44,120024;0154;016;0154;016;RM016D0154;;;;;;;;
674;RM014D0155;Hotel, hostal, alojamiento;Privada;Público;Hoteles H10;Hotel H10 Puerta de Alcalá ;CALLE;GRAN VÍA;22;28013;Madrid;1;14;40,4199435;-3,7002257;24 horas;;;;;;;;YES;;;44,1201692;0155;014;0155;014;RM014D0155;;;;;;;;
1406;RM011D0156;Centro deportivo;Pública;Público;Ayuntamiento de Madrid;CDM La Cebada ;CALLE;TOLEDO;S/N;28005;Madrid;1;11;40,410979;-3,709198;NO;7;0;7;0;7;0;No;NO;;;44,120177;0156;011;0156;011;RM011D0156;;;;;;;;
814;RM014D0157;Transportes-Metro;Pública;Público;Metro de Madrid;Estación de Metro Chueca;PLAZA;CHUECA;4;28004;Madrid;1;14;40,422643;-3,6976429;NO;6;2;6;2;6;2;No;YES;;;44,1202859;0157;014;0157;014;RM014D0157;;;;;;;;
669;RM014D0158;Hotel, hostal, alojamiento;Privada;Público;Círculo Gran vía ;Hotel Círculo Gran Vía ;CALLE;GRAN VÍA;24;28013;Madrid;1;14;40,4200514;-3,7007014;24 horas;;;;;;;;YES;;;44,1207528;0158;014;0158;014;RM014D0158;;;;;;;;
671;RM014D0159;Otro;Privada;Privado;Casino Gran Vía ;Casino Gran Vía ;CALLE;GRAN VÍA;24;28013;Madrid;1;14;40,420068;-3,70079;NO;10;6;10;6;10;6;No;NO;;;44,120858;0159;014;0159;014;RM014D0159;;;;;;;;
649;RM016D0160;Otro establecimiento administración pública;Pública;Público;Comunidad de Madrid;Juzgados de lo contencioso administrativo;CALLE;GRAN VÍA;19;28013;Madrid;1;16;40,419931;-3,7009271;NO;7;19;0;0;0;0;Sí;YES;;;44,1208581;0160;016;0160;016;RM016D0160;;;;;;;;
650;RM016D0161;Otro establecimiento administración pública;Pública;Público;Comunidad de Madrid;Juzgados de lo contencioso administrativo ;CALLE;GRAN VÍA;19;28013;Madrid;1;16;40,419931;-3,7009271;NO;7;19;0;0;0;0;Sí;YES;;;44,1208581;0161;016;0161;016;RM016D0161;;;;;;;;
652;RM016D0162;Otro establecimiento administración pública;Pública;Público;Comunidad de Madrid;Juzgados de lo contencioso administrativo ;CALLE;GRAN VÍA;19;28013;Madrid;1;16;40,419931;-3,7009271;NO;7;19;0;0;0;0;Sí;YES;;;44,1208581;0162;016;0162;016;RM016D0162;;;;;;;;
1021;RM016D0163;Otro establecimiento administración pública;Pública;Público;Ministerio de Asuntos Exteriores;Ministerio de Asuntos Exteriores;PLAZA;PROVINCIA;1;28012;Madrid;1;16;40,4147456;-3,7061554;24 horas;;;;;;;;YES;;;44,120901;0163;016;0163;016;RM016D0163;;;;;;;;
231;RM016D0164;Hotel, hostal, alojamiento;Privada;Público;Hotel Europa;Hotel Europa;CALLE;CARMEN;4;28013;Madrid;1;16;40,41749247;-3,703435428;24 horas;;;;;;;;YES;;;44,1209279;0164;016;0164;016;RM016D0164;;;;;;;;
646;RM016D0165;Hotel, hostal, alojamiento;Privada;Público;Hoteles NH;Hotel NH Collection Gran Vía ;CALLE;GRAN VÍA;21;28013;Madrid;1;16;40,4199542;-3,7010981;24 horas;;;;;;;;YES;;;44,1210523;0165;016;0165;016;RM016D0165;;;;;;;;
642;RM016D0166;Transportes-Metro;Pública;Público;Metro de Madrid;Estación de Metro Gran Vía;CALLE;GRAN VÍA;21;28013;Madrid;1;16;40,4199131;-3,7013066;NO;6;2;6;2;6;2;No;YES;;;44,1212197;0166;016;0166;016;RM016D0166;;;;;;;;
218;RM016D0167;Centro comercial;Privada;Público;El Corte Inglés;Corte Inglés Preciados deportes planta baja;CALLE;PRECIADOS;1;28013;Madrid;1;16;40,41731622;-3,704270473;NO;10;22;10;22;10;22;No;NO;;;44,12158669;0167;016;0167;016;RM016D0167;;;;;;;;
3029;RM014D0168;Otro establecimiento administración pública;Pública;Público;Tribunal Superior de Justicia de Madrid;CONTENCIOSO ADMINISTRATIVO;CALLE;GÉNOVA;10;28004;Madrid;1;14;40,426943;-3,694703;NO;9;14;0;0;0;0;No;NO;;;44,121646;0168;014;0168;014;RM014D0168;;;;;;;;
1019;RM016D0169;Hotel, hostal, alojamiento;Privada;Público;Pestana Hotels;Hotel Pestana Plaza Mayor;CALLE;IMPERIAL;8;28012;Madrid;1;16;40,4147402;-3,7069691;24 horas;;;;;;;;YES;;;44,1217093;0169;016;0169;016;RM016D0169;;;;;;;;
309;RM016D0170;Hotel, hostal, alojamiento;Privada;Público;Hotel moderno;Hotel ;CALLE;ARENAL;2;28013;Madrid;1;16;40,4168148;-3,704934;24 horas;;;;;;;;YES;;;44,1217488;0170;016;0170;016;RM016D0170;;;;;;;;
3034;RM014D0171;Viviendas;Privada;Privado;COMUNIDAD DE PROPIETARIOS CALLE DE CAMPOAMOR 18;COMUNIDAD DE PROPIETARIOS CALLE DE CAMPOAMOR 18;CALLE;CAMPOAMOR;18;28004;Madrid;1;14;40,426761;-3,695052;NO;9;20;0;0;0;0;No;NO;;;44,121813;0171;014;0171;014;RM014D0171;;;;;;;;
2955;RM014D0172;Centro de trabajo (no administración pública);Privada;Público;Sociedad General de Autores y Editores;Sociedad General de Autores y Editores;CALLE;PELAYO;61;28004;Madrid;1;14;40,4250824;-3,696771521;NO;9;14;0;0;0;0;No;NO;;;44,12185392;0172;014;0172;014;RM014D0172;;;;;;;;
254;RM016D0173;Transportes-Metro;Pública;Público;Metro de Madrid;Estación de Metro Sol;CALLE;PRECIADOS;7;28013;Madrid;1;16;40,4176246;-3,7043883;NO;6;2;6;2;6;2;No;YES;;;44,1220129;0173;016;0173;016;RM016D0173;;;;;;;;
639;RM016D0174;Hotel, hostal, alojamiento;Privada;Público;Hotel Madrid Gran Vía ;Hotel Madrid Gran Vía ;CALLE;GRAN VÍA;25;28013;Madrid;1;16;40,4199261;-3,7021495;24 horas;;;;;;;;YES;;;44,1220756;0174;016;0174;016;RM016D0174;;;;;;;;
641;RM016D0175;Hotel, hostal, alojamiento;Privada;Público;Hotel Madrid Gran Vía ;Hotel Madrid Gran Vía ;CALLE;GRAN VÍA;25;28013;Madrid;1;16;40,4199261;-3,7021495;24 horas;;;;;;;;YES;;;44,1220756;0175;016;0175;016;RM016D0175;;;;;;;;
2093;RM015D0176;Otro;Privada;Público;Fundación Telefonica ;Fundación Telefónica;CALLE;FUENCARRAL;3;28004;Madrid;1;15;40,4204426;-3,7017177;NO;10;20;11;20;11;20;No;NO;;;44,1221603;0176;015;0176;015;RM015D0176;;;;;;;;
3024;RM014D0177;Centro de trabajo (no administración pública);Privada;Privado;AENOR;AENOR;CALLE;GÉNOVA;6;28004;Madrid;1;14;40,42734;-3,69513;NO;8;17;0;0;0;0;No;NO;;;44,12247;0177;014;0177;014;RM014D0177;;;;;;;;
1402;RM011D0178;Centro educativo;Pública;Público;Comunidad de Madrid;Colegio Ntra Sra de la Paloma;CALLE;TABERNILLAS;2;28005;Madrid;1;11;40,4112659;-3,7112707;NO;9;16;0;0;0;0;No;NO;;;44,1225366;0178;011;0178;011;RM011D0178;;;;;;;;
2122;RM014D0179;Centro de trabajo (no administración pública);Privada;Público;Colegio Oficial de Arquitectos Madrid COAM;Colegio Oficial de Arquitectos Madrid COAM;CALLE;HORTALEZA;63;28004;Madrid;1;14;40,4242512;-3,6983851;NO;9;20;0;0;0;0;No;NO;;;44,1226363;0179;014;0179;014;RM014D0179;;;;;;;;
2626;RM016D0180;Hotel, hostal, alojamiento;Privada;Público;Hotel Liabeny calle de la Salud 3;Hotel Liabeny;CALLE;SALUD;3;28013;Madrid;1;16;40,418688;-3,703974;24 horas;;;;;;;;YES;;;44,122662;0180;016;0180;016;RM016D0180;;;;;;;;
1428;RM011D0181;Otro;Privada;Privado;Arzobispado de España ;Arzobispado castrense de España ;CALLE;NUNCIO;13;28005;Madrid;1;11;40,4133457;-3,7093197;NO;8;20;8;20;9;14;No;NO;;;44,1226654;0181;011;0181;011;RM011D0181;;;;;;;;
441;RM016D0182;Hotel, hostal, alojamiento;Pública;Público;Hotel Liabeny;Hotel Liabeny ;CALLE;SALUD;3;28013;Madrid;1;16;40,4186897;-3,7039861;24 horas;;;;;;;;YES;;;44,1226758;0182;016;0182;016;RM016D0182;;;;;;;;
901;RM015D0183;Centro de trabajo (no administración pública);Privada;Privado;Asociación de futbolistas españoles ;Asociación de futbolistas españoles ;CALLE;GRAN VÍA;30;28013;Madrid;1;15;40,4202214;-3,7024613;NO;9;17;9;14;0;0;No;NO;;;44,1226827;0183;015;0183;015;RM015D0183;;;;;;;;
904;RM015D0184;Centro de trabajo (no administración pública);Privada;Privado;Asociación de futbolistas españoles ;Asociación de futbolistas españoles ;CALLE;GRAN VÍA;30;28013;Madrid;1;15;40,4202214;-3,7024613;NO;9;17;9;14;0;0;No;NO;;;44,1226827;0184;015;0184;015;RM015D0184;;;;;;;;
1425;RM011D0185;Otro establecimiento administración pública;Pública;Público;Federación española de municipios ;Federación española de municipios;CALLE;NUNCIO;8;28005;Madrid;1;11;40,4134011;-3,7093019;24 horas;;;;;;;;YES;;;44,122703;0185;011;0185;011;RM011D0185;;;;;;;;
2125;RM014D0186;Centro deportivo;Pública;Público;Ayuntamiento de Madrid;CDM Escuelas De San Antón;CALLE;FARMACIA;13;28004;Madrid;1;14;40,4238493;-3,6988768;NO;7;23;8;21;9;19;No;NO;;;44,1227261;0186;014;0186;014;RM014D0186;;;;;;;;
817;RM015D0187;Centro de trabajo (no administración pública);Privada;Privado;Centro de oficinas;Edificio de varias oficinas;CALLE;GRAN VÍA;30;28013;Madrid;1;15;40,4202263;-3,7025019;NO;8;20;0;0;0;0;No;NO;;;44,1227282;0187;015;0187;015;RM015D0187;;;;;;;;
316;RM016D0188;Centro deportivo;Privada;Público;Vivagym;Gimnasio;CALLE;MAYOR;6;28013;Madrid;1;16;40,4167229;-3,7060571;NO;7;22;9;20;10;15;No;NO;;;44,12278;0188;016;0188;016;RM016D0188;;;;;;;;
1475;RM011D0189;Otro establecimiento administración pública;Pública;Público;Ayuntamiento de Madrid;Museo San Isidro ;PLAZA;SAN ANDRÉS;1;28005;Madrid;1;11;40,412075;-3,710782;24 horas;;;;;;;;YES;;;44,122857;0189;011;0189;011;RM011D0189;;;;;;;;
1018;RM016D0190;Otro establecimiento administración pública;Pública;Público;Ayuntamiento de Madrid;Casa de la Panaderia - Oficina Turismo;PLAZA;MAYOR;27;28012;Madrid;1;16;40,4157067;-3,7073962;NO;9;20;9;20;9;20;Sí;YES;;;44,1231029;0190;016;0190;016;RM016D0190;;;;;;;;
223;RM016D0191;Centro comercial;Privada;Público;El Corte Inglés;Corte Inglés Preciados ;CALLE;PRECIADOS;3;28013;Madrid;1;16;40,41780522;-3,705336415;NO;10;22;10;22;10;22;No;NO;;;44,12314164;0191;016;0191;016;RM016D0191;;;;;;;;
303;RM016D0192;Hotel, hostal, alojamiento;Privada;Público;Toc hotel;Hotel;PLAZA;CELENQUE;3;28013;Madrid;1;16;40,4172824;-3,7059526;24 horas;;;;;;;;YES;;;44,123235;0192;016;0192;016;RM016D0192;;;;;;;;
2953;RM014D0193;Otro establecimiento administración pública;Pública;Público;Ayuntamiento de Madrid;Centro de Día San Antón;CALLE;SANTA BRÍGIDA;12;28004;Madrid;1;14;40,42440254;-3,698957128;NO;8;18;0;0;0;0;No;NO;;;44,12335967;0193;014;0193;014;RM014D0193;;;;;;;;
411;RM016D0194;Hotel, hostal, alojamiento;Pública;Público;Hotel II Castilla;Hotel II Castilla;CALLE;ABADA;7;28013;Madrid;1;16;40,4192014;-3,7041689;24 horas;;;;;;;;YES;;;44,1233703;0194;016;0194;016;RM016D0194;;;;;;;;
2097;RM015D0195;Centro de trabajo (no administración pública);Privada;Privado;Accom The customer value agency;Accom The customer value agency;CALLE;VALVERDE;13;28004;Madrid;1;15;40,4213412;-3,7021023;NO;9;22;11;16;0;0;No;NO;;;44,1234435;0195;015;0195;015;RM015D0195;;;;;;;;
398;RM016D0196;Hotel, hostal, alojamiento;Pública;Público;Pestana CR7 Madrid;Hotel Pestana CR7 1°planta;CALLE;GRAN VÍA;29;28013;Madrid;1;16;40,4200609;-3,7033971;24 horas;;;;;;;;YES;;;44,123458;0196;016;0196;016;RM016D0196;;;;;;;;
401;RM016D0197;Hotel, hostal, alojamiento;Pública;Público;HYATT Centric;HYATT Centric, sala de seguridad ;CALLE;CHINCHILLA;S/N;28013;Madrid;1;16;40,4197413;-3,7037189;24 horas;;;;;;;;YES;;;44,1234602;0197;016;0197;016;RM016D0197;;;;;;;;
2630;RM016D0198;Centro educativo;Privada;Público;Colegio Aparejadores y Arquitectos ;Al lado de la entrada principal;CALLE;MAESTRO VICTORIA;3;28013;Madrid;1;16;40,41787556;-3,705620041;NO;8;18;0;0;0;0;No;NO;;;44,1234956;0198;016;0198;016;RM016D0198;;;;;;;;
3033;RM014D0199;Centro de trabajo (no administración pública);Privada;Privado;ASOCIACION NACIONAL DE PERFUMERIA Y COSMETICA;ASOCIACION NACIONAL DE PERFUMERIA Y COSMETICA;PLAZA;SANTA BÁRBARA;3;28004;Madrid;1;14;40,427245;-3,696386;NO;9;16;0;0;0;0;No;NO;;;44,123631;0199;014;0199;014;RM014D0199;;;;;;;;
292;RM016D0200;Otro establecimiento administración pública;Pública;Público;DG patrimonio cultural ;Patrimonio cultural;CALLE;MAYOR;18;28013;Madrid;1;16;40,4169601;-3,7067246;NO;7;20;0;0;0;0;No;NO;;;44,1236847;0200;016;0200;016;RM016D0200;;;;;;;;
400;RM016D0201;Hotel, hostal, alojamiento;Pública;Público;HYATT Centric;HYATT Céntrico Gran Via;CALLE;GRAN VÍA;31;28013;Madrid;1;16;40,4200083;-3,703727;24 horas;;;;;;;;YES;;;44,1237353;0201;016;0201;016;RM016D0201;;;;;;;;
892;RM015D0202;Centro comercial;Privada;Público;Primark;Primark;CALLE;GRAN VÍA;32;28013;Madrid;1;15;40,4202957;-3,703447;NO;9;22;9;22;9;22;Sí;YES;;;44,1237427;0202;015;0202;015;RM015D0202;;;;;;;;
894;RM015D0203;Centro comercial;Privada;Público;Primark;Primark;CALLE;GRAN VÍA;32;28013;Madrid;1;15;40,4202957;-3,703447;NO;9;22;9;22;9;22;Sí;YES;;;44,1237427;0203;015;0203;015;RM015D0203;;;;;;;;
2120;RM014D0204;Centro educativo;Privada;Público;Colegio Santa Isabel;Colegio Santa Isabel;TRAVESÍA;SAN MATEO;5;28004;Madrid;1;14;40,4255153;-3,698229;NO;8;16;0;0;0;0;No;NO;;;44,1237443;0204;014;0204;014;RM014D0204;;;;;;;;
2634;RM016D0205;Hotel, hostal, alojamiento;Privada;Público;HOTEL EDITION;Contiguo a subastas el Monte ;PLAZA;CELENQUE;2;28013;Madrid;1;16;40,41759385;-3,7061786;24 horas;;;;;;;;YES;;;44,12377245;0205;016;0205;016;RM016D0205;;;;;;;;
1432;RM011D0206;Otro establecimiento administración pública;Pública;Público;Ayuntamiento de Madrid;Biblioteca Iván de Vargas ;CALLE;SAN JUSTO;5;28005;Madrid;1;11;40,4141176;-3,7097294;NO;9;21;9;15;9;15;No;NO;;;44,123847;0206;011;0206;011;RM011D0206;;;;;;;;
1443;RM011D0207;Centro deportivo;Privada;Público;Vivagym;Gimnasio Viva Gym;CALLE;CONDE DE MIRANDA;1;28005;Madrid;1;11;40,4148883;-3,7092372;NO;7;23;9;20;9;15;No;NO;;;44,1241255;0207;011;0207;011;RM011D0207;;;;;;;;
1454;RM011D0208;Centro educativo;Privada;Público;Centro de Enseñanza Secundaria Santa Barbara;Centro de Enseñanza Secundaria Santa Barbara;PLAZA;PAJA;4;28005;Madrid;1;11;40,4126429;-3,7114997;NO;8;19;0;0;0;0;No;NO;;;44,1241426;0208;011;0208;011;RM011D0208;;;;;;;;
407;RM016D0209;Otro establecimiento administración pública;Pública;Público;Museo Plaza de las Descalzas;Museo Plaza de las Descalzas;PLAZA;MISERICORDIA;S/N;28013;Madrid;1;16;40,4181498;-3,7060072;24 horas;;;;;;;;YES;;;44,124157;0209;016;0209;016;RM016D0209;;;;;;;;
818;RM015D0210;Centro de trabajo (no administración pública);Privada;Privado;Prisa Radio ;Prisa Radio ;CALLE;GRAN VÍA;32 B;28013;Madrid;1;15;40,4203447;-3,7038913;24 horas;;;;;;;;YES;;;44,124236;0210;015;0210;015;RM015D0210;;;;;;;;
2128;RM014D0211;Restaurante o similar;Privada;Público;Restaurante Casa Hortensia ;Restaurante Casa Hortensia;CALLE;FARMACIA;2;28004;Madrid;1;14;40,4238775;-3,7003834;NO;13;0;13;0;13;0;No;NO;;;44,1242609;0211;014;0211;014;RM014D0211;;;;;;;;
2129;RM014D0212;Centro educativo;Pública;Público;Comunidad de Madrid;Escuela oficial de idiomas;CALLE;SANTA BRÍGIDA;10;28004;Madrid;1;14;40,4245266;-3,6998163;NO;8;21;0;0;0;0;No;NO;;;44,1243429;0212;014;0212;014;RM014D0212;;;;;;;;
1395;RM011D0213;Otro;Privada;Público;Arzobispado de Madrid ;Basílica de San Francisco el Grande;PLAZA;SAN FRANCISCO;1;28005;Madrid;1;11;40,4105047;-3,7140223;NO;10;18;8;21;10;13;No;NO;;;44,124527;0213;011;0213;011;RM011D0213;;;;;;;;
2098;RM015D0214;Hotel, hostal, alojamiento;Privada;Público;Hotel Meliá Innside Gran Vía ;Hotel Meliá Innside Gran Vía ;CALLE;MESONERO ROMANOS;13;28004;Madrid;1;15;40,4205348;-3,7040236;24 horas;;;;;;;;YES;;;44,1245584;0214;015;0214;015;RM015D0214;;;;;;;;
2952;RM014D0215;Otro establecimiento administración pública;Pública;Público;Museo del Romanticismo;Museo del Romanticismo;CALLE;SAN MATEO;13;28004;Madrid;1;14;40,42587199;-3,698795511;NO;8;20;8;20;10;15;No;NO;;;44,1246675;0215;014;0215;014;RM014D0215;;;;;;;;
298;RM016D0216;Hotel, hostal, alojamiento;Privada;Público;Hotel Francisco l;Hotel;CALLE;ARENAL;15;28013;Madrid;1;16;40,4174644;-3,7072819;24 horas;;;;;;;;YES;;;44,1247463;0216;016;0216;016;RM016D0216;;;;;;;;
819;RM015D0217;Hotel, hostal, alojamiento;Privada;Público;Hotel Atlántico;Hotel Atlántico;CALLE;GRAN VÍA;38;28013;Madrid;1;15;40,4203263;-3,7045481;24 horas;;;;;;;;YES;;;44,1248744;0217;015;0217;015;RM015D0217;;;;;;;;
3043;RM014D0218;Centro de trabajo (no administración pública);Privada;Privado;CONSEJO GENERAL DE PROCURADORES;CONSEJO GENERAL DE PROCURADORES;CALLE;SERRANO ANGUITA;8;28004;Madrid;1;14;40,427193;-3,697693;NO;8;16;0;0;0;0;No;NO;;;44,124886;0218;014;0218;014;RM014D0218;;;;;;;;
1459;RM011D0219;Centro educativo;Pública;Público;Comunidad de Madrid;Colegio san Ildefonso ;CALLE;ALFONSO VI;1;28005;Madrid;1;11;40,4129222;-3,7119664;NO;8;22;0;0;0;0;No;NO;;;44,1248886;0219;011;0219;011;RM011D0219;;;;;;;;
320;RM011D0220;Centro educativo;Privada;Público;Centro de estudios ;Centro estudios calle mayor ;CALLE;MAYOR;49;28013;Madrid;1;11;40,415803;-3,709107;NO;8;21;0;0;0;0;No;NO;;;44,12491;0220;011;0220;011;RM011D0220;;;;;;;;
3040;RM014D0221;Otro establecimiento administración pública;Pública;Público;PATRONATO MUNICIPAL DE ASISTENCIA MEDICA Y ESPECIALIDADES;PATRONATO MUNICIPAL DE ASISTENCIA MEDICA Y ESPECIALIDADES;CALLE;HERMANOS ÁLVAREZ QUINTERO;3;28004;Madrid;1;14;40,427498;-3,697433;NO;9;17;0;0;0;0;No;NO;;;44,124931;0221;014;0221;014;RM014D0221;;;;;;;;
288;RM016D0222;Centro educativo;Privada;Público;Teamlambs;Universidad privada ;PLAZA;SAN MARTÍN;1;28013;Madrid;1;16;40,4178648;-3,7071009;NO;9;20;0;0;0;0;No;NO;;;44,1249657;0222;016;0222;016;RM016D0222;;;;;;;;
1434;RM011D0223;Otro establecimiento administración pública;Pública;Público;Ayuntamiento de Madrid;Agencia Tributaria ;CALLE;SACRAMENTO;1;28005;Madrid;1;11;40,4143836;-3,7106645;NO;8;19;0;0;0;0;No;NO;;;44,1250481;0223;011;0223;011;RM011D0223;;;;;;;;
1396;RM011D0224;Centro educativo;Privada;Público;Arzobispado de Madrid ;Colegio Arzobispal ;PLAZA;SAN FRANCISCO;5;28005;Madrid;1;11;40,4110645;-3,714034;NO;9;17;0;0;0;0;No;NO;;;44,1250985;0224;011;0224;011;RM011D0224;;;;;;;;
1391;RM011D0225;Otro;Privada;Privado;Arzobispado de Madrid;Convento de la basílica de San Francisco el Grande;CALLE;SAN BUENAVENTURA;1;28005;Madrid;1;11;40,4107954;-3,714308;NO;10;22;10;22;10;22;No;NO;;;44,1251034;0225;011;0225;011;RM011D0225;;;;;;;;
1465;RM011D0226;Centro educativo;Privada;Público;Colegio Sagrado Corazón ;Colegio Sagrado Corazón ;CALLE;DON PEDRO;14;28005;Madrid;1;11;40,411766;-3,7133796;NO;8;18;0;0;0;0;No;NO;;;44,1251456;0226;011;0226;011;RM011D0226;;;;;;;;
406;RM016D0227;Centro comercial;Privada;Público;El Corte Inglés;Corte InglÉs Callao;PLAZA;CALLAO;2;28013;Madrid;1;16;40,4197091;-3,7054815;NO;10;22;10;22;10;22;No;NO;;;44,1251906;0227;016;0227;016;RM016D0227;;;;;;;;
3032;RM015D0228;Transportes-Metro;Pública;Público;Metro de Madrid;Estación de Metro Alonso Martínez;CALLE;SANTA BÁRBARA;2;28004;Madrid;1;15;40,424255;-3,701099;NO;6;2;6;2;6;2;No;YES;;;44,125354;0228;015;0228;015;RM015D0228;;;;;;;;
2951;RM014D0229;Hotel, hostal, alojamiento;Privada;Público;Hotel Bastardo;Hotel Bastardo;CALLE;SAN MATEO;3;28004;Madrid;1;14;40,42521924;-3,700188161;24 horas;;;;;;;;YES;;;44,1254074;0229;014;0229;014;RM014D0229;;;;;;;;
1436;RM011D0230;Otro establecimiento administración pública;Pública;Público;Ayuntamiento de Madrid;Agencia tributaria ;CALLE;SACRAMENTO;3;28005;Madrid;1;11;40,4144863;-3,7109307;NO;8;15;0;0;0;0;No;NO;;;44,125417;0230;011;0230;011;RM011D0230;;;;;;;;
1440;RM011D0231;Otro establecimiento administración pública;Pública;Público;Ayuntamiento de Madrid;Ayuntamiento de Madrid Casa Cisneros ;PLAZA;VILLA;4;28005;Madrid;1;11;40,4150501;-3,7104382;NO;8;20;0;0;0;0;No;NO;;;44,1254883;0231;011;0231;011;RM011D0231;;;;;;;;
879;RM015D0232;Hotel, hostal, alojamiento;Pública;Público;Smart Rental ;Smart Rental Gran Vía capital;CALLE;GRAN VÍA;42;28013;Madrid;1;15;40,4204075;-3,7052066;24 horas;;;;;;;;YES;;;44,1256141;0232;015;0232;015;RM015D0232;;;;;;;;
1382;RM011D0233;Otro establecimiento administración pública;Pública;Público;Ayuntamiento de Madrid;Apartamentos para mayores San Francisco ;CALLE;SAN BUENAVENTURA;3;28005;Madrid;1;11;40,4110428;-3,7145789;24 horas;;;;;;;;YES;;;44,1256217;0233;011;0233;011;RM011D0233;;;;;;;;
2963;RM014D0234;Centro deportivo;Pública;Público;Ayuntamiento de Madrid;CDM Barceló;CALLE;BARCELÓ;6;28004;Madrid;1;14;40,4267717;-3,6988569;NO;9;21;9;21;9;21;No;NO;;;44,1256286;0234;014;0234;014;RM014D0234;;;;;;;;
1466;RM011D0235;Otro establecimiento administración pública;Pública;Público;Ayuntamiento de Madrid;ILAB International Lab;CALLE;BAILÉN;41;28005;Madrid;1;11;40,4120037;-3,7137789;NO;9;21;0;0;0;0;No;NO;;;44,1257826;0235;011;0235;011;RM011D0235;;;;;;;;
405;RM016D0236;Transportes-Metro;Pública;Público;Metro de Madrid;Estación de Metro Callao;PLAZA;CALLAO;1;28013;Madrid;1;16;40,4199634;-3,705862;NO;6;2;6;2;6;2;No;YES;;;44,1258254;0236;016;0236;016;RM016D0236;;;;;;;;
1437;RM011D0237;Otro establecimiento administración pública;Pública;Público;Ayuntamiento de Madrid;Agencia tributaria ;CALLE;SACRAMENTO;5;28005;Madrid;1;11;40,4146249;-3,711275;NO;8;17;0;0;0;0;No;NO;;;44,1258999;0237;011;0237;011;RM011D0237;;;;;;;;
2119;RM014D0238;Centro educativo;Pública;Público;Colegio Isabel La Católica ;Colegio Isabel La Católica;CALLE;BARCELÓ;2;28004;Madrid;1;14;40,4263924;-3,6995308;NO;9;16;0;0;0;0;No;NO;;;44,1259232;0238;014;0238;014;RM014D0238;;;;;;;;
1385;RM011D0239;Otro establecimiento administración pública;Pública;Público;Ayuntamiento de Madrid;Centro de mayores San Francisco;CALLE;SAN BUENAVENTURA;3;28005;Madrid;1;11;40,411059;-3,714952;NO;9;20;11;20;11;20;No;NO;;;44,126011;0239;011;0239;011;RM011D0239;;;;;;;;
1473;RM011D0240;Centro educativo;Pública;Público;Ayuntamiento de Madrid;Colegio Vázquez de Mella ;CALLE;BAILÉN;18;28005;Madrid;1;11;40,4123693;-3,7139646;NO;9;16;0;0;0;0;No;NO;;;44,1263339;0240;011;0240;011;RM011D0240;;;;;;;;
3037;RM014D0241;Hotel, hostal, alojamiento;Privada;Público;HOTEL SAFESTAY MADRID CENTRAL;HOTEL SAFESTAY MADRID CENTRAL;CALLE;SAGASTA;22;28004;Madrid;1;14;40,428074;-3,698273;24 horas;;;;;;;;YES;;;44,126347;0241;014;0241;014;RM014D0241;;;;;;;;
1393;RM011D0242;Centro educativo;Privada;Público;Arzobispado de Madrid;Universidad San Damaso;CALLE;JERTE;10;28005;Madrid;1;11;40,4109522;-3,7154529;NO;8;21;0;0;0;0;No;NO;;;44,1264051;0242;011;0242;011;RM011D0242;;;;;;;;
2971;RM014D0243;Otro establecimiento administración pública;Pública;Público;Museo de Historia de Madrid;Museo de Historia de Madrid;CALLE;FUENCARRAL;78;28004;Madrid;1;14;40,4257954;-3,7007992;NO;10;19;10;19;10;19;No;NO;;;44,1265946;0243;014;0243;014;RM014D0243;;;;;;;;
1387;RM011D0244;Centro educativo;Privada;Público;Arzobispado de Madrid;Seminario Conciliar de Madrid;CALLE;SAN BUENAVENTURA;9;28005;Madrid;1;11;40,4116409;-3,7150322;NO;8;21;0;0;0;0;No;NO;;;44,1266731;0244;011;0244;011;RM011D0244;;;;;;;;
3044;RM014D0245;Otro;Privada;Público;COWORKING;COWORKING;CALLE;SERRANO ANGUITA;13;28004;Madrid;1;14;40,427828;-3,698862;NO;9;18;0;0;0;0;No;NO;;;44,12669;0245;014;0245;014;RM014D0245;;;;;;;;
2960;RM014D0246;Transportes-Metro;Pública;Público;Metro de Madrid;Estación de Metro Tribunal;CALLE;BARCELÓ;2;28004;Madrid;1;14;40,425708;-3,701082;NO;6;2;6;2;6;2;No;YES;;;44,12679;0246;014;0246;014;RM014D0246;;;;;;;;
2961;RM014D0247;Transportes-Metro;Pública;Público;Metro de Madrid;Estación de Metro Tribunal;CALLE;BARCELÓ;2;28004;Madrid;1;14;40,425708;-3,701082;NO;6;2;6;2;6;2;No;YES;;;44,12679;0247;014;0247;014;RM014D0247;;;;;;;;
3049;RM015D0248;Otro establecimiento administración pública;Pública;Público;Tribunal de Cuentas;Tribunal de Cuentas;CALLE;FUENCARRAL;81;28004;Madrid;1;15;40,425726;-3,701116;NO;8;21;0;0;0;0;No;NO;;;44,126842;0248;015;0248;015;RM015D0248;;;;;;;;
271;RM011D0249;Otro establecimiento administración pública;Pública;Público;Grupos políticos oposición ayuntamiento ;Oposición ayuntamiento Madrid ;CALLE;MAYOR;71;28013;Madrid;1;11;40,415262;-3,711657;NO;7;21;0;0;0;0;No;NO;;;44,126919;0249;011;0249;011;RM011D0249;;;;;;;;
404;RM011D0250;Hotel, hostal, alojamiento;Pública;Público;Hotel Vinci Capitol;Hotel Vinci Capitol;CALLE;GRAN VÍA;41;28013;Madrid;1;11;40,420548;-3,7065222;24 horas;;;;;;;;YES;;;44,1270702;0250;011;0250;011;RM011D0250;;;;;;;;
821;RM015D0251;Hotel, hostal, alojamiento;Privada;Público;Gran View Apartments;Gran View Apartments;CALLE;GRAN VÍA;48;28013;Madrid;1;15;40,4207952;-3,7064518;24 horas;;;;;;;;YES;;;44,127247;0251;015;0251;015;RM015D0251;;;;;;;;
423;RM011D0252;Hotel, hostal, alojamiento;Pública;Público;Aloft Hotels;Aloft Hotels;CALLE;JACOMETREZO;4;28013;Madrid;1;11;40,4202753;-3,7071324;24 horas;;;;;;;;YES;;;44,1274077;0252;011;0252;011;RM011D0252;;;;;;;;
3035;RM014D0253;Centro residencial de uso público;Pública;Público;ALBERGUE MUNICIPAL;ALBERGUE MUNICIPAL;CALLE;MEJÍA LEQUERICA;21;28004;Madrid;1;14;40,428002;-3,699411;24 horas;;;;;;;;YES;;;44,127413;0253;014;0253;014;RM014D0253;;;;;;;;
868;RM011D0254;Hotel, hostal, alojamiento;Privada;Público;Room Mate Hoteles;Macarena room mate;CALLE;GRAN VÍA;43;28013;Madrid;1;11;40,4206617;-3,7068434;24 horas;;;;;;;;YES;;;44,1275051;0254;011;0254;011;RM011D0254;;;;;;;;
433;RM011D0255;Transportes-Metro;Pública;Público;Metro de Madrid;Estación de Metro Ópera;PLAZA;ISABEL II;S/N;28013;Madrid;1;11;40,4182871;-3,7093207;NO;6;2;6;2;6;2;No;YES;;;44,1276078;0255;011;0255;011;RM011D0255;;;;;;;;
2102;RM015D0256;Otro establecimiento administración pública;Pública;Público;Delegación del Gobierno - Oficina de Extranjería ;Delegación del Gobierno - Oficina de Extranjería ;CALLE;SILVA;19;28004;Madrid;1;15;40,4215262;-3,7062338;NO;9;14;0;0;0;0;No;NO;;;44,12776;0256;015;0256;015;RM015D0256;;;;;;;;
823;RM015D0257;Otro establecimiento administración pública;Pública;Público;Juzgado de lo mercantil;Juzgado de lo mercantil;CALLE;GRAN VÍA;52;28013;Madrid;1;15;40,4210908;-3,7069101;NO;9;14;0;0;0;0;Sí;YES;;;44,1280009;0257;015;0257;015;RM015D0257;;;;;;;;
417;RM011D0258;Hotel, hostal, alojamiento;Pública;Público;Hotel Indigo;Hotel Indigo;CALLE;SILVA;9;28013;Madrid;1;11;40,4207682;-3,7073765;24 horas;;;;;;;;YES;;;44,1281447;0258;011;0258;011;RM011D0258;;;;;;;;
3050;RM015D0259;Hotel, hostal, alojamiento;Privada;Público;HOTEL LOS CONDES;HOTEL LOS CONDES;CALLE;LIBREROS;7;28004;Madrid;1;15;40,421871;-3,706489;24 horas;;;;;;;;YES;;;44,12836;0259;015;0259;015;RM015D0259;;;;;;;;
824;RM015D0260;Hotel, hostal, alojamiento;Pública;Público;Ikonik hotels;Ikonik Gran Vía;CALLE;GRAN VÍA;56;28013;Madrid;1;15;40,421406;-3,707412;24 horas;;;;;;;;YES;;;44,128818;0260;015;0260;015;RM015D0260;;;;;;;;
2104;RM015D0261;Centro educativo;Privada;Público;IED Madrid;IED Madrid;CALLE;FLOR ALTA;8;28004;Madrid;1;15;40,4216943;-3,7072203;NO;8;23;0;0;0;0;No;NO;;;44,1289146;0261;015;0261;015;RM015D0261;;;;;;;;
415;RM011D0262;Transportes-Metro;Pública;Público;Metro de Madrid;Estación de Metro Santo Domingo;PLAZA;SANTO DOMINGO;6;28013;Madrid;1;11;40,420428;-3,708556;NO;6;2;6;2;6;2;No;YES;;;44,128984;0262;011;0262;011;RM011D0262;;;;;;;;
414;RM011D0263;Hotel, hostal, alojamiento;Pública;Público;Hotel Inhala;Hotel Inhala;CALLE;SAN BERNARDO;1;28013;Madrid;1;11;40,4206694;-3,7084165;24 horas;;;;;;;;YES;;;44,1290859;0263;011;0263;011;RM011D0263;;;;;;;;
2966;RM011D0264;Centro de trabajo (no administración pública);Privada;Privado;SATSE;SATSE SINDICATO;CUESTA;SANTO DOMINGO;6;28013;Madrid;1;11;40,419363;-3,70976;NO;9;17;0;0;0;0;No;NO;;;44,129123;0264;011;0264;011;RM011D0264;;;;;;;;
2964;RM011D0265;Hotel, hostal, alojamiento;Privada;Público;PALACIO DE LOS DUQUES GRAN MELIÁ HOTEL;PALACIO DE LOS DUQUES GRAN MELIÁ HOTEL;CUESTA;SANTO DOMINGO;5;28013;Madrid;1;11;40,419598;-3,709597;24 horas;;;;;;;;YES;;;44,129195;0265;011;0265;011;RM011D0265;;;;;;;;
2653;RM011D0266;Otro establecimiento administración pública;Pública;Público;Ayuntamiento de Madrid;Ayuntamiento Madrid;CALLE;MAYOR;83;28013;Madrid;1;11;40,415009;-3,714272;NO;7;18;0;0;0;0;No;NO;;;44,129281;0266;011;0266;011;RM011D0266;;;;;;;;
845;RM011D0267;Hotel, hostal, alojamiento;Pública;Público;Hotel Emperador;Hotel Emperador;CALLE;GRAN VÍA;53;28013;Madrid;1;11;40,4214359;-3,7080728;24 horas;;;;;;;;YES;;;44,1295087;0267;011;0267;011;RM011D0267;;;;;;;;
3039;RM014D0268;Otro establecimiento administración pública;Pública;Público;Comunidad de Madrid;CONSEJERIA DE SANIDAD;CALLE;SAGASTA;6;28004;Madrid;1;14;40,42860572;-3,701110877;NO;9;14;0;0;0;0;No;NO;;;44,1297166;0268;014;0268;014;RM014D0268;;;;;;;;
3191;RM015D0269;Centro de trabajo (no administración pública);Privada;Privado;Desconocido;EDIFICIO MULTIOFICINAS SAN BERNARDO 20;CALLE;SAN BERNARDO;20;28015;Madrid;1;15;40,422757;-3,707502;NO;8;20;0;0;0;0;No;NO;;;44,130259;0269;015;0269;015;RM015D0269;;;;;;;;
2968;RM011D0270;Hotel, hostal, alojamiento;Privada;Público;Palacio de los Duques Gran Meliá Hotel;Palacio de los Duques Gran Meliá Hotel;CUESTA;SANTO DOMINGO;5;28013;Madrid;1;11;40,419938;-3,710427;24 horas;;;;;;;;YES;;;44,130365;0270;011;0270;011;RM011D0270;;;;;;;;
2956;RM011D0271;Otro establecimiento administración pública;Pública;Público;PALACIO REAL;PALACIO REAL ARCO DE SANTIAGO;CALLE;BAILÉN;S/N;28013;Madrid;1;11;40,417229;-3,713328;NO;10;19;10;19;10;15;No;NO;;;44,130557;0271;011;0271;011;RM011D0271;;;;;;;;
2972;RM011D0272;Centro educativo;Pública;Público;Comunidad de Madrid;IES Santa Teresa de Jesús;CALLE;FOMENTO;9;28013;Madrid;1;11;40,4206;-3,710101;NO;9;14;0;0;0;0;No;NO;;;44,130701;0272;011;0272;011;RM011D0272;;;;;;;;
2974;RM011D0273;Centro educativo;Privada;Público;ESCUELA SUPERIOR DE RESTAURACION Y CONSERVACION;ESCUELA SUPERIOR DE RESTAURACION Y CONSERVACION;CALLE;GUILLERMO ROLLAND;2;28013;Madrid;1;11;40,420271;-3,710602;NO;8;20;0;0;0;0;No;NO;;;44,130873;0273;011;0273;011;RM011D0273;;;;;;;;
2950;RM011D0274;Otro establecimiento administración pública;Pública;Público;PALACIO REAL;PALACIO REAL;CALLE;BAILÉN;S/N;28013;Madrid;1;11;40,417498;-3,713454;NO;10;19;10;19;10;15;No;NO;;;44,130952;0274;011;0274;011;RM011D0274;;;;;;;;
2115;RM015D0275;Centro educativo;Privada;Público;Centro educativo María inmaculada ;Centro educativo María Inmaculada;CALLE;SAN ANDRÉS;34;28004;Madrid;1;15;40,4278932;-3,7032432;NO;9;21;0;0;0;0;No;NO;;;44,1311364;0275;015;0275;015;RM015D0275;;;;;;;;
2114;RM015D0276;Centro educativo;Pública;Público;Comunidad de Madrid;CEIP Pi i Margall;PLAZA;DOS DE MAYO;2;28004;Madrid;1;15;40,4267721;-3,7045802;NO;8;17;0;0;0;0;No;NO;;;44,1313523;0276;015;0276;015;RM015D0276;;;;;;;;
827;RM015D0277;Hotel, hostal, alojamiento;Pública;Público;Vincci Hoteles;Vincci Vía ;CALLE;GRAN VÍA;66;28013;Madrid;1;15;40,4224022;-3,7089744;24 horas;;;;;;;;YES;;;44,1313766;0277;015;0277;015;RM015D0277;;;;;;;;
2973;RM011D0278;Centro educativo;Pública;Público;Comunidad de Madrid;IES Santa Teresa de Jesús;CALLE;TORIJA;9;28013;Madrid;1;11;40,420733;-3,710811;NO;9;14;0;0;0;0;No;NO;;;44,131544;0278;011;0278;011;RM011D0278;;;;;;;;
3189;RM015D0279;Transportes-Metro;Pública;Público;Metro de Madrid;Estación de Metro Noviciado;CALLE;SAN BERNARDO;45;28015;Madrid;1;15;40,424188;-3,707442;NO;6;2;6;2;6;2;No;YES;;;44,13163;0279;015;0279;015;RM015D0279;;;;;;;;
3188;RM015D0280;Centro de trabajo (no administración pública);Privada;Público;SINDICATO UGT;UGT SERVICIOS PUBLICOS MADRID;CALLE;ANTONIO GRILO;10;28015;Madrid;1;15;40,423528;-3,708165;NO;9;18;0;0;0;0;No;NO;;;44,131693;0280;015;0280;015;RM015D0280;;;;;;;;
2106;RM015D0281;Otro;Privada;Público;Cruz Roja;Cruz Roja;CALLE;POZAS;14;28004;Madrid;1;15;40,4253155;-3,7064878;NO;8;21;0;0;0;0;No;NO;;;44,1318033;0281;015;0281;015;RM015D0281;;;;;;;;
3195;RM015D0282;Centro educativo;Pública;Público;Comunidad de Madrid;ESCUELA SUPERIOR DE CANTO;CALLE;SAN BERNARDO;44;28015;Madrid;1;15;40,424608;-3,707314;NO;8;22;10;15;0;0;No;NO;;;44,131922;0282;015;0282;015;RM015D0282;;;;;;;;
2949;RM011D0283;Otro establecimiento administración pública;Pública;Público;MUSEO REAL MONASTERIO DE LA ENCARNACIÓN;MUSEO REAL MONASTERIO DE LA ENCARNACIÓN;PLAZA;ENCARNACIÓN;1;28013;Madrid;1;11;40,420477;-3,711452;NO;10;18;10;18;10;15;No;NO;;;44,131929;0283;011;0283;011;RM011D0283;;;;;;;;
829;RM015D0284;Hotel, hostal, alojamiento;Pública;Público;Catalonia Hotels;Catalonia Plaza España;CALLE;GRAN VÍA;70;28013;Madrid;1;15;40,4226861;-3,7094428;24 horas;;;;;;;;YES;;;44,1321289;0284;015;0284;015;RM015D0284;;;;;;;;
2957;RM015D0285;Otro;Privada;Público;Impress Smile;Impress Smile 2;CALLE;CARRANZA;7;28004;Madrid;1;15;40,4290165;-3,7031556;NO;9;20;9;20;9;20;No;NO;;;44,1321721;0285;015;0285;015;RM015D0285;;;;;;;;
3190;RM015D0286;Hotel, hostal, alojamiento;Privada;Público;SMART RENTAL;HOTEL AKEAH MADRID;CALLE;SAN BERNARDO;48;28015;Madrid;1;15;40,424887;-3,707328;24 horas;;;;;;;;YES;;;44,132215;0286;015;0286;015;RM015D0286;;;;;;;;
2110;RM015D0287;Centro educativo;Privada;Público;Escuela de Artes aplicadas y oficios artísticos La Palma;Escuela de Artes aplicadas y oficios artísticos La Palma;CALLE;PALMA;46;28004;Madrid;1;15;40,4266019;-3,7058638;NO;8;21;0;0;0;0;No;NO;;;44,1324657;0287;015;0287;015;RM015D0287;;;;;;;;
2962;RM011D0288;Hotel, hostal, alojamiento;Privada;Público;ESPAHOTEL GRAN VIA;ESPAHOTEL GRAN VIA;CALLE;GRAN VÍA;65;28013;Madrid;1;11;40,422664;-3,709913;24 horas;;;;;;;;YES;;;44,132577;0288;011;0288;011;RM011D0288;;;;;;;;
3194;RM015D0289;Centro educativo;Pública;Público;Comunidad de Madrid;INSTITUTO CARDENAL CISNEROS;CALLE;REYES;4;28015;Madrid;1;15;40,424396;-3,708185;NO;8;20;0;0;0;0;No;NO;;;44,132581;0289;015;0289;015;RM015D0289;;;;;;;;
831;RM015D0290;Hotel, hostal, alojamiento;Pública;Público;Hotel Melia;Meliá Madrid Centro;CALLE;GRAN VÍA;72;28013;Madrid;1;15;40,4229344;-3,7098109;24 horas;;;;;;;;YES;;;44,1327453;0290;015;0290;015;RM015D0290;;;;;;;;
834;RM015D0291;Hotel, hostal, alojamiento;Privada;Público;Hoteles Melia;Hotel Madrid Plaza España;CALLE;GRAN VÍA;74;28013;Madrid;1;15;40,4229801;-3,7098786;24 horas;;;;;;;;YES;;;44,1328587;0291;015;0291;015;RM015D0291;;;;;;;;
2948;RM011D0292;Centro educativo;Pública;Público;CENTRO DE ESTUDIOS POLÍTICOS Y CONSTITUCIONALES;CENTRO DE ESTUDIOS POLÍTICOS Y CONSTITUCIONALES;PLAZA;MARINA ESPAÑOLA;9;28013;Madrid;1;11;40,420634;-3,712412;NO;8;20;0;0;0;0;No;NO;;;44,133046;0292;011;0292;011;RM011D0292;;;;;;;;
3056;RM015D0293;Otro establecimiento administración pública;Pública;Privado;Bomberos de Madrid;PARQUE 6 DE BOMBEROS;CALLE;SAN BERNARDO;68;28015;Madrid;1;15;40,42674102;-3,706544967;24 horas;;;;;;;;YES;;;44,13328598;0293;015;0293;015;RM015D0293;;;;;;;;
3196;RM015D0294;Centro educativo;Pública;Público;Comunidad de Madrid;INSTITUTO LOPE DE VEGA;CALLE;SAN BERNARDO;70;28004;Madrid;1;15;40,427039;-3,706392;NO;8;21;0;0;0;0;No;NO;;;44,133431;0294;015;0294;015;RM015D0294;;;;;;;;
2970;RM011D0295;Centro de trabajo (no administración pública);Privada;Privado;OFICINAS;EDIFICIO COMPOSTELA;CALLE;LEGANITOS;47;28013;Madrid;1;11;40,422685;-3,710751;24 horas;;;;;;;;YES;;;44,133436;0295;011;0295;011;RM011D0295;;;;;;;;
2959;RM011D0296;Otro establecimiento administración pública;Pública;Público;SENADO;SENADO;CALLE;BAILÉN;3;28013;Madrid;1;11;40,4212019;-3,712484;NO;9;19;0;0;0;0;No;NO;;;44,1336859;0296;011;0296;011;RM011D0296;;;;;;;;
836;RM015D0297;Hotel, hostal, alojamiento;Pública;Público;Hoteles Dear;Dear hotel;CALLE;GRAN VÍA;80;28013;Madrid;1;15;40,4233196;-3,7104794;24 horas;;;;;;;;YES;;;44,133799;0297;015;0297;015;RM015D0297;;;;;;;;
3446;RM015D0298;Transportes-Metro;Pública;Público;Comunidad de Madrid;Estación de Metro Plaza de España;PLAZA;ESPAÑA;18;28008;Madrid;1;15;40,42333;-3,7105119;NO;6;2;6;2;6;2;No;YES;;;44,1338419;0298;015;0298;015;RM015D0298;;;;;;;;
3187;RM015D0299;Centro educativo;Pública;Público;UCM;Escuela de Practica Jurídica de la UCM;CALLE;AMANIEL;2;28015;Madrid;1;15;40,425232;-3,708823;NO;9;14;0;0;0;0;No;NO;;;44,134055;0299;015;0299;015;RM015D0299;;;;;;;;
2430;RM011D0300;Hotel, hostal, alojamiento;Privada;Público;Hotel VP Plaza España;Hotel VP Plaza España;PLAZA;ESPAÑA;5;28008;Madrid;1;11;40,42263085;-3,711740539;24 horas;;;;;;;;YES;;;44,13437139;0300;011;0300;011;RM011D0300;;;;;;;;
2141;RM011D0301;Hotel, hostal, alojamiento;Privada;Público;Espahotel;Espahotel Plaza España;PLAZA;ESPAÑA;7;28008;Madrid;1;11;40,42239409;-3,712150621;24 horas;;;;;;;;YES;;;44,13454471;0301;011;0301;011;RM011D0301;;;;;;;;
3180;RM015D0302;Centro deportivo;Privada;Público;CROSSFITDB;GIMNASIO CROSSFIT DB;CALLE;DOS AMIGOS;3;28015;Madrid;1;15;40,424736;-3,710062;NO;8;20;10;13;0;0;No;NO;;;44,134798;0302;015;0302;015;RM015D0302;;;;;;;;
2954;RM015D0303;Hotel, hostal, alojamiento;Privada;Público;HOTEL RIU;HOTEL RIU;CALLE;GRAN VÍA;84;28013;Madrid;1;15;40,42400456;-3,711035937;24 horas;;;;;;;;YES;;;44,1350405;0303;015;0303;015;RM015D0303;;;;;;;;
3192;RM015D0304;Centro deportivo;Privada;Público;FITUP S.L.;GIMNASIO FITUP SMART GYM;CALLE;ALBERTO AGUILERA;1;28015;Madrid;1;15;40,429574;-3,706634;NO;7;23;9;20;9;15;No;NO;;;44,136208;0304;015;0304;015;RM015D0304;;;;;;;;
3183;RM015D0305;Otro establecimiento administración pública;Pública;Público;Ayuntamiento de Madrid;CUARTEL DEL CONDE DUQUE / PATIO CENTRAL;CALLE;CONDE DUQUE;9;28015;Madrid;1;15;40,427357;-3,710571;NO;9;21;9;21;11;14;No;NO;;;44,137928;0305;015;0305;015;RM015D0305;;;;;;;;
3186;RM015D0306;Otro establecimiento administración pública;Pública;Público;Ayuntamiento de Madrid;CENTRO CULTURAL CONDE DUQUE / ACCESO PATIO SUR;CALLE;CONDE DUQUE;9;28015;Madrid;1;15;40,427357;-3,710571;NO;9;21;9;21;11;14;No;NO;;;44,137928;0306;015;0306;015;RM015D0306;;;;;;;;
3184;RM015D0307;Otro establecimiento administración pública;Pública;Público;Ayuntamiento de Madrid;CENTRO CULTURAL CONDE DUQUE / CONTROL FICHAJE PERSONAL;CALLE;CONDE DUQUE;9;28015;Madrid;1;15;40,427995;-3,710171;NO;9;21;9;21;11;14;No;NO;;;44,138166;0307;015;0307;015;RM015D0307;;;;;;;;
3181;RM015D0308;Centro educativo;Privada;Público;ORGANIZACION DON QUIJOTE.ORG;ESCUELA DON QUIJOTE;CALLE;DUQUE DE LIRIA;6;28015;Madrid;1;15;40,426192;-3,712353;NO;9;15;0;0;0;0;No;NO;;;44,138545;0308;015;0308;015;RM015D0308;;;;;;;;
2979;RM015D0309;Centro educativo;Privada;Público;Escuela Enforex;Escuela Enforex;CALLE;BALTASAR GRACIÁN;4;28015;Madrid;1;15;40,42958477;-3,710446299;NO;9;15;0;0;0;0;No;NO;;;44,14003107;0309;015;0309;015;RM015D0309;;;;;;;;
2466;RM015D0310;Viviendas;Privada;Privado;Casa de Alba;Palacio de Liria;CALLE;PRINCESA;20;28008;Madrid;1;15;40,42757096;-3,712688566;NO;10;15;10;15;10;15;No;NO;;;44,14025953;0310;015;0310;015;RM015D0310;;;;;;;;
2992;RM015D0311;Centro educativo;Privada;Público;Universidad Pontificia Comillas;Universidad Pontificia de Comillas;CALLE;ALBERTO AGUILERA;23;28015;Madrid;1;15;40,42976858;-3,711320636;NO;8;21;0;0;0;0;No;NO;;;44,14108922;0311;015;0311;015;RM015D0311;;;;;;;;
3177;RM015D0312;Centro educativo;Privada;Público;Universidad Pontificia Comillas;UNIVERSIDAD DE COMILLAS;CALLE;ALBERTO AGUILERA;23;28015;Madrid;1;15;40,429957;-3,711242;NO;8;21;8;14;0;0;No;NO;;;44,141199;0312;015;0312;015;RM015D0312;;;;;;;;
2977;RM015D0313;Centro educativo;Privada;Público;Universidad Nebrija;Universidad Nebrija;CALLE;SANTA CRUZ DE MARCENADO;27;28015;Madrid;1;15;40,42924988;-3,712163989;NO;10;21;8;15;0;0;No;NO;;;44,14141387;0313;015;0313;015;RM015D0313;;;;;;;;
2105;RM015D0314;Otro establecimiento administración pública;Pública;Público;Ministerio de Defensa;Tribunal Militar Central;CALLE;PRINCESA;36;28008;Madrid;1;15;40,42822784;-3,71427522;24 horas;;;;;;;;YES;;;44,14250306;0314;015;0314;015;RM015D0314;;;;;;;;
2996;RM015D0315;Centro educativo;Privada;Público;Universidad Pontificia Comillas;Universidad Pontificia de Comillas;CALLE;ALBERTO AGUILERA;25;28015;Madrid;1;15;40,4300764;-3,712538175;NO;8;21;0;0;0;0;No;NO;;;44,14261458;0315;015;0315;015;RM015D0315;;;;;;;;
3182;RM015D0316;Centro de trabajo (no administración pública);Privada;Público;SERVISA;OFICINA SERVISA;CALLE;SANTA CRUZ DE MARCENADO;33;28015;Madrid;1;15;40,429809;-3,714104;NO;8;17;0;0;0;0;No;NO;;;44,143913;0316;015;0316;015;RM015D0316;;;;;;;;
2900;RM015D0317;Centro comercial;Privada;Público;El Corte Inglés;Corte Inglés Princesa;CALLE;PRINCESA;56;28008;Madrid;1;15;40,43012031;-3,715639221;NO;10;22;10;22;11;21;No;NO;;;44,14575953;0317;015;0317;015;RM015D0317;;;;;;;;
1016;RM015D0318;Transportes-Metro;Pública;Público;Metro de Madrid;Estación de Metro Argüelles;CALLE;PRINCESA;42;28008;Madrid;1;15;40,43034;-3,715889;NO;6;2;6;2;6;2;No;YES;;;44,146229;0318;015;0318;015;RM015D0318;;;;;;;;
1948;RM027D0001;Centro de trabajo (no administración pública);Privada;Privado;Edificio de oficinas Multiple;Edificio de Oficinas Acanto 22;CALLE;ACANTO;22;28045;Madrid;2;27;40,393892;-3,675868;NO;7;22;0;0;0;0;Sí;YES;;;44,06976;0001;027;0001;027;RM027D0001;;;;;;;;
1929;RM024D0002;Centro de trabajo (no administración pública);Privada;Privado;Edificio Oficinas Adif;Edificio Adif;CALLE;TITÁN;4;28045;Madrid;2;24;40,39223;-3,678085;NO;0;0;0;0;0;0;No;NO;;;44,070315;0002;024;0002;024;RM024D0002;;;;;;;;
1925;RM024D0003;Centro de trabajo (no administración pública);Privada;Privado;Edificio de oficinas (múltiples empresas);Edificio de oficinas;CALLE;TITÁN;8;28045;Madrid;2;24;40,391726;-3,6787392;NO;7;22;0;0;0;0;Sí;YES;;;44,0704652;0003;024;0003;024;RM024D0003;;;;;;;;
1933;RM024D0004;Centro de trabajo (no administración pública);Privada;Privado;Edificio de Oficinas Mahou en Taller de Salud;Edificio Oficinas Mahou;CALLE;TITÁN;15;28045;Madrid;2;24;40,3910417;-3,6803723;NO;7;22;0;0;0;0;No;NO;;;44,071414;0004;024;0004;024;RM024D0004;;;;;;;;
1970;RM027D0005;Centro de trabajo (no administración pública);Privada;Privado;Edificio de Oficinas Ombu;Edificio de Oficinas Ombu;CALLE;OMBÚ;3;28045;Madrid;2;27;40,3951886;-3,6769904;NO;8;20;0;0;0;0;Sí;YES;;;44,072179;0005;027;0005;027;RM027D0005;;;;;;;;
2006;RM027D0006;Transportes-Autobús;Pública;Público;Comunidad de Madrid;Intercambiador Méndez Álvaro;CALLE;MÉNDEZ ÁLVARO;S/N;28045;Madrid;2;27;40,394764;-3,677826;NO;6;2;6;2;6;2;Sí;YES;;;44,07259;0006;027;0006;027;RM027D0006;;;;;;;;
1997;RM027D0007;Transportes-Intercambiador uso mixto;Pública;Público;Comunidad de Madrid;Intercambiador Méndez Álvaro;CALLE;OMBÚ;S/N;28045;Madrid;2;27;40,395502;-3,67792;24 horas;;;;;;;;YES;;;44,073422;0007;027;0007;027;RM027D0007;;;;;;;;
2005;RM027D0008;Transportes-Renfe;Pública;Público;ADIF;Estación de Cercanías Méndez Álvaro acceso Pedro Bosch;CALLE;MÉNDEZ ÁLVARO;S/N;28045;Madrid;2;27;40,396111;-3,678337;NO;5;0;6;0;6;0;Sí;YES;;;44,074448;0008;027;0008;027;RM027D0008;;;;;;;;
2004;RM027D0009;Transportes-Metro;Pública;Público;Metro de Madrid;Estación de Metro Méndez Alvaro;CALLE;MÉNDEZ ÁLVARO;S/N;28045;Madrid;2;27;40,396283;-3,67878;NO;6;2;6;2;6;2;No;YES;;;44,075063;0009;027;0009;027;RM027D0009;;;;;;;;
1715;RM024D0010;Centro residencial de uso público;Pública;Público;Amavir;Amavir;CALLE;EMBAJADORES;211;28045;Madrid;2;24;40,3861557;-3,689171;NO;8;22;8;22;8;22;Sí;YES;;;44,0753267;0010;024;0010;024;RM024D0010;;;;;;;;
3515;RM027D0011;Centro educativo;Pública;Público;CAM;CEIP Plácido Domingo;CALLE;TEJO;5;28045;Madrid;2;27;40,39727;-3,6785;NO;9;16;0;0;0;0;No;NO;;;44,07577;0011;027;0011;027;RM027D0011;;;;;;;;
346;RM027D0012;Viviendas;Privada;Privado;Comunidad de propietarios, calle de la jacaranda 10;A la derecha del fitness park;CALLE;MÉNDEZ ÁLVARO;57;28045;Madrid;2;27;40,39642089;-3,680756894;24 horas;;;;;;;;YES;;;44,07717778;0012;027;0012;027;RM027D0012;;;;;;;;
382;RM025D0013;Viviendas;Privada;Privado;Comunidad de propietarios, calle de la jacaranda 10;Soportales de la comunidad;CALLE;AMALTEA;6;28045;Madrid;2;25;40,39446324;-3,682740301;24 horas;;;;;;;;YES;;;44,07720354;0013;025;0013;025;RM025D0013;;;;;;;;
338;RM027D0014;Viviendas;Privada;Privado;Comunidad de propietarios, calle de la jacaranda 10;Edificio en frente del parque planta baja;CALLE;JACARANDA;10;28045;Madrid;2;27;40,39741689;-3,679906723;24 horas;;;;;;;;YES;;;44,07732361;0014;027;0014;027;RM027D0014;;;;;;;;
1910;RM024D0015;Otro establecimiento administración pública;Pública;Público;Ayuntamiento de Madrid;Planetario de Arganzuela;AVENIDA;PLANETARIO;16;28045;Madrid;2;24;40,39267;-3,685268;NO;10;19;10;19;10;19;No;NO;;;44,077938;0015;024;0015;024;RM024D0015;;;;;;;;
380;RM025D0016;Centro de trabajo (no administración pública);Privada;Privado;Empresas;Unión de créditos inmobiliarios planta 4;CALLE;AMALTEA;32;28045;Madrid;2;25;40,39531947;-3,68267825;NO;9;18;0;0;0;0;No;NO;;;44,07799772;0016;025;0016;025;RM025D0016;;;;;;;;
379;RM025D0017;Otro;Privada;Privado;Inmocriteria patrimonio;Inmocriteria patrimonio;CALLE;AMALTEA;32;28045;Madrid;2;25;40,39532799;-3,682760819;NO;9;18;0;0;0;0;No;NO;;;44,07808881;0017;025;0017;025;RM025D0017;;;;;;;;
1895;RM024D0018;Centro de trabajo (no administración pública);Privada;Privado;Empresa privada;Edificio Oficinas Nestares 20;CALLE;NESTARES;20;28045;Madrid;2;24;40,3859555;-3,6922347;NO;8;18;0;0;0;0;No;NO;;;44,0781902;0018;024;0018;024;RM024D0018;;;;;;;;
3543;RM027D0019;Centro educativo;Pública;Público;Comunidad de Madrid;IES Antonio Fraguas Forges;CALLE;LEGANÉS;10;28045;Madrid;2;27;40,399057;-3,679778;NO;9;15;0;0;0;0;No;NO;;;44,078835;0019;027;0019;027;RM027D0019;;;;;;;;
341;RM025D0020;Hotel, hostal, alojamiento;Privada;Público;Cordial integralis service;HS hotel Madrid centro atocha;CALLE;MÉNDEZ ÁLVARO;58;28045;Madrid;2;25;40,39696229;-3,682141018;24 horas;;;;;;;;YES;;;44,07910331;0020;025;0020;025;RM025D0020;;;;;;;;
1722;RM024D0021;Centro educativo;Pública;Público;Comunidad de Madrid;CEIP Tirso De Molina edificio principal ;CALLE;BRONCE;1;28045;Madrid;2;24;40,3922051;-3,6882178;NO;9;16;0;0;0;0;No;NO;;;44,0804229;0021;024;0021;024;RM024D0021;;;;;;;;
1721;RM024D0022;Otro establecimiento administración pública;Pública;Público;Ayuntamiento de Madrid;Oficina de Atención Integral al Contribuyente;CALLE;HIERRO;27;28045;Madrid;2;24;40,3908972;-3,6906821;NO;8;17;0;0;0;0;No;NO;;;44,0815793;0022;024;0022;024;RM024D0022;;;;;;;;
3545;RM025D0023;Transportes-Metro;Pública;Público;Comunidad de Madrid;Estación de Metro Arganzuela-Planetario;CALLE;BRONCE;1;28045;Madrid;2;25;40,39321;-3,688661;NO;6;2;6;2;6;2;No;YES;;;44,081871;0023;025;0023;025;RM025D0023;;;;;;;;
357;RM025D0024;Centro de trabajo (no administración pública);Privada;Privado;Medilate;Edificio Repsol ;CALLE;MÉNDEZ ÁLVARO;44;28045;Madrid;2;25;40,397662;-3,684614;NO;8;21;0;0;0;0;No;NO;;;44,082276;0024;025;0024;025;RM025D0024;;;;;;;;
377;RM025D0025;Centro residencial de uso público;Privada;Público;Davida;Residencia ballesol en pasillo acceso servicio médico ;CALLE;AMALTEA;15;28045;Madrid;2;25;40,39690381;-3,685934715;24 horas;;;;;;;;YES;;;44,08283853;0025;025;0025;025;RM025D0025;;;;;;;;
366;RM027D0026;Centro de trabajo (no administración pública);Privada;Privado;Empresas;En frente de las obras de Méndez Álvaro vía ágora;CALLE;MÉNDEZ ÁLVARO;31;28045;Madrid;2;27;40,3997752;-3,6841391;24 horas;;;;;;;;YES;;;44,0839143;0026;027;0026;027;RM027D0026;;;;;;;;
367;RM027D0027;Centro de trabajo (no administración pública);Privada;Privado;Empresas;En paralelo a las obras de vía ágora ;CALLE;MÉNDEZ ÁLVARO;31;28045;Madrid;2;27;40,39977;-3,6841803;24 horas;;;;;;;;YES;;;44,0839503;0027;027;0027;027;RM027D0027;;;;;;;;
1706;RM024D0028;Otro establecimiento administración pública;Pública;Público;Comunidad de Madrid;Consejería de digitalización ;CALLE;EMBAJADORES;181;28045;Madrid;2;24;40,3915716;-3,6929234;NO;7;9;0;0;0;0;Sí;YES;;;44,084495;0028;024;0028;024;RM024D0028;;;;;;;;
375;RM025D0029;Centro de trabajo (no administración pública);Privada;Privado;Doc, almas industrias;Edificio lactalis recepción planta baja;CALLE;JUAN DE MARIANA;17;28045;Madrid;2;25;40,39857919;-3,68598707;NO;8;19;0;0;0;0;No;NO;;;44,08456626;0029;025;0029;025;RM025D0029;;;;;;;;
363;RM025D0030;Otro;Privada;Privado;Cordis group;Local vía ágora;CALLE;MÉNDEZ ÁLVARO;36;28045;Madrid;2;25;40,39978047;-3,685468983;NO;8;21;0;0;0;0;No;NO;;;44,08524945;0030;025;0030;025;RM025D0030;;;;;;;;
1178;RM025D0031;Centro deportivo;Pública;Público;Ayuntamiento de Madrid;CDM “La Fundi”;CALLE;ALICANTE;14;28045;Madrid;2;25;40,39438546;-3,691282235;NO;8;23;8;23;8;23;No;NO;;;44,0856677;0031;025;0031;025;RM025D0031;;;;;;;;
1702;RM025D0032;Otro;Privada;Público;Clínica Dental Díez;Clínica Dental Díez;CALLE;EMBAJADORES;177;28045;Madrid;2;25;40,3924362;-3,6934508;NO;9;20;0;0;0;0;No;NO;;;44,085887;0032;025;0032;025;RM025D0032;;;;;;;;
1164;RM025D0033;Transportes-Metro;Pública;Público;Metro de Madrid;Estación de Metro Legazpi línea 3;PLAZA;LEGAZPI;1;28045;Madrid;2;25;40,3914477;-3,6946765;NO;6;2;6;2;6;2;No;YES;;;44,0861242;0033;025;0033;025;RM025D0033;;;;;;;;
1691;RM025D0034;Centro educativo;Pública;Público;Comunidad de Madrid;CEIP Miguel de Unamuno;CALLE;ALICANTE;5;28045;Madrid;2;25;40,3942185;-3,6930233;NO;8;16;0;0;0;0;No;NO;;;44,0872418;0034;025;0034;025;RM025D0034;;;;;;;;
369;RM027D0035;Centro de trabajo (no administración pública);Privada;Privado;Empresas;Edificio atocha centro;CALLE;MÉNDEZ ÁLVARO;9;28045;Madrid;2;27;40,40127162;-3,686202948;24 horas;;;;;;;;YES;;;44,08747457;0035;027;0035;027;RM027D0035;;;;;;;;
1165;RM023D0036;Hotel, hostal, alojamiento;Privada;Público;Hotel Gran Legazpi;Hotel Gran Legazpi;PASEO;CHOPERA;71;28045;Madrid;2;23;40,39187232;-3,695722149;24 horas;;;;;;;;YES;;;44,08759447;0036;023;0036;023;RM023D0036;;;;;;;;
487;RM027D0037;Otro establecimiento administración pública;Pública;Público;Comunidad de Madrid;Oficina de empleo;CALLE;MÉNDEZ ÁLVARO;7;28045;Madrid;2;27;40,401479;-3,68648;NO;9;14;0;0;0;0;No;NO;;;44,087959;0037;027;0037;027;RM027D0037;;;;;;;;
470;RM025D0038;Viviendas;Privada;Privado;Comunidad de propietarios;Comunidad Vecinos Bustamante 18;CALLE;BUSTAMANTE;18;28045;Madrid;2;25;40,400338;-3,687675;24 horas;;;;;;;;YES;;;44,088013;0038;025;0038;025;RM025D0038;;;;;;;;
1727;RM025D0039;Centro deportivo;Privada;Público;CrossFit GennoX360;CrossFit GennoX360;CALLE;TOMÁS BRETÓN;50;28045;Madrid;2;25;40,3968726;-3,691426;NO;7;22;9;14;10;14;No;NO;;;44,0882986;0039;025;0039;025;RM025D0039;;;;;;;;
475;RM025D0040;Centro de trabajo (no administración pública);Privada;Privado;AMAZON WEB SERVICES EMEA SARL;AMAZON WEB;CALLE;RAMÍREZ DE PRADO;5;28045;Madrid;2;25;40,3995656;-3,688772;24 horas;;;;;;;;YES;;;44,0883376;0040;025;0040;025;RM025D0040;;;;;;;;
372;RM026D0041;Hotel, hostal, alojamiento;Privada;Público;Cordis group;Rafael hoteles recepción ;CALLE;MÉNDEZ ÁLVARO;30;28045;Madrid;2;26;40,401392;-3,686981;24 horas;;;;;;;;YES;;;44,088373;0041;026;0041;026;RM026D0041;;;;;;;;
1733;RM025D0042;Otro establecimiento administración pública;Pública;Público;Ayuntamiento de Madrid;Área de gobierno / Ayuntamiento de Madrid ;CALLE;BUSTAMANTE;16;28045;Madrid;2;25;40,400509;-3,688289;NO;9;14;0;0;0;0;Sí;YES;;;44,088798;0042;025;0042;025;RM025D0042;;;;;;;;
1734;RM025D0043;Otro establecimiento administración pública;Pública;Público;Comunidad de Madrid;Consejería de economía hacienda y empleo ;CALLE;RAMÍREZ DE PRADO;5;28045;Madrid;2;25;40,3994918;-3,6893326;NO;6;22;0;0;0;0;Sí;YES;;;44,0888244;0043;025;0043;025;RM025D0043;;;;;;;;
3366;RM025D0044;Otro establecimiento administración pública;Pública;Privado;ADIF;DESA DEL CENTRO DE FORMACION DE ADIF;PASEO;DELICIAS;61;28045;Madrid;2;25;40,39815926;-3,691450453;NO;7;14;0;0;0;0;No;NO;;;44,08960971;0044;025;0044;025;RM025D0044;;;;;;;;
1161;RM023D0045;Otro;Pública;Público;Ayuntamiento de Madrid;Matadero información ;PASEO;CHOPERA;14;28045;Madrid;2;23;40,3924094;-3,6972417;NO;9;23;9;23;9;23;Sí;YES;;;44,0896511;0045;023;0045;023;RM023D0045;;;;;;;;
1690;RM025D0046;Centro deportivo;Privada;Público;Vivagym;VivaGym;CALLE;JUAN DE VERA;4;28045;Madrid;2;25;40,3961589;-3,6935859;NO;7;22;10;20;10;14;No;NO;;;44,0897448;0046;025;0046;025;RM025D0046;;;;;;;;
3546;RM026D0047;Viviendas;Privada;Privado;Comunidad de propietarios;Residencial Águila;CALLE;CANARIAS;62;28045;Madrid;2;26;40,401544;-3,6885;24 horas;;;;;;;;YES;;;44,090044;0047;026;0047;026;RM026D0047;;;;;;;;
1729;RM025D0048;Otro establecimiento administración pública;Pública;Público;Comunidad de Madrid;Centro base 3 - atención a personas con discapacidad;CALLE;TOMÁS BRETÓN;47;28045;Madrid;2;25;40,3985021;-3,6926813;NO;9;21;0;0;0;0;No;NO;;;44,0911834;0048;025;0048;025;RM025D0048;;;;;;;;
1162;RM023D0049;Otro;Pública;Público;Ayuntamiento de Madrid;En la zona de seguridad de Matadero;PLAZA;LEGAZPI;8;28045;Madrid;2;23;40,3918782;-3,6993114;NO;9;23;9;23;9;23;Sí;YES;;;44,0911896;0049;023;0049;023;RM023D0049;;;;;;;;
1167;RM023D0050;Otro;Pública;Público;Ayuntamiento de Madrid;Mercado Gastronómico ;CALLE;ALONSO CARBONELL;3;28045;Madrid;2;23;40,39503992;-3,696320343;NO;9;22;9;23;12;17;No;NO;;;44,09136026;0050;023;0050;023;RM023D0050;;;;;;;;
3362;RM025D0051;Centro educativo;Privada;Público;COLEGIO EL PILAR;DESA COLEGIO EL PILAR;PASEO;DELICIAS;67;28045;Madrid;2;25;40,397924;-3,6940494;NO;8;18;0;0;0;0;No;NO;;;44,0919734;0051;025;0051;025;RM025D0051;;;;;;;;
466;RM026D0052;Otro;Privada;Privado;SKYDANCE ANIMATION MADRID SL;SKYDANCE ANIMATION MADRID;CALLE;GENERAL LACY;23;28045;Madrid;2;26;40,401427;-3,690727;NO;10;18;0;0;0;0;No;NO;;;44,092154;0052;026;0052;026;RM026D0052;;;;;;;;
469;RM026D0053;Otro establecimiento administración pública;Pública;Público;Comunidad de Madrid;Metrónomo Salas de Ensayo;CALLE;ÁNCORA;43;28045;Madrid;2;26;40,40295;-3,689315;NO;10;23;0;0;0;0;No;NO;;;44,092265;0053;026;0053;026;RM026D0053;;;;;;;;
1166;RM023D0054;Otro establecimiento administración pública;Pública;Público;Ayuntamiento de Madrid;Centro de servicios sociales ;CALLE;GUILLERMO DE OSMA;14;28045;Madrid;2;23;40,39471631;-3,697695634;NO;8;20;0;0;0;0;No;NO;;;44,09241194;0054;023;0054;023;RM023D0054;;;;;;;;
1177;RM023D0055;Otro;Privada;Público;Arzobispado de Madrid;Caritas Calle Embajadores ;CALLE;EMBAJADORES;162;28045;Madrid;2;23;40,39624678;-3,69637991;NO;7;20;0;0;0;0;No;NO;;;44,09262669;0055;023;0055;023;RM023D0055;;;;;;;;
1731;RM025D0056;Transportes-Renfe;Pública;Público;ADIF;Estación de Cercanías Delicias;PASEO;DELICIAS;61;28045;Madrid;2;25;40,4004998;-3,6930484;NO;5;0;6;0;6;0;No;YES;;;44,0935482;0056;025;0056;025;RM025D0056;;;;;;;;
1168;RM023D0057;Otro establecimiento administración pública;Pública;Público;Ayuntamiento de Madrid;Área de Gobierno de políticas sociales, familia e igualdad;PASEO;CHOPERA;41;28045;Madrid;2;23;40,39436481;-3,69921202;NO;8;17;0;0;0;0;Sí;YES;;;44,09357683;0057;023;0057;023;RM023D0057;;;;;;;;
531;RM026D0058;Hotel, hostal, alojamiento;Privada;Público;Hotel Marriot;Hotel Marriot;CALLE;DELICIAS;42;28045;Madrid;2;26;40,4037766;-3,6900136;24 horas;;;;;;;;YES;;;44,0937902;0058;026;0058;026;RM026D0058;;;;;;;;
1176;RM025D0059;Transportes-Metro;Pública;Público;Metro de Madrid;Estación de Metro Delicias;PASEO;DELICIAS;60;28045;Madrid;2;25;40,399796;-3,694182;NO;6;2;6;2;6;2;No;YES;;;44,093978;0059;025;0059;025;RM025D0059;;;;;;;;
484;RM026D0060;Centro de trabajo (no administración pública);Privada;Privado;INPACSA;Spaces Atocha ;CALLE;MÉNDEZ ÁLVARO;20;28045;Madrid;2;26;40,4041871;-3,6899532;24 horas;;;;;;;;YES;;;44,0941403;0060;026;0060;026;RM026D0060;;;;;;;;
564;RM027D0061;Transportes-Renfe;Pública;Público;ADIF;Estación de Atocha;PLAZA;EMPERADOR CARLOS V;S/N;28045;Madrid;2;27;40,4056056;-3,6888585;24 horas;;;;;;;;YES;;;44,0944641;0061;027;0061;027;RM027D0061;;;;;;;;
170;RM027D0062;Transportes-Renfe;Pública;Público;ADIF;Estación de Cercanías Atocha vías vestíbulo vías 7-8;PLAZA;EMPERADOR CARLOS V;S/N;28045;Madrid;2;27;40,406357;-3,689217;24 horas;;;;;;;;YES;;;44,095574;0062;027;0062;027;RM027D0062;;;;;;;;
3075;RM027D0063;Transportes-Renfe;Pública;Público;ADIF;Estación de Cercanías Atocha vías vestíbulo vías 7-8;PLAZA;EMPERADOR CARLOS V;S/N;28045;Madrid;2;27;40,406897;-3,6898283;24 horas;;;;;;;;YES;;;44,0967253;0063;027;0063;027;RM027D0063;;;;;;;;
565;RM025D0064;Centro educativo;Pública;Público;Comunidad de Madrid;CEPA Arganzuela;CALLE;BATALLA DEL SALADO;29;28045;Madrid;2;25;40,4005953;-3,6960752;NO;9;21;0;0;0;0;No;NO;;;44,0966705;0064;025;0064;025;RM025D0064;;;;;;;;
163;RM027D0065;Transportes-Renfe;Pública;Público;ADIF;Estación de Atocha planta baja;PLAZA;EMPERADOR CARLOS V;S/N;28045;Madrid;2;27;40,406167;-3,690508;24 horas;;;;;;;;YES;;;44,096675;0065;027;0065;027;RM027D0065;;;;;;;;
1169;RM023D0066;Otro;Pública;Público;Empresa privada ;Ballet Nacional INAEM;PASEO;CHOPERA;4;28045;Madrid;2;23;40,39539652;-3,701414374;NO;8;20;0;0;0;0;Sí;YES;;;44,09681089;0066;023;0066;023;RM023D0066;;;;;;;;
3457;RM026D0067;Transportes-Metro;Pública;Público;Comunidad de Madrid;Estación de Metro Palos de la Frontera;CALLE;PALOS DE LA FRONTERA;29;28045;Madrid;2;26;40,402948;-3,694005;NO;6;2;6;2;6;2;No;YES;;;44,096953;0067;026;0067;026;RM026D0067;;;;;;;;
566;RM026D0068;Centro educativo;Pública;Público;Comunidad de Madrid;CEIP Menéndez Pelayo;CALLE;MÉNDEZ ÁLVARO;16;28045;Madrid;2;26;40,405611;-3,691347;NO;9;16;0;0;0;0;No;NO;;;44,096958;0068;026;0068;026;RM026D0068;;;;;;;;
468;RM026D0069;Centro de trabajo (no administración pública);Privada;Privado;Local Impulsa Proyectos Inmobiliarios;Impulsa Proyectos Inmobiliarios;CALLE;TARRAGONA;22;28045;Madrid;2;26;40,4013967;-3,6959303;NO;8;17;0;0;0;0;No;NO;;;44,097327;0069;026;0069;026;RM026D0069;;;;;;;;
159;RM027D0070;Transportes-Renfe;Pública;Público;ADIF;Estación de Atocha planta 1;PLAZA;EMPERADOR CARLOS V;S/N;28045;Madrid;2;27;40,406399;-3,69101;24 horas;;;;;;;;NO;NOT VALID-DUPLICATED;it was RM027D0070 iqual to RM027D0071;44,097409;0070;027;0070;027;RM027D0070;;;;;;;;
3072;RM027D0071;Transportes-Renfe;Pública;Público;ADIF;Estación de Atocha planta 1;PLAZA;EMPERADOR CARLOS V;S/N;28045;Madrid;2;27;40,406399;-3,69101;24 horas;;;;;;;;YES;;;44,097409;0071;027;0071;027;RM027D0071;;;;;;;;
467;RM026D0072;Otro establecimiento administración pública;Pública;Público;Ayuntamiento de Madrid;Centro Dotacional Arganzuela;CALLE;PALOS DE LA FRONTERA;40;28045;Madrid;2;26;40,40292847;-3,695388152;NO;9;21;0;0;0;0;No;NO;;;44,09831662;0072;026;0072;026;RM026D0072;;;;;;;;
1173;RM023D0073;Viviendas;Privada;Privado;Comunidad de propietarios Calle Cáceres 50;Garage Calle Cáceres 50;CALLE;CÁCERES;50;28045;Madrid;2;23;40,39902;-3,69999;24 horas;;;;;;;;YES;;;44,09901;0073;023;0073;023;RM023D0073;;;;;;;;
562;RM026D0074;Centro de trabajo (no administración pública);Privada;Público;Edificio Oficinas;Oficinas;PASEO;DELICIAS;20;28045;Madrid;2;26;40,405821;-3,693541;NO;9;19;0;0;0;0;No;NO;;;44,099362;0074;026;0074;026;RM026D0074;;;;;;;;
530;RM026D0075;Centro de trabajo (no administración pública);Privada;Público;Telefónica;Central de Telefónica;CALLE;BATALLA DEL SALADO;5;28045;Madrid;2;26;40,403924;-3,695693;NO;9;15;0;0;0;0;No;NO;;;44,099617;0075;026;0075;026;RM026D0075;;;;;;;;
1170;RM022D0076;Centro educativo;Privada;Público;Clínica Universitaria Odontológica;Clínica Universitaria Odontológica;PASEO;SANTA MARÍA DE LA CABEZA;92;28045;Madrid;2;22;40,3975241;-3,702661947;NO;8;20;8;20;0;0;Sí;YES;;;44,10018605;0076;022;0076;022;RM022D0076;;;;;;;;
1172;RM022D0077;Centro deportivo;Privada;Público;Anytime Fitness;Gimnasio Anytime Fitness;PASEO;SANTA MARÍA DE LA CABEZA;64;28045;Madrid;2;22;40,40035076;-3,700051699;NO;10;21;10;14;0;0;No;NO;;;44,10040246;0077;022;0077;022;RM022D0077;;;;;;;;
1174;RM026D0078;Viviendas;Privada;Privado;Comunidad de propietarios (Paseo Santa Maria de la Cabeza 58) ;Paseo Santa Maria de la Cabeza 58;PASEO;SANTA MARÍA DE LA CABEZA;58;28045;Madrid;2;26;40,40188147;-3,698700569;24 horas;;;;;;;;YES;;;44,10058204;0078;026;0078;026;RM026D0078;;;;;;;;
1171;RM022D0079;Viviendas;Privada;Privado;Comunidad de propietarios, calle de la jacaranda 10;Paseo Sta María de la Cabeza, 66 ;PASEO;SANTA MARÍA DE LA CABEZA;66;28005;Madrid;2;22;40,40034948;-3,700263799;24 horas;;;;;;;;NO;NOT VALID;it was RM022D0079;44,10061328;0079;022;0079;022;RM022D0079;;;;;;;;
1175;RM026D0080;Centro deportivo;Privada;Público;Basic Fit;Basic Fit Paseo Santa Maria de la Cabeza;PASEO;SANTA MARÍA DE LA CABEZA;50;28045;Madrid;2;26;40,40266018;-3,698048689;NO;6;23;8;21;8;21;No;NO;;;44,10070887;0080;026;0080;026;RM026D0080;;;;;;;;
3003;RM026D0081;Centro educativo;Privada;Público;CAPITOL Formación Profesional;CAPITOL Formación Profesional;CALLE;BERNARDINO OBREGÓN;25;28012;Madrid;2;26;40,402274;-3,698586;NO;9;17;0;0;0;0;No;NO;;;44,10086;0081;026;0081;026;RM026D0081;;;;;;;;
2615;RM022D0082;Otro establecimiento administración pública;Pública;Público;COLEGIO DOS PARQUES;COLEGIO DOS PARQUES;CALLE;SAN ANASTASIO;4;28005;Madrid;2;22;40,397525;-3,70343;NO;8;17;0;0;0;0;No;NO;;;44,100955;0082;022;0082;022;RM022D0082;;;;;;;;
252;RM022D0083;Viviendas;Privada;Privado;Comunidad de propietarios;Calle Ercilla 48;CALLE;ERCILLA;48;28005;Madrid;2;22;40,400736;-3,701305;24 horas;;;;;;;;YES;;;44,102041;0083;022;0083;022;RM022D0083;;;;;;;;
2997;RM026D0084;Centro de trabajo (no administración pública);Privada;Público;Oficinas;Palos de la Frontera 12;CALLE;PALOS DE LA FRONTERA;12;28012;Madrid;2;26;40,402823;-3,69946;NO;8;18;0;0;0;0;No;NO;;;44,102283;0084;026;0084;026;RM026D0084;;;;;;;;
3000;RM026D0085;Centro de trabajo (no administración pública);Privada;Público;Fundación Inserta;Fundación Inserta;CALLE;FRAY LUIS DE LEÓN;11;28012;Madrid;2;26;40,40430781;-3,698218911;NO;8;15;0;0;0;0;No;NO;;;44,10252672;0085;026;0085;026;RM026D0085;;;;;;;;
3014;RM026D0086;Hotel, hostal, alojamiento;Privada;Público;Hard Rock Hotel Madrid;Hard Rock Hotel Madrid;RONDA;ATOCHA;17;28012;Madrid;2;26;40,406801;-3,695739;24 horas;;;;;;;;YES;;;44,10254;0086;026;0086;026;RM026D0086;;;;;;;;
3017;RM026D0087;Centro educativo;Privada;Público;Salesianos;Salesianos;CALLE;MARQUÉS DE LA VALDAVIA;2;28012;Madrid;2;26;40,40648236;-3,696167193;NO;9;19;0;0;0;0;No;NO;;;44,10264955;0087;026;0087;026;RM026D0087;;;;;;;;
3008;RM026D0088;Centro educativo;Privada;Público;Centro de formación Grupo Aspasia Madrid Embajadores;Centro de formación Grupo Aspasia Madrid Embajadores;CALLE;SEBASTIÁN HERRERA;14;28012;Madrid;2;26;40,40386099;-3,699109932;NO;9;18;0;0;0;0;No;NO;;;44,10297092;0088;026;0088;026;RM026D0088;;;;;;;;
2999;RM026D0089;Centro comercial;Privada;Público;BigMat;BigMat Ferretería;CALLE;FRAY LUIS DE LEÓN;9;28012;Madrid;2;26;40,40478526;-3,698223845;NO;7;20;8;14;0;0;No;NO;;;44,10300911;0089;026;0089;026;RM026D0089;;;;;;;;
3006;RM026D0090;Centro educativo;Privada;Público;Colegio San Saturio;Colegio San Saturio;CALLE;SEBASTIÁN HERRERA;21;28012;Madrid;2;26;40,40413267;-3,698877048;NO;9;17;0;0;0;0;No;NO;;;44,10300972;0090;026;0090;026;RM026D0090;;;;;;;;
3010;RM026D0091;Otro;Privada;Público;Fundación ONCE;Fundación ONCE;CALLE;SEBASTIÁN HERRERA;15;28012;Madrid;2;26;40,40401249;-3,699382549;NO;8;18;0;0;0;0;No;NO;;;44,10339504;0091;026;0091;026;RM026D0091;;;;;;;;
3012;RM026D0092;Centro educativo;Privada;Público;Colegio Saleseianos;Colegio Salesianos de Atocha;RONDA;ATOCHA;27;28012;Madrid;2;26;40,40628594;-3,697367253;NO;9;17;0;0;0;0;No;NO;;;44,10365319;0092;026;0092;026;RM026D0092;;;;;;;;
3015;RM026D0093;Centro deportivo;Privada;Público;Vivagym;Viva Gym;RONDA;VALENCIA;1;28012;Madrid;2;26;40,40574177;-3,699459373;NO;6;23;6;23;6;23;No;NO;;;44,10520114;0093;026;0093;026;RM026D0093;;;;;;;;
3323;RM022D0094;Centro educativo;Pública;Público;Comunidad de Madrid;CEIP San Eugenio y San Isidro;CALLE;PEÑUELAS;31;28005;Madrid;2;22;40,402094;-3,703183;NO;8;16;0;0;0;0;No;NO;;;44,105277;0094;022;0094;022;RM022D0094;;;;;;;;
2616;RM022D0095;Viviendas;Privada;Privado;CALLE LAUREL 33 EDIFICIO PISOS;CALLE LAUREL 33 PORTAL;CALLE;LAUREL;33;28005;Madrid;2;22;40,4019406;-3,7037977;24 horas;;;;;;;;YES;;;44,1057383;0095;022;0095;022;RM022D0095;;;;;;;;
3019;RM026D0096;Centro educativo;Pública;Público;UPM;Escuela Técnica Superior de Ingeniería y Diseño Industrial;RONDA;VALENCIA;3;28012;Madrid;2;26;40,405475;-3,700532;NO;8;22;8;22;8;22;No;NO;;;44,106007;0096;026;0096;026;RM026D0096;;;;;;;;
247;RM022D0097;Transportes-Metro;Pública;Público;Metro de Madrid;Estación de Metro Embajadores;GLORIETA;EMBAJADORES;S/N;28005;Madrid;2;22;40,4045917;-3,7023547;NO;6;2;6;2;6;2;No;YES;;;44,1069464;0097;022;0097;022;RM022D0097;;;;;;;;
266;RM022D0098;Centro residencial de uso público;Pública;Público;Residencia y centro de día para mayores peñuelas;Residencia y centro de día para mayores peñuelas;CALLE;ARGANDA;9;28005;Madrid;2;22;40,4010758;-3,7064927;24 horas;;;;;;;;YES;;;44,1075685;0098;022;0098;022;RM022D0098;;;;;;;;
279;RM022D0099;Otro establecimiento administración pública;Pública;Público;Ministerio de Transición Ecológica;Oficinas ministerio transición ecológica ;CALLE;PEÑUELAS;10;28005;Madrid;2;22;40,4036397;-3,7043251;NO;8;19;0;0;0;0;No;NO;;;44,1079648;0099;022;0099;022;RM022D0099;;;;;;;;
3326;RM022D0100;Centro educativo;Pública;Público;colegio juan de la cierva;colegio juan de la cierva;CALLE;CAOBA;1;28005;Madrid;2;22;40,402461;-3,705768;NO;8;21;0;0;0;0;No;NO;;;44,108229;0100;022;0100;022;RM022D0100;;;;;;;;
2614;RM022D0101;Viviendas;Privada;Privado;BLOQUE PISOS;CALLE ARGANDA 18;CALLE;ARGANDA;18;28005;Madrid;2;22;40,400721;-3,707581;24 horas;;;;;;;;YES;;;44,108302;0101;022;0101;022;RM022D0101;;;;;;;;
239;RM022D0102;Centro deportivo;Privada;Público;Gimnasio nine fitness ;Gimnasio nine fitness ;PASEO;ACACIAS;3;28005;Madrid;2;22;40,4046392;-3,7037062;NO;7;22;9;18;10;15;No;NO;;;44,1083454;0102;022;0102;022;RM022D0102;;;;;;;;
3325;RM022D0103;Centro educativo;Pública;Público;colegio legado crespo;colegio legado crespo;PASEO;ACACIAS;2;28005;Madrid;2;22;40,404766;-3,703874;NO;8;19;0;0;0;0;No;NO;;;44,10864;0103;022;0103;022;RM022D0103;;;;;;;;
261;RM022D0104;Transportes-Metro;Pública;Público;Metro de Madrid;Estación de Metro Acacias-Embajadores;PASEO;ESPERANZA;1;28005;Madrid;2;22;40,403759;-3,706546;NO;6;2;6;2;6;2;No;YES;;;44,110305;0104;022;0104;022;RM022D0104;;;;;;;;
286;RM022D0105;Centro deportivo;Privada;Público;Gimnasio focus;Gimnasio focus;CALLE;SORIA;2;28005;Madrid;2;22;40,4049844;-3,7055965;NO;8;22;9;20;9;3;No;NO;;;44,1105809;0105;022;0105;022;RM022D0105;;;;;;;;
301;RM022D0106;Centro deportivo;Privada;Público;Altafit;Altafit Puerta Toledo;CALLE;CIGARRERAS;3;28005;Madrid;2;22;40,404911;-3,707499;NO;7;23;9;20;9;15;No;NO;;;44,11241;0106;022;0106;022;RM022D0106;;;;;;;;
308;RM022D0107;Viviendas;Privada;Privado;Comunidad de propietarios;Gasómetro 6 Comunidad Vecinal;CALLE;GASÓMETRO;6;28005;Madrid;2;22;40,404653;-3,708317;24 horas;;;;;;;;YES;;;44,11297;0107;022;0107;022;RM022D0107;;;;;;;;
312;RM022D0108;Centro de trabajo (no administración pública);Privada;Público;Enagas;Enagas;PASEO;OLMOS;19;28005;Madrid;2;22;40,403524;-3,710335;NO;8;18;0;0;0;0;No;NO;;;44,113859;0108;022;0108;022;RM022D0108;;;;;;;;
317;RM022D0109;Transportes-Renfe;Pública;Público;ADIF;Estación de Cercanías Pirámides;PASEO;ACACIAS;S/N;28005;Madrid;2;22;40,402501;-3,71136;NO;5;0;6;0;6;0;No;YES;;;44,113861;0109;022;0109;022;RM022D0109;;;;;;;;
319;RM022D0110;Transportes-Metro;Pública;Público;Metro de Madrid;Estación de Metro Pirámides;PASEO;ACACIAS;S/N;28005;Madrid;2;22;40,402501;-3,71136;NO;6;2;6;2;6;2;No;YES;;;44,113861;0110;022;0110;022;RM022D0110;;;;;;;;
315;RM022D0111;Hotel, hostal, alojamiento;Privada;Público;Hotel Acta Pirámides ;Hotel Acta Piramides;PASEO;ACACIAS;40;28005;Madrid;2;22;40,40257;-3,71151;24 horas;;;;;;;;YES;;;44,11408;0111;022;0111;022;RM022D0111;;;;;;;;
232;RM021D0112;Centro educativo;Pública;Público;Colegio tomas breton;Colegio tomas breton;CALLE;ALEJANDRO DUMAS;4;28005;Madrid;2;21;40,40105;-3,715759;NO;8;17;0;0;0;0;No;NO;;;44,116809;0112;021;0112;021;RM021D0112;;;;;;;;
275;RM021D0113;Hotel, hostal, alojamiento;Privada;Público;Hotel Puerta Toledo;Hotel Puerta de Toledo;GLORIETA;PUERTA DE TOLEDO;4;28005;Madrid;2;21;40,406386;-3,71222;24 horas;;;;;;;;YES;;;44,118606;0113;021;0113;021;RM021D0113;;;;;;;;
276;RM021D0114;Otro establecimiento administración pública;Pública;Público;Comunidad de Madrid;Centro de Especialidades Pontones;RONDA;SEGOVIA;52;28005;Madrid;2;21;40,40681;-3,71268;NO;8;22;0;0;0;0;No;NO;;;44,11949;0114;021;0114;021;RM021D0114;;;;;;;;
268;RM021D0115;Centro educativo;Privada;Público;Universidad Europea;Policlínica Universidad Europea;PLAZA;FRANCISCO MORANO;S/N;28005;Madrid;2;21;40,40453;-3,71556;NO;8;22;0;0;0;0;No;NO;;;44,12009;0115;021;0115;021;RM021D0115;;;;;;;;
270;RM021D0116;Otro establecimiento administración pública;Pública;Público;Ayuntamiento de Madrid;Oficinas Centrales Agencia Empleo ;PASEO;PONTONES;10;28005;Madrid;2;21;40,40514;-3,71577;NO;9;17;0;0;0;0;No;NO;;;44,12091;0116;021;0116;021;RM021D0116;;;;;;;;
264;RM021D0117;Centro residencial de uso público;Privada;Público;Centro Sociosanitario Los Nogales;Residencial Los Nogales;PASEO;IMPERIAL;26;28005;Madrid;2;21;40,405423;-3,716553;24 horas;;;;;;;;YES;;;44,121976;0117;021;0117;021;RM021D0117;;;;;;;;
235;RM021D0118;Centro educativo;Pública;Público;Instituto gran capitan ;Instituto gran capitan ;PASEO;MELANCÓLICOS;51;28005;Madrid;2;21;40,403726;-3,720126;NO;8;17;0;0;0;0;No;NO;;;44,123852;0118;021;0118;021;RM021D0118;;;;;;;;
253;RM021D0119;Centro comercial;Privada;Público;LaFuente;LaFuente Distrubuidor;RONDA;SEGOVIA;26;28005;Madrid;2;21;40,408162;-3,715894;NO;8;18;0;0;0;0;No;NO;;;44,124056;0119;021;0119;021;RM021D0119;;;;;;;;
260;RM021D0120;Centro deportivo;Pública;Público;Ayuntamiento de Madrid;CDM ;PASEO;IMPERIAL;22;28005;Madrid;2;21;40,407607;-3,717339;NO;8;23;9;15;9;15;No;NO;;;44,124946;0120;021;0120;021;RM021D0120;;;;;;;;
249;RM021D0121;Centro educativo;Privada;Público;Comunidad de propietarios;Residencial Parque Imperial;CALLE;JEMENUÑO;2;28005;Madrid;2;21;40,408384;-3,717969;24 horas;;;;;;;;YES;;;44,126353;0121;021;0121;021;RM021D0121;;;;;;;;
224;RM021D0122;Centro deportivo;Privada;Público;Vivafit;Gimnasio Vivafit Madrid Rio;CALLE;MÁRMOL;5;28005;Madrid;2;21;40,40533;-3,72145;NO;7;23;9;19;9;14;No;NO;;;44,12678;0122;021;0122;021;RM021D0122;;;;;;;;
234;RM021D0123;Centro de trabajo (no administración pública);Privada;Público;Internacional Developement Resources As Service;BNP PARIBAS;PASEO;MELANCÓLICOS;14;28005;Madrid;2;21;40,406795;-3,720679;24 horas;;;;;;;;YES;;;44,127474;0123;021;0123;021;RM021D0123;;;;;;;;
230;RM021D0124;Otro;Privada;Público;Iberdrola;Iberdrola edificio Teide;CALLE;CHULAPOS;S/N;28005;Madrid;2;21;40,407354;-3,720385;24 horas;;;;;;;;YES;;;44,127739;0124;021;0124;021;RM021D0124;;;;;;;;
227;RM021D0125;Hotel, hostal, alojamiento;Privada;Público;Hoteles NH;NH Rivera del Manzanares;PASEO;VIRGEN DEL PUERTO;57;28005;Madrid;2;21;40,406366;-3,721754;24 horas;;;;;;;;YES;;;44,12812;0125;021;0125;021;RM021D0125;;;;;;;;
242;RM021D0126;Centro educativo;Privada;Público;Colegio San José ;Colegio San José Franciscanas;CALLE;MORENO NIETO;1;28005;Madrid;2;21;40,41202;-3,71842;NO;9;18;0;0;0;0;No;NO;;;44,13044;0126;021;0126;021;RM021D0126;;;;;;;;
228;RM021D0127;Centro educativo;Privada;Público;C.p marqués de marcenado;C.p marqués de marcenado;CALLE;LINNEO;31;28005;Madrid;2;21;40,4102782;-3,7204549;NO;8;17;0;0;0;0;No;NO;;;44,1307331;0127;021;0127;021;RM021D0127;;;;;;;;
237;RM021D0128;Otro establecimiento administración pública;Privada;Público;Ministerio de Transportes;Cedex Centro de Estudios hidrográficos ;PASEO;BAJO DE LA VIRGEN DEL PUERTO;3;28005;Madrid;2;21;40,412689;-3,722385;24 horas;;;;;;;;YES;;;44,135074;0128;021;0128;021;RM021D0128;;;;;;;;
1955;RM032D0001;Hotel, hostal, alojamiento;Privada;Público;Hotel Catalonia;Hotel Catalonia Retiro;AVENIDA;CIUDAD DE BARCELONA;113;28007;Madrid;3;32;40,3988983;-3,669976054;24 horas;;;;;;;;YES;;;44,06887435;0001;032;0001;032;RM032D0001;;;;;;;;
1975;RM032D0002;Otro establecimiento administración pública;Pública;Público;Ayuntamiento de Madrid;Centro Cultural Las Californias;CALLE;LUIS PEIDRÓ;2;28007;Madrid;3;32;40,39698541;-3,673586416;NO;8;22;8;22;0;0;No;NO;;;44,07057183;0002;032;0002;032;RM032D0002;;;;;;;;
1994;RM032D0003;Centro comercial;Privada;Público;Dacia;DACIA MADRID JURADO SECO;CALLE;SECO;4;28007;Madrid;3;32;40,39902992;-3,672133808;NO;10;20;10;14;0;0;No;NO;;;44,07116373;0003;032;0003;032;RM032D0003;;;;;;;;
1971;RM032D0004;Viviendas;Privada;Privado;Comunidad de propietarios Luis Mitjans 7;Luis Mitjans 7-13;CALLE;LUIS MITJANS;7;28007;Madrid;3;32;40,40049656;-3,670899276;24 horas;;;;;;;;YES;;;44,07139584;0004;032;0004;032;RM032D0004;;;;;;;;
1974;RM032D0005;Viviendas;Privada;Privado;Comunidad de propietarios Edificio Adelfas;Edificio Adelfas;CALLE;LUIS MITJANS;25;28007;Madrid;3;32;40,40242965;-3,670011063;24 horas;;;;;;;;YES;;;44,07244071;0005;032;0005;032;RM032D0005;;;;;;;;
1965;RM032D0006;Centro deportivo;Pública;Público;Ayuntamiento de Madrid;Instalación Deportiva Adelfas;CALLE;MARTÍNEZ CORROCHANO;26;28007;Madrid;3;32;40,403849;-3,668761;NO;9;22;9;22;9;22;No;NO;;;44,07261;0006;032;0006;032;RM032D0006;;;;;;;;
2000;RM032D0007;Centro educativo;Pública;Público;Comunidad de Madrid;IES PACÍFICO;CALLE;LUIS MITJANS;41;28007;Madrid;3;32;40,40408579;-3,668719376;NO;8;22;0;0;0;0;No;NO;;;44,07280517;0007;032;0007;032;RM032D0007;;;;;;;;
1982;RM032D0008;Viviendas;Privada;Privado;Comunidad de propietarios Catalina Suárez 16-22;Catalina Suárez 16-22;CALLE;CATALINA SUÁREZ;16;28007;Madrid;3;32;40,40116666;-3,671860453;24 horas;;;;;;;;YES;;;44,07302711;0008;032;0008;032;RM032D0008;;;;;;;;
1956;RM032D0009;Viviendas;Privada;Privado;Comunidad de Propietarios Játiva 4;Játiva 4;CALLE;JÁTIVA;4;28007;Madrid;3;32;40,399073;-3,674076;24 horas;;;;;;;;YES;;;44,073149;0009;032;0009;032;RM032D0009;;;;;;;;
1991;RM032D0010;Viviendas;Privada;Privado;Comunidad de Propietarios Játiva;Játiva 5;CALLE;JÁTIVA;5;28007;Madrid;3;32;40,39897;-3,67421;24 horas;;;;;;;;YES;;;44,07318;0010;032;0010;032;RM032D0010;;;;;;;;
1980;RM032D0011;Centro de trabajo (no administración pública);Privada;Público;Prosegur;MOVISTAR PROSEGUR ALARMAS;CALLE;SANTA SABINA;8;28007;Madrid;3;32;40,40412749;-3,669297242;24 horas;;;;;;;;YES;;;44,07342473;0011;032;0011;032;RM032D0011;;;;;;;;
1951;RM032D0012;Centro residencial de uso público;Privada;Público;Residencia 3ª Edad Purísima Concepción;Residencia 3ª Edad Purísima Concepción;AVENIDA;CIUDAD DE BARCELONA;85;28007;Madrid;3;32;40,40053767;-3,673126887;24 horas;;;;;;;;YES;;;44,07366456;0012;032;0012;032;RM032D0012;;;;;;;;
1967;RM032D0013;Centro educativo;Privada;Público;CO_STUDIO;CO_STUDIO;CALLE;PAJARITOS;22;28007;Madrid;3;32;40,40424945;-3,670017322;NO;7;22;0;0;0;0;No;NO;;;44,07426677;0013;032;0013;032;RM032D0013;;;;;;;;
1969;RM032D0014;Centro de trabajo (no administración pública);Privada;Público;MOVISTAR PROSEGUR ALARMAS;MOVISTAR PROSEGUR ALARMAS;CALLE;PAJARITOS;24;28007;Madrid;3;32;40,40450305;-3,66978414;NO;7;22;0;0;0;0;No;NO;;;44,07428719;0014;032;0014;032;RM032D0014;;;;;;;;
1985;RM032D0015;Viviendas;Privada;Privado;Comunidad de Propietarios Garibay 6;Garibay 6;CALLE;GARIBAY;6;28007;Madrid;3;32;40,40356772;-3,6710124;24 horas;;;;;;;;YES;;;44,07458012;0015;032;0015;032;RM032D0015;;;;;;;;
1961;RM032D0016;Centro educativo;Pública;Público;Comunidad de Madrid;CEIP José Calvo Sotelo;AVENIDA;CIUDAD DE BARCELONA;83;28007;Madrid;3;32;40,4008535;-3,673749174;NO;7;17;0;0;0;0;No;NO;;;44,07460268;0016;032;0016;032;RM032D0016;;;;;;;;
1987;RM032D0017;Centro residencial de uso público;Privada;Público;Residencia Los Nogales;Residencia Los Nogales Pacífico;CALLE;CERRO DE LA PLATA;3;28007;Madrid;3;32;40,400133;-3,674708;24 horas;;;;;;;;YES;;;44,074841;0017;032;0017;032;RM032D0017;;;;;;;;
577;RM033D0018;Viviendas;Privada;Privado;Comunidad de propietarios;Edificio vecinal;CALLE;SIRIO;42;28007;Madrid;3;33;40,41060711;-3,664246352;24 horas;;;;;;;;YES;;;44,07485346;0018;033;0018;033;RM033D0018;;;;;;;;
618;RM032D0019;Centro deportivo;Privada;Público;Empresa deportiva privada;Vivagym;AVENIDA;MEDITERRÁNEO;50;28007;Madrid;3;32;40,40638;-3,66877;NO;6;23;6;23;6;23;No;NO;;;44,07515;0019;032;0019;032;RM032D0019;;;;;;;;
887;RM032D0020;Hotel, hostal, alojamiento;Privada;Público;Arzobispado de Madrid;Edificio residencial caritas;CALLE;CERRO DE LA PLATA;8;28007;Madrid;3;32;40,39939586;-3,675814037;NO;7;20;7;20;7;20;Sí;YES;;;44,0752099;0020;032;0020;032;RM032D0020;;;;;;;;
573;RM033D0021;Transportes-Metro;Pública;Público;Metro de Madrid;Estación de Metro Estrella;CALLE;SIRIO;34;28007;Madrid;3;33;40,411764;-3,663465;NO;6;2;6;2;6;2;No;YES;;;44,075229;0021;033;0021;033;RM033D0021;;;;;;;;
489;RM033D0022;Viviendas;Privada;Privado;Inmueble de viviendas ;Sirio 14, Planta baja;CALLE;SIRIO;14;28007;Madrid;3;33;40,41256914;-3,663016303;24 horas;;;;;;;;YES;;;44,07558544;0022;033;0022;033;RM033D0022;;;;;;;;
608;RM032D0023;Hotel, hostal, alojamiento;Privada;Público;Empresa hostelería ;Hotel claridge;PLAZA;CONDE DE CASAL;6;28007;Madrid;3;32;40,40632161;-3,669413729;24 horas;;;;;;;;YES;;;44,07573534;0023;032;0023;032;RM032D0023;;;;;;;;
598;RM033D0024;Centro educativo;Pública;Público;Colegio publico ;La estrella ;CALLE;ESTRELLA POLAR;10;28007;Madrid;3;33;40,40948509;-3,666663176;NO;8;15;0;0;0;0;No;NO;;;44,07614827;0024;033;0024;033;RM033D0024;;;;;;;;
585;RM033D0025;Centro educativo;Privada;Público;Religiosos pureza de maría ;Colegio religioso ;CALLE;LIRA;10;28007;Madrid;3;33;40,40817788;-3,667971342;NO;9;20;0;0;0;0;No;NO;;;44,07614922;0025;033;0025;033;RM033D0025;;;;;;;;
1976;RM031D0026;Transportes-Metro;Pública;Público;Metro de Madrid;Estación de Metro Pacífico nivel intermedio;CALLE;DOCTOR ESQUERDO;186;28007;Madrid;3;31;40,40153701;-3,674786645;NO;6;2;6;2;6;2;No;YES;;;44,07632366;0026;031;0026;031;RM031D0026;;;;;;;;
1978;RM031D0027;Transportes-Metro;Pública;Público;Metro de Madrid;Estación de Metro Pacífico vestíbulo;CALLE;DOCTOR ESQUERDO;186;28007;Madrid;3;31;40,40153701;-3,674786645;NO;6;2;6;2;6;2;No;YES;;;44,07632366;0027;031;0027;031;RM031D0027;;;;;;;;
615;RM031D0028;Centro de trabajo (no administración pública);Privada;Privado;Edificio oficinas;Oficinas ;CALLE;DOCTOR ESQUERDO;138;28007;Madrid;3;31;40,40515131;-3,671405104;NO;7;22;0;0;0;0;No;NO;;;44,07655641;0028;031;0028;031;RM031D0028;;;;;;;;
2617;RM031D0029;Centro de trabajo (no administración pública);Privada;Privado;Calle Doctor Esquerdo 138;Calle Doctor Esquerdo 138;CALLE;DOCTOR ESQUERDO;138;28007;Madrid;3;31;40,4054401;-3,6713771;24 horas;;;;;;;;YES;;;44,0768172;0029;031;0029;031;RM031D0029;;;;;;;;
616;RM031D0030;Centro de trabajo (no administración pública);Privada;Privado;Edificio oficinas ;Oficinas ;CALLE;DOCTOR ESQUERDO;136;28007;Madrid;3;31;40,40590169;-3,670952942;NO;7;22;0;0;0;0;No;NO;;;44,07685463;0030;031;0030;031;RM031D0030;;;;;;;;
612;RM033D0031;Transportes-Metro;Pública;Público;Metro de Madrid;Estación de Metro Conde Casal;CALLE;DOCTOR ESQUERDO;175;28007;Madrid;3;33;40,40708755;-3,669974754;NO;6;2;6;2;6;2;No;YES;;;44,0770623;0031;033;0031;033;RM033D0031;;;;;;;;
591;RM033D0032;Centro educativo;Privada;Público;Centro privado ;Centro primaria privado;CALLE;PEZ AUSTRAL;13 bis;28007;Madrid;3;33;40,41204333;-3,665156222;NO;9;17;0;0;0;0;No;NO;;;44,07719955;0032;033;0032;033;RM033D0032;;;;;;;;
595;RM033D0033;Centro deportivo;Privada;Público;Establecimiento privado ;Real canoe;CALLE;PEZ VOLADOR;30;28007;Madrid;3;33;40,41350468;-3,664828806;NO;7;22;8;22;8;22;No;NO;;;44,07833349;0033;033;0033;033;RM033D0033;;;;;;;;
822;RM031D0034;Otro establecimiento administración pública;Pública;Público;Metro de Madrid;Metro-Museo;CALLE;VALDERRIBAS;49;28007;Madrid;3;31;40,40400483;-3,674468823;NO;16;20;10;20;10;14;No;NO;;;44,07847365;0034;031;0034;031;RM031D0034;;;;;;;;
903;RM031D0035;Otro establecimiento administración pública;Pública;Público;Comunidad de Madrid;Real teatro del retiro ;CALLE;ALBERCHE;14;28007;Madrid;3;31;40,401903;-3,676629;NO;10;19;0;0;0;0;Sí;YES;;;44,078532;0035;031;0035;031;RM031D0035;;;;;;;;
2002;RM031D0036;Otro establecimiento administración pública;Pública;Público;Metro de Madrid;Metro-Museo Nave de Motores;CALLE;VALDERRIBAS;49;28007;Madrid;3;31;40,404031;-3,674537;NO;0;0;10;20;10;14;No;NO;;;44,078568;0036;031;0036;031;RM031D0036;;;;;;;;
1949;RM031D0037;Centro de trabajo (no administración pública);Privada;Público;Federación Madrileña de Karate;Federación Madrileña de Karate;PLAZA;DAOÍZ Y VELARDE;5;28007;Madrid;3;31;40,400847;-3,677807;NO;9;18;0;0;0;0;No;NO;;;44,078654;0037;031;0037;031;RM031D0037;;;;;;;;
582;RM036D0038;Centro educativo;Privada;Público;Comunidad de Madrid;Colegio de fisioterapia ;CALLE;DOCTOR ESQUERDO;114;28007;Madrid;3;36;40,40860836;-3,670272688;NO;9;20;0;0;0;0;No;NO;;;44,07888105;0038;036;0038;036;RM036D0038;;;;;;;;
583;RM036D0039;Viviendas;Privada;Privado;Comunidad de propietarios;Portal de propietarios ;CALLE;DOCTOR ESQUERDO;114;28007;Madrid;3;36;40,40863525;-3,670296526;24 horas;;;;;;;;YES;;;44,07893178;0039;036;0039;036;RM036D0039;;;;;;;;
619;RM031D0040;Viviendas;Privada;Privado;Comunidad de propietarios, calle de la jacaranda 10;Edificio gran Cristalera;CALLE;SÁNCHEZ BARCÁIZTEGUI;38;28007;Madrid;3;31;40,40631625;-3,672618765;24 horas;;;;;;;;YES;;;44,07893502;0040;031;0040;031;RM031D0040;;;;;;;;
1959;RM031D0041;Centro deportivo;Pública;Público;Ayuntamiento de Madrid;CDM Daoiz y Velarde;PLAZA;DAOÍZ Y VELARDE;5;28007;Madrid;3;31;40,40137523;-3,677801806;NO;9;22;9;22;9;22;No;NO;;;44,07917704;0041;031;0041;031;RM031D0041;;;;;;;;
495;RM033D0042;Centro educativo;Privada;Público;Colegio Montserrat;Colegio Montserrat;CALLE;JUAN ESPLANDIÚ;2;28007;Madrid;3;33;40,41588517;-3,664463271;NO;9;17;0;0;0;0;No;NO;;;44,08034844;0042;033;0042;033;RM033D0042;;;;;;;;
506;RM033D0043;Centro de trabajo (no administración pública);Privada;Público;Merlin;Merlin, edificio de empresas;CALLE;JUAN ESPLANDIÚ;11;28007;Madrid;3;33;40,41588517;-3,664463271;NO;8;20;0;0;0;0;No;NO;;;44,08034844;0043;033;0043;033;RM033D0043;;;;;;;;
621;RM036D0044;Centro educativo;Privada;Público;Colegio Arcángel;Colegio Arcángel;CALLE;TITULCIA;20;28007;Madrid;3;36;40,40877063;-3,671806423;NO;9;16;0;0;0;0;No;NO;;;44,08057705;0044;036;0044;036;RM036D0044;;;;;;;;
620;RM036D0045;Centro educativo;Privada;Público;Centro pedagogíco;Colegio Afuera;CALLE;CONDE DE CARTAGENA;33;28007;Madrid;3;36;40,40758242;-3,673185282;NO;9;19;0;0;0;0;No;NO;;;44,0807677;0045;036;0045;036;RM036D0045;;;;;;;;
2618;RM033D0046;Centro educativo;Pública;Público;Comunidad de Madrid;CEIP Ciudad de Roma;CALLE;JUAN ESPLANDIÚ;2;28007;Madrid;3;33;40,41540196;-3,66546039;NO;9;18;0;0;0;0;No;NO;NOT VALID-DUPLICATED;it was RM033D0046 iqual to RM033D0048;44,08086235;0046;033;0046;033;RM033D0046;;;;;;;;
820;RM031D0047;Centro educativo;Privada;Público;Colegio concertado nuestra señora de la paz;Colegio concertado nuestra señora de la paz;CALLE;VALDERRIBAS;37;28007;Madrid;3;31;40,40485419;-3,676198603;NO;9;16;0;0;0;0;No;NO;;;44,08105279;0047;031;0047;031;RM031D0047;;;;;;;;
3316;RM033D0048;Centro educativo;Pública;Público;Comunidad de Madrid;CEIP Ciudad de Roma;CALLE;JUAN ESPLANDIÚ;2;28007;Madrid;3;33;40,415332;-3,665818;NO;8;16;0;0;0;0;No;NO;;;44,08115;0048;033;0048;033;RM033D0048;;;;;;;;
587;RM036D0049;Centro educativo;Privada;Público;Centro privado ;Colegio privado infantil ;CALLE;VIERA Y CLAVIJO;16;28007;Madrid;3;36;40,40817788;-3,673038004;NO;9;17;0;0;0;0;No;NO;;;44,08121588;0049;036;0049;036;RM036D0049;;;;;;;;
691;RM033D0050;Centro deportivo;Pública;Público;Comunidad de Madrid;Centro de Natación Mundial 86;CALLE;JOSÉ MARTÍNEZ DE VELASCO;22;28007;Madrid;3;33;40,414869;-3,666968;NO;8;22;11;20;11;20;Sí;YES;;;44,081837;0050;033;0050;033;RM033D0050;;;;;;;;
711;RM033D0051;Centro de trabajo (no administración pública);Privada;Público;Empresas;Oficina Greenpeace ;CALLE;VALORES;1;28007;Madrid;3;33;40,41434406;-3,667689412;NO;8;17;0;0;0;0;No;NO;;;44,08203347;0051;033;0051;033;RM033D0051;;;;;;;;
2619;RM033D0052;Otro establecimiento administración pública;Pública;Público;CENTRO EDUCATIVO Y DE TECNIFICACIÓN DEPORTIVA;CENTRO DEPORTIVO M86;CALLE;JOSÉ MARTÍNEZ DE VELASCO;3;28007;Madrid;3;33;40,41515044;-3,666895888;NO;8;22;9;13;9;13;No;NO;;;44,08204633;0052;033;0052;033;RM033D0052;;;;;;;;
592;RM033D0053;Hotel, hostal, alojamiento;Privada;Público;Crowne plaza;Hotel ;CALLE;PEZ VOLADOR;1;28007;Madrid;3;33;40,41300173;-3,669243724;24 horas;;;;;;;;YES;;;44,08224545;0053;033;0053;033;RM033D0053;;;;;;;;
700;RM033D0054;Centro residencial de uso público;Pública;Público;Ayuntamiento de Madrid;Centro de Día, Apartamentos para Mayores Retiro;CALLE;JOSÉ MARTÍNEZ DE VELASCO;22;28007;Madrid;3;33;40,41469505;-3,667751815;NO;7;20;0;0;0;0;Sí;YES;;;44,08244687;0054;033;0054;033;RM033D0054;;;;;;;;
513;RM033D0055;Centro de trabajo (no administración pública);Privada;Público;Empresas;Edificio Magalar, empresa Nagar;CALLE;JUAN ESPLANDIÚ;15;28007;Madrid;3;33;40,41774349;-3,664851787;NO;8;20;0;0;0;0;No;NO;;;44,08259528;0055;033;0055;033;RM033D0055;;;;;;;;
1318;RM036D0056;Centro deportivo;Privada;Público;Synergym;gimanasio Synergym;AVENIDA;NAZARET;9;28009;Madrid;3;36;40,4116496;-3,6709568;NO;6;23;9;18;9;14;No;NO;;;44,0826064;0056;036;0056;036;RM036D0056;;;;;;;;
830;RM031D0057;Centro deportivo;Privada;Público;Supera fitness;Gimnasio supera fitness ;AVENIDA;CIUDAD DE BARCELONA;140;28007;Madrid;3;31;40,40343834;-3,679330934;NO;9;14;0;0;0;0;No;NO;;;44,08276927;0057;031;0057;031;RM031D0057;;;;;;;;
511;RM033D0058;Centro de trabajo (no administración pública);Privada;Público;Merlin;Merlin edificio de empresas;CALLE;JUAN ESPLANDIÚ;13;28007;Madrid;3;33;40,4180785;-3,664748764;NO;8;20;0;0;0;0;No;NO;;;44,08282726;0058;033;0058;033;RM033D0058;;;;;;;;
870;RM031D0059;Centro educativo;Privada;Público;Adams;Centro formativo adams;CALLE;NARCISO SERRA;14;28007;Madrid;3;31;40,40507318;-3,678616705;NO;8;20;0;0;0;0;No;NO;;;44,08368989;0059;031;0059;031;RM031D0059;;;;;;;;
686;RM033D0060;Centro educativo;Privada;Público;Colegio Montserrat;Colegio Montserrat, centro de bachillerato;CALLE;JOSÉ MARTÍNEZ DE VELASCO;1;28007;Madrid;3;33;40,41630826;-3,667649894;NO;8;15;0;0;0;0;No;NO;;;44,08395815;0060;033;0060;033;RM033D0060;;;;;;;;
865;RM031D0061;Centro educativo;Pública;Público;Comunidad de Madrid;Colegio nacional francisco Quevedo ;CALLE;GRANADA;16;28007;Madrid;3;31;40,40471735;-3,679379147;NO;9;14;0;0;0;0;No;NO;;;44,0840965;0061;031;0061;031;RM031D0061;;;;;;;;
843;RM031D0062;Centro educativo;Pública;Público;Arte Diez;Arte Diez;AVENIDA;CIUDAD DE BARCELONA;25;28007;Madrid;3;31;40,40431397;-3,680565356;NO;8;21;0;0;0;0;No;NO;;;44,08487933;0062;031;0062;031;RM031D0062;;;;;;;;
860;RM031D0063;Transportes-Metro;Pública;Público;Metro de Madrid;Estación de Metro Menéndez Pelayo;AVENIDA;MENÉNDEZ PELAYO;S/N;28007;Madrid;3;31;40,40442152;-3,680660718;NO;6;2;6;2;6;2;No;YES;;;44,08508224;0063;031;0063;031;RM031D0063;;;;;;;;
580;RM036D0064;Centro deportivo;Privada;Público;Gimnasiarca;Centro deportivo ;CALLE;DOCTOR ESQUERDO;64-66;28009;Madrid;3;36;40,41434;-3,67075;NO;7;22;7;22;7;22;No;NO;;;44,08509;0064;036;0064;036;RM036D0064;;;;;;;;
605;RM036D0065;Transportes-Metro;Pública;Público;Metro de Madrid;Estación de Metro Sainz de Baranda línea 9;CALLE;DOCTOR ESQUERDO;62;28007;Madrid;3;36;40,41550385;-3,669657478;NO;6;2;6;2;6;2;No;YES;;;44,08516133;0065;036;0065;036;RM036D0065;;;;;;;;
606;RM036D0066;Transportes-Metro;Pública;Público;Metro de Madrid;Estación de Metro Sainz de Baranda distribuidor línea 6;CALLE;DOCTOR ESQUERDO;62;28007;Madrid;3;36;40,41550385;-3,669657478;NO;6;2;6;2;6;2;No;YES;;;44,08516133;0066;036;0066;036;RM036D0066;;;;;;;;
1316;RM036D0067;Centro educativo;Pública;Público;Comunidad de Madrid;Resad;AVENIDA;NAZARET;2;28009;Madrid;3;36;40,4105558;-3,674664574;NO;8;21;0;0;0;0;No;NO;;;44,08522037;0067;036;0067;036;RM036D0067;;;;;;;;
826;RM031D0068;Centro de trabajo (no administración pública);Privada;Privado;Cogebro;Edificio vecinal;AVENIDA;CIUDAD DE BARCELONA;132;28007;Madrid;3;31;40,40418417;-3,681188642;NO;8;15;0;0;0;0;No;NO;;;44,08537281;0068;031;0068;031;RM031D0068;;;;;;;;
520;RM033D0069;Centro de trabajo (no administración pública);Privada;Público;Empresas;Hermanas Hospitalarias Provincia de España;CALLE;VAQUERÍAS;7;28007;Madrid;3;33;40,41855098;-3,667742788;NO;8;18;0;0;0;0;No;NO;;;44,08629377;0069;033;0069;033;RM033D0069;;;;;;;;
1492;RM031D0070;Centro educativo;Pública;Público;Colegio San Isidoro;Colegio San Isidoro;CALLE;FUENTERRABÍA;15;28014;Madrid;3;31;40,40654371;-3,681330281;NO;9;18;0;0;0;0;No;NO;;;44,08787399;0070;031;0070;031;RM031D0070;;;;;;;;
1278;RM036D0071;Otro establecimiento administración pública;Pública;Público;Gobierno de España ;Ministerio de trabajo y economía social ;CALLE;PÍO BAROJA;6;28009;Madrid;3;36;40,41389095;-3,674356078;NO;7;21;0;0;0;0;No;NO;;;44,08824703;0071;036;0071;036;RM036D0071;;;;;;;;
1490;RM031D0072;Otro establecimiento administración pública;Pública;Público;FÁBRICA DE TAPICES MADRID;Fábrica Tapices;CALLE;FUENTERRABÍA;2;28014;Madrid;3;31;40,40605945;-3,682480338;NO;9;17;9;17;0;0;Sí;YES;;;44,08853979;0072;031;0072;031;RM031D0072;;;;;;;;
522;RM033D0073;Centro de trabajo (no administración pública);Privada;Público;Empresas;Proyectos y Rehabilitaciones Kalam, SA;CALLE;ANTONIO CASERO;6;28007;Madrid;3;33;40,42019538;-3,668478089;NO;9;18;0;0;0;0;No;NO;;;44,08867347;0073;033;0073;033;RM033D0073;;;;;;;;
1488;RM031D0074;Otro;Privada;Público;Sumamente;Sumamente;CALLE;ANDRÉS TORREJÓN;8;28014;Madrid;3;31;40,4068098;-3,682040079;NO;9;18;9;14;0;0;Sí;YES;;;44,08884988;0074;031;0074;031;RM031D0074;;;;;;;;
1274;RM036D0075;Viviendas;Privada;Privado;Comunidad de propietarios;Edificio torre Retiro ;AVENIDA;MENÉNDEZ PELAYO;67;28009;Madrid;3;36;40,41255499;-3,676346399;24 horas;;;;;;;;YES;;;44,08890139;0075;036;0075;036;RM036D0075;;;;;;;;
1276;RM036D0076;Centro educativo;Pública;Público;Colegio publico ;Colegio escuelas aguirre;CALLE;PÍO BAROJA;4;28009;Madrid;3;36;40,41457498;-3,674468984;NO;8;18;0;0;0;0;No;NO;;;44,08904396;0076;036;0076;036;RM036D0076;;;;;;;;
1500;RM035D0077;Centro educativo;Privada;Público;Colegio Retiro;Colegio Retiro ;CALLE;POETA ESTEBAN DE VILLEGAS;8;28014;Madrid;3;35;40,40799506;-3,681179921;NO;8;16;0;0;0;0;No;NO;;;44,08917498;0077;035;0077;035;RM035D0077;;;;;;;;
851;RM031D0078;Otro establecimiento administración pública;Pública;Público;Renfe;Edificio Renfe;AVENIDA;CIUDAD DE BARCELONA;8;28007;Madrid;3;31;40,40526;-3,68426;NO;7;21;0;0;0;0;No;NO;;;44,08952;0078;031;0078;031;RM031D0078;;;;;;;;
602;RM031D0079;Centro educativo;Privada;Público;Colegio virgen de atocha ;Colegio virgen de atocha ;AVENIDA;CIUDAD DE BARCELONA;1;28007;Madrid;3;31;40,40579983;-3,683726931;NO;8;18;0;0;0;0;No;NO;;;44,08952676;0079;031;0079;031;RM031D0079;;;;;;;;
611;RM034D0080;Centro residencial de uso público;Pública;Público;Residencia de Mayores La Paz;Residencia de Mayores La Paz;CALLE;DOCTOR ESQUERDO;44;28007;Madrid;3;34;40,42056883;-3,669330495;24 horas;;;;;;;;YES;;;44,08989933;0080;034;0080;034;RM034D0080;;;;;;;;
1498;RM035D0081;Hotel, hostal, alojamiento;Privada;Público;Hotel Santos;Recepción Hotel Santos;PASEO;REINA CRISTINA;7;28014;Madrid;3;35;40,40697477;-3,683090632;24 horas;;;;;;;;YES;;;44,0900654;0081;035;0081;035;RM035D0081;;;;;;;;
853;RM031D0082;Otro establecimiento administración pública;Pública;Público;Renfe;Edificio Renfe;AVENIDA;CIUDAD DE BARCELONA;6;28007;Madrid;3;31;40,40557;-3,68539;NO;7;21;0;0;0;0;No;NO;;;44,09096;0082;031;0082;031;RM031D0082;;;;;;;;
1287;RM034D0083;Otro establecimiento administración pública;Pública;Público;Ayuntamiento de Madrid;Hospital materno infantil Gregorio Marañón ;CALLE;DOCTOR CASTELO;49;28009;Madrid;3;34;40,42042209;-3,671332935;24 horas;;;;;;;;YES;;;44,09175503;0083;034;0083;034;RM034D0083;;;;;;;;
1285;RM034D0084;Centro deportivo;Privada;Público;Vivagym;Vivagym;CALLE;ALCALDE SAINZ DE BARANDA;26;28009;Madrid;3;34;40,41672355;-3,675256592;NO;7;22;9;20;9;14;No;NO;;;44,09198014;0084;034;0084;034;RM034D0084;;;;;;;;
854;RM031D0085;Otro establecimiento administración pública;Pública;Público;Renfe;Edificio Renfe;AVENIDA;CIUDAD DE BARCELONA;4;28007;Madrid;3;31;40,405777;-3,686205;NO;7;21;0;0;0;0;No;NO;;;44,091982;0085;031;0085;031;RM031D0085;;;;;;;;
1291;RM034D0086;Otro establecimiento administración pública;Pública;Público;Ayuntamiento de Madrid;Consejería de familia ;CALLE;O'DONNELL;50;28009;Madrid;3;34;40,42112605;-3,671115966;NO;6;21;0;0;0;0;Sí;YES;;;44,09224202;0086;034;0086;034;RM034D0086;;;;;;;;
2191;RM035D0087;Centro educativo;Pública;Público;Comunidad de Madrid;IES ISABEL LA CATÓLICA;CALLE;ALFONSO XII;3;28014;Madrid;3;35;40,4085241;-3,684452;NO;8;16;0;0;0;0;No;NO;;;44,0929761;0087;035;0087;035;RM035D0087;;;;;;;;
1480;RM035D0088;Centro educativo;Pública;Público;ETS CAMINOS Y PUERTOS U.P. Madrid;Universidad Ingeniería Civil;CALLE;ALFONSO XII;3;28014;Madrid;3;35;40,4073338;-3,686358796;NO;8;20;0;0;0;0;Sí;YES;;;44,0936926;0088;035;0088;035;RM035D0088;;;;;;;;
2192;RM035D0089;Centro educativo;Pública;Público;Comunidad de Madrid;IES ISABEL LA CATÓLICA;CALLE;ALFONSO XII;3;28014;Madrid;3;35;40,4082022;-3,6855865;NO;8;16;0;0;0;0;No;NO;;;44,0937887;0089;035;0089;035;RM035D0089;;;;;;;;
1306;RM035D0090;Centro educativo;Pública;Público;Palacio de Cristal;Palacio de Cristal;PASEO;REPÚBLICA DE CUBA;2;28009;Madrid;3;35;40,413656;-3,681846;NO;0;0;0;0;0;0;No;NO;NOT VALID;it was RM035D0090;44,095502;0090;035;0090;035;RM035D0090;;;;;;;;
1282;RM034D0091;Centro comercial;Privada;Público;Ayuntamiento de Madrid;Mercado de Ibiza;CALLE;IBIZA;8;28009;Madrid;3;34;40,41816123;-3,677439813;NO;9;21;9;21;0;0;No;NO;;;44,09560104;0091;034;0091;034;RM034D0091;;;;;;;;
2576;RM035D0092;Otro establecimiento administración pública;Pública;Público;Ayuntamiento de Madrid;Biblioteca Retiro ;PASEO;FERNÁN NÚÑEZ;24;28009;Madrid;3;35;40,41681995;-3,678793649;NO;8;20;8;14;8;14;Sí;YES;;;44,0956136;0092;035;0092;035;RM035D0092;;;;;;;;
1506;RM035D0093;Transportes-Renfe;Pública;Público;ADIF;Estación de Cercanías Atocha vestíbulo vías 1-2;PASEO;INFANTA ISABEL;S/N;28014;Madrid;3;35;40,40596162;-3,689856811;24 horas;;;;;;;;YES;;;44,09581843;0093;035;0093;035;RM035D0093;;;;;;;;
1507;RM035D0094;Transportes-Renfe;Pública;Público;ADIF;Estación de Cercanías Atocha vestíbulo vías 6-7;PASEO;INFANTA ISABEL;S/N;28014;Madrid;3;35;40,40596162;-3,689856811;24 horas;;;;;;;;YES;;;44,09581843;0094;035;0094;035;RM035D0094;;;;;;;;
1266;RM034D0095;Transportes-Metro;Pública;Público;Metro de Madrid;Estación de Metro Ibiza;CALLE;IBIZA;4;28009;Madrid;3;34;40,418376;-3,6779307;NO;6;2;6;2;6;2;No;YES;;;44,0963067;0095;034;0095;034;RM034D0095;;;;;;;;
1304;RM034D0096;Centro comercial;Privada;Público;Renoir retiró;Renoir retiró;CALLE;NARVÁEZ;42;28009;Madrid;3;34;40,42005064;-3,676327161;NO;10;2;10;2;10;2;No;NO;;;44,0963778;0096;034;0096;034;RM034D0096;;;;;;;;
2190;RM035D0097;Otro establecimiento administración pública;Pública;Público;Ministerio de Cultura;Museo Antropológico Nacional;CALLE;ALFONSO XII;68;28014;Madrid;3;35;40,4076112;-3,6889208;NO;9;20;9;20;10;15;Sí;YES;;;44,096532;0097;035;0097;035;RM035D0097;;;;;;;;
1481;RM035D0098;Otro establecimiento administración pública;Pública;Público;Museo antropología ;Museo antropología ;CALLE;ALFONSO XII;68;28014;Madrid;3;35;40,40790435;-3,688886671;NO;10;20;10;20;0;0;Sí;YES;;;44,09679102;0098;035;0098;035;RM035D0098;;;;;;;;
1302;RM035D0099;Otro establecimiento administración pública;Pública;Público;Palacio de Velázquez;Palacio de Velázquez;PASEO;VENEZUELA;2;28009;Madrid;3;35;40,4150369;-3,6819384;NO;0;0;0;0;0;0;No;NO;;;44,0969753;0099;035;0099;035;RM035D0099;;;;;;;;
1505;RM035D0100;Hotel, hostal, alojamiento;Privada;Público;Hoteles NH;NH Atocha ;PASEO;INFANTA ISABEL;9;28014;Madrid;3;35;40,40783827;-3,68939277;24 horas;;;;;;;;YES;;;44,09723104;0100;035;0100;035;RM035D0100;;;;;;;;
1477;RM035D0101;Centro de trabajo (no administración pública);Pública;Privado;Edificio Alfonso XII 62;Recepcion alfonso xii 62;CALLE;ALFONSO XII;62;28014;Madrid;3;35;40,40842678;-3,688903784;NO;9;18;0;0;0;0;Sí;YES;;;44,09733056;0101;035;0101;035;RM035D0101;;;;;;;;
1476;RM035D0102;Centro de trabajo (no administración pública);Pública;Privado;AECOM;AECOM;CALLE;ALFONSO XII;62;28014;Madrid;3;35;40,40842671;-3,688915568;NO;9;18;0;0;0;0;Sí;YES;;;44,09734228;0102;035;0102;035;RM035D0102;;;;;;;;
2185;RM035D0103;Otro establecimiento administración pública;Pública;Público;CSIC;Real Jardin Botanico - Cuesta de Moyano;CALLE;CLAUDIO MOYANO;1;28014;Madrid;3;35;40,409848;-3,688988;NO;7;22;7;15;0;0;Sí;YES;;;44,098836;0103;035;0103;035;RM035D0103;;;;;;;;
2186;RM035D0104;Transportes-Metro;Pública;Privado;Metro de Madrid;Metro-Depósito Canillejas-Primer edificio botiquín;PASEO;INFANTA ISABEL;1;28014;Madrid;3;35;40,4084184;-3,6905178;NO;6;2;6;2;6;2;No;YES;;;44,0989362;0104;035;0104;035;RM035D0104;;;;;;;;
2187;RM035D0105;Otro establecimiento administración pública;Pública;Público;Ministerio de Agricultura, Pesca y Alimentación;Ministerio de Agricultura - Palacio del Fomento;PASEO;INFANTA ISABEL;1;28014;Madrid;3;35;40,4085423;-3,6907374;NO;7;21;0;0;0;0;Sí;YES;;;44,0992797;0105;035;0105;035;RM035D0105;;;;;;;;
1270;RM034D0106;Otro establecimiento administración pública;Pública;Privado;Comunidad de Madrid;Consejeria de Educación e Investigación  planta primera ;CALLE;O'DONNELL;12;28009;Madrid;3;34;40,42147999;-3,677914439;NO;7;23;7;23;7;23;No;NO;;;44,09939443;0106;034;0106;034;RM034D0106;;;;;;;;
1271;RM034D0107;Otro establecimiento administración pública;Pública;Público;SEPE;Oficina de Empleo ;CALLE;O'DONNELL;12;28009;Madrid;3;34;40,42147999;-3,677914439;NO;9;14;0;0;0;0;No;NO;;;44,09939443;0107;034;0107;034;RM034D0107;;;;;;;;
1269;RM034D0108;Otro;Privada;Privado;Espacio Bertelsmann;Lugar de eventos, espacio Bertelsmann;CALLE;O'DONNELL;10;2009;Madrid;3;34;40,4215685;-3,6780871;NO;0;0;0;0;0;0;No;NO;;;44,0996556;0108;034;0108;034;RM034D0108;;;;;;;;
1267;RM034D0109;Restaurante o similar;Privada;Público;Restaurante Arzábal;Restaurante Arzábal;AVENIDA;MENÉNDEZ PELAYO;13;28009;Madrid;3;34;40,42047;-3,67933;NO;6;2;6;2;6;2;No;NO;;;44,0998;0109;034;0109;034;RM034D0109;;;;;;;;
1295;RM035D0110;Centro deportivo;Pública;Público;Ayuntamiento de Madrid;Oficina de reserva de barcas del estanque del Retiro;PASEO;COLOMBIA;2;28009;Madrid;3;35;40,41849434;-3,684503127;NO;10;20;10;20;10;20;No;NO;;;44,10299747;0110;035;0110;035;RM035D0110;;;;;;;;
1296;RM035D0111;Centro educativo;Pública;Público;Centro cultural Casa de Vacas;Centro cultural casa de Vacas;PASEO;COLOMBIA;2;28009;Madrid;3;35;40,419078;-3,684059;NO;10;21;10;21;10;21;No;NO;;;44,103137;0111;035;0111;035;RM035D0111;;;;;;;;
2578;RM035D0112;Otro establecimiento administración pública;Pública;Público;Ayuntamiento de Madrid;Casa de Vacas Retiro;PASEO;REPÚBLICA DOMINICANA;8;28009;Madrid;3;35;40,419198;-3,684094;NO;10;21;10;21;10;21;Sí;YES;;;44,103292;0112;035;0112;035;RM035D0112;;;;;;;;
2383;RM035D0113;Otro;Privada;Privado;Comet;Comet;CALLE;ALFONSO XII;30;28014;Madrid;3;35;40,4149256;-3,689068;NO;8;22;0;0;0;0;No;NO;;;44,1039936;0113;035;0113;035;RM035D0113;;;;;;;;
3313;RM035D0114;Otro establecimiento administración pública;Pública;Público;casón del buen retiro;casón del buen retiro;CALLE;ALFONSO XII;28;28014;Madrid;3;35;40,415228;-3,689079;NO;9;17;0;0;0;0;No;NO;;;44,104307;0114;035;0114;035;RM035D0114;;;;;;;;
2202;RM035D0115;Otro establecimiento administración pública;Pública;Público;Xunta de Galicia;Casa de Galicia en Madrid;CALLE;CASADO DEL ALISAL;8;28014;Madrid;3;35;40,4139285;-3,6906053;NO;9;20;0;0;0;0;Sí;YES;;;44,1045338;0115;035;0115;035;RM035D0115;;;;;;;;
2203;RM035D0116;Otro establecimiento administración pública;Pública;Público;Ministerio de Cultura;Museo del Prado - Oficinas;CALLE;RUIZ DE ALARCÓN;23;28014;Madrid;3;35;40,4136468;-3,6914006;24 horas;;;;;;;;YES;;;44,1050474;0116;035;0116;035;RM035D0116;;;;;;;;
2205;RM035D0117;Otro establecimiento administración pública;Pública;Público;Ministerio de Cultura;Museo del Prado - Casón del Buen Retiro ;CALLE;FELIPE IV;S/N;28014;Madrid;3;35;40,4151747;-3,6900762;NO;7;21;7;21;0;0;Sí;YES;;;44,1052509;0117;035;0117;035;RM035D0117;;;;;;;;
2204;RM035D0118;Otro establecimiento administración pública;Pública;Público;Ministerio de Cultura;Museo del Prado - Puerta Jerónimos;PASEO;PRADO;11;28014;Madrid;3;35;40,414331;-3,6918421;NO;10;20;10;20;10;19;Sí;YES;;;44,1061731;0118;035;0118;035;RM035D0118;;;;;;;;
2207;RM035D0119;Hotel, hostal, alojamiento;Pública;Público;Petit Palace Rooms ;Hotel Petit Palace Savoy Alfonso XII;CALLE;ALFONSO XII;18;28014;Madrid;3;35;40,4171579;-3,6890275;24 horas;;;;;;;;YES;;;44,1061854;0119;035;0119;035;RM035D0119;;;;;;;;
2206;RM035D0120;Centro de trabajo (no administración pública);Privada;Público;Real Academia Española de la Lengua;RAE - Real Academia Española de la Lengua;CALLE;FELIPE IV;4;28014;Madrid;3;35;40,4152076;-3,6909815;NO;8;19;0;0;0;0;No;NO;;;44,1061891;0120;035;0120;035;RM035D0120;;;;;;;;
2387;RM035D0121;Hotel, hostal, alojamiento;Privada;Público;Hotel Palacio del Retiro;Hotel Palacio del Retiro;CALLE;ALFONSO XII;14;28014;Madrid;3;35;40,4177549;-3,6890778;24 horas;;;;;;;;YES;;;44,1068327;0121;035;0121;035;RM035D0121;;;;;;;;
3310;RM035D0122;Otro establecimiento administración pública;Privada;Público;Museo Nacional de Artes Decorativas;Museo Nacional de Artes Decorativas;CALLE;MONTALBÁN;12;28014;Madrid;3;35;40,417938;-3,68968;24 horas;;;;;;;;YES;;;44,107618;0122;035;0122;035;RM035D0122;;;;;;;;
2208;RM035D0123;Hotel, hostal, alojamiento;Pública;Público;Petit Palace Rooms;Petit Palace Plaza de la Lealtad;CALLE;ANTONIO MAURA;5;28014;Madrid;3;35;40,4166938;-3,6910844;24 horas;;;;;;;;YES;;;44,1077782;0123;035;0123;035;RM035D0123;;;;;;;;
3341;RM035D0124;Otro;Privada;Público;Museo Nacional de Artes Decorativas;Museo Nacional de Artes Decorativas;CALLE;MONTALBÁN;14;28014;Madrid;3;35;40,418016;-3,689798;NO;10;15;10;15;10;15;No;NO;;;44,107814;0124;035;0124;035;RM035D0124;;;;;;;;
2368;RM035D0125;Centro de trabajo (no administración pública);Privada;Privado;Bestimer Acciona;Acciona;CALLE;JUAN DE MENA;8;28014;Madrid;3;35;40,4172827;-3,6907444;24 horas;;;;;;;;YES;;;44,1080271;0125;035;0125;035;RM035D0125;;;;;;;;
2209;RM035D0126;Hotel, hostal, alojamiento;Pública;Público;Mandarin Oriental Hotel Group;Hotel Ritz Mandarín - Puerta Empleados;CALLE;FELIPE IV;1;28014;Madrid;3;35;40,4152771;-3,6927765;24 horas;;;;;;;;YES;;;44,1080536;0126;035;0126;035;RM035D0126;;;;;;;;
2365;RM035D0127;Centro de trabajo (no administración pública);Privada;Privado;ARUP;ARUP;CALLE;ALFONSO XI;12;28014;Madrid;3;35;40,4176161;-3,6905392;NO;7;20;0;0;0;0;No;NO;;;44,1081553;0127;035;0127;035;RM035D0127;;;;;;;;
2245;RM035D0128;Otro establecimiento administración pública;Pública;Público;Ministerio de la Presidencia;CIS- CENTRO DE INVESTIGACIONES SOCIOLÓGICAS;CALLE;MONTALBÁN;8;28014;Madrid;3;35;40,4179308;-3,6903431;NO;8;21;0;0;0;0;Sí;YES;;;44,1082739;0128;035;0128;035;RM035D0128;;;;;;;;
2210;RM035D0129;Hotel, hostal, alojamiento;Pública;Público;Mandarin Oriental Hotel Group;Hotel Ritz Mandarin - Puerta Principal;PLAZA;LEALTAD;5;28014;Madrid;3;35;40,415783;-3,6926484;24 horas;;;;;;;;YES;;;44,1084314;0129;035;0129;035;RM035D0129;;;;;;;;
2255;RM035D0130;Otro establecimiento administración pública;Pública;Público;Administración General del Estado;Edificio Público (varias administraciones);CALLE;VALENZUELA;3;28014;Madrid;3;35;40,4189248;-3,6900075;NO;7;21;0;0;0;0;Sí;YES;;;44,1089323;0130;035;0130;035;RM035D0130;;;;;;;;
2211;RM035D0131;Centro de trabajo (no administración pública);Privada;Privado;Bolsas y Mercados de España SA;Bolsa de Madrid - Palacio de la Bolsa;PLAZA;LEALTAD;1;28014;Madrid;3;35;40,416802;-3,6922723;NO;8;20;0;0;0;0;Sí;YES;;;44,1090743;0131;035;0131;035;RM035D0131;;;;;;;;
2213;RM035D0132;Centro de trabajo (no administración pública);Pública;Público;Colegio Notarial de Madrid;Colegio Notarial de Madrid;CALLE;RUIZ DE ALARCÓN;3;28014;Madrid;3;35;40,4175073;-3,6915682;NO;9;17;0;0;0;0;No;NO;;;44,1090755;0132;035;0132;035;RM035D0132;;;;;;;;
2248;RM035D0133;Otro establecimiento administración pública;Pública;Público;Ministerio de Transportes;Dirección General de la Marina Mercante;CALLE;RUIZ DE ALARCÓN;1;28014;Madrid;3;35;40,41781;-3,6914384;NO;7;20;0;0;0;0;Sí;YES;;;44,1092484;0133;035;0133;035;RM035D0133;;;;;;;;
2369;RM035D0134;Otro establecimiento administración pública;Pública;Público;Ayuntamiento de Madrid;Palacio Cibeles;CALLE;MONTALBÁN;1;28014;Madrid;3;35;40,4182537;-3,6915062;24 horas;;;;;;;;YES;;;44,1097599;0134;035;0134;035;RM035D0134;;;;;;;;
539;RM043D0001;Otro establecimiento administración pública;Pública;Público;RTVE;RTVE TORRESPAÑA;CALLE;ALCALDE SAINZ DE BARANDA;92;28007;Madrid;4;43;40,42086838;-3,662685207;24 horas;;;;;;;;YES;;;44,08355359;0001;043;0001;043;RM043D0001;;;;;;;;
3253;RM043D0002;Centro deportivo;Pública;Público;Ayuntamiento de Madrid;CDM Fuente del Berro;CALLE;ELVIRA;36;28028;Madrid;4;43;40,421236;-3,665065;NO;8;22;9;21;0;0;No;NO;;;44,086301;0002;043;0002;043;RM043D0002;;;;;;;;
3356;RM043D0003;Centro educativo;Privada;Público;Colegio Sagrada Familia;Colegio Sagrada Familia;CALLE;MERCEDES FÓRMICA;32;28028;Madrid;4;43;40,4219903;-3,6647891;NO;9;16;0;0;0;0;No;NO;;;44,0867794;0003;043;0003;043;RM043D0003;;;;;;;;
3249;RM043D0004;Centro deportivo;Privada;Público;CrossFit Singular Box;CrossFit Singular Box;CALLE;RAMÓN DE AGUINAGA;13;28028;Madrid;4;43;40,426838;-3,662477;NO;7;22;10;14;0;0;No;NO;;;44,089315;0004;043;0004;043;RM043D0004;;;;;;;;
3355;RM043D0005;Centro educativo;Privada;Público;Colegio Santa Ana y San Rafael;Colegio Santa Ana y San Rafael;CALLE;DOCTOR ESQUERDO;53;28028;Madrid;4;43;40,42162;-3,6685734;NO;9;18;0;0;0;0;No;NO;;;44,0901934;0005;043;0005;043;RM043D0005;;;;;;;;
3248;RM043D0006;Centro deportivo;Privada;Público;Renault ;Talleres Renault;CALLE;VIZCONDE DE MATAMALA;11;28028;Madrid;4;43;40,426277;-3,663955;NO;8;18;0;0;0;0;No;NO;;;44,090232;0006;043;0006;043;RM043D0006;;;;;;;;
3247;RM043D0007;Centro de trabajo (no administración pública);Privada;Privado;Federación de Organismos o Entidades de Radio y Televisión Autonómicos;FORTA;CALLE;BOCÁNGEL;26;28028;Madrid;4;43;40,427584;-3,662846;NO;7;21;0;0;0;0;No;NO;;;44,09043;0007;043;0007;043;RM043D0007;;;;;;;;
3252;RM042D0008;Transportes-Metro;Pública;Público;Metro de Madrid;Estación de Metro O´Donnell;CALLE;DOCTOR ESQUERDO;42;28009;Madrid;4;42;40,421558;-3,669153;NO;6;2;6;2;6;2;No;YES;;;44,090711;0008;042;0008;042;RM042D0008;;;;;;;;
3354;RM043D0009;Centro de trabajo (no administración pública);Privada;Privado;Elecnor;Elecnor;CALLE;MAESTRO ALONSO;21;28028;Madrid;4;43;40,4274642;-3,6634929;NO;8;19;0;0;0;0;No;NO;;;44,0909571;0009;043;0009;043;RM043D0009;;;;;;;;
3357;RM043D0010;Centro educativo;Pública;Público;Colegio Amador de los Ríos;Colegio Amador de los Ríos;PASEO;MARQUÉS DE ZAFRA;16;28028;Madrid;4;43;40,4263159;-3,6665804;NO;9;18;0;0;0;0;No;NO;;;44,0928963;0010;043;0010;043;RM043D0010;;;;;;;;
1577;RM042D0011;Otro establecimiento administración pública;Pública;Público;Comunidad de Madrid;Centro de Salud Goya;CALLE;O'DONNELL;55;28009;Madrid;4;42;40,4217241;-3,671222;NO;8;20;0;0;0;0;Sí;YES;;;44,0929461;0011;042;0011;042;RM042D0011;;;;;;;;
3353;RM043D0012;Centro educativo;Privada;Público;Colegio Santa Susana;Colegio Santa Susana;CALLE;PEDRO HEREDIA;28;28028;Madrid;4;43;40,4296594;-3,663339;NO;8;18;0;0;0;0;No;NO;;;44,0929984;0012;043;0012;043;RM043D0012;;;;;;;;
3251;RM042D0013;Centro residencial de uso público;Pública;Público;Comunidad de Madrid;Residencia mayores Goya;CALLE;DOCTOR ESQUERDO;26;28009;Madrid;4;42;40,424109;-3,668908;24 horas;;;;;;;;YES;;;44,093017;0013;042;0013;042;RM042D0013;;;;;;;;
1573;RM042D0014;Hotel, hostal, alojamiento;Privada;Público;Novotel Hotels & Resorts;Hotel Novotel Madrid Center;CALLE;O'DONNELL;53;28009;Madrid;4;42;40,4214216;-3,6720883;24 horas;;;;;;;;YES;;;44,0935099;0014;042;0014;042;RM042D0014;;;;;;;;
1574;RM042D0015;Hotel, hostal, alojamiento;Privada;Público;Novotel Hotels & Resorts;Hotel Novotel Madrid Center;CALLE;O'DONNELL;53;28009;Madrid;4;42;40,4214216;-3,6720883;24 horas;;;;;;;;YES;;;44,0935099;0015;042;0015;042;RM042D0015;;;;;;;;
3250;RM043D0016;Viviendas;Privada;Privado;Comunidad de propietarios de Doctor Esquerdo 31;Comunidad Doctor Esquerdo 31;CALLE;DOCTOR ESQUERDO;31;28028;Madrid;4;43;40,42506;-3,668518;24 horas;;;;;;;;YES;;;44,093578;0016;043;0016;043;RM043D0016;;;;;;;;
1313;RM042D0017;Hotel, hostal, alojamiento;Privada;Público;Novotel Hotels & Resorts;Novotel Madrid center;CALLE;O'DONNELL;53;28009;Madrid;4;42;40,42157926;-3,67219316;24 horas;;;;;;;;YES;;;44,09377242;0017;042;0017;042;RM042D0017;;;;;;;;
2096;RM044D0018;Transportes-Metro;Pública;Público;Metro de Madrid;Estación de Metro Ventas;CALLE;ALCALÁ;233;28028;Madrid;4;44;40,43118884;-3,663364191;NO;6;2;6;2;6;2;No;YES;;;44,09455303;0018;044;0018;044;RM044D0018;;;;;;;;
2914;RM044D0019;Transportes-Metro;Pública;Público;Metro de Madrid;Estación de Metro Ventas;CALLE;ALCALÁ;233;28028;Madrid;4;44;40,43118884;-3,663364191;NO;6;2;6;2;6;2;No;NO;NOT VALID-DUPLICATED;it was RM044D0019 iqual to RM044D0018;44,09455303;0019;044;0019;044;RM044D0019;;;;;;;;
1880;RM043D0020;Viviendas;Privada;Público;Comunidad de propietarios, calle de la jacaranda 10;Portal Doctor Esquerdo 13;CALLE;DOCTOR ESQUERDO;13;28028;Madrid;4;43;40,42642164;-3,668303955;24 horas;;;;;;;;YES;;;44,0947256;0020;043;0020;043;RM043D0020;;;;;;;;
2071;RM044D0021;Hotel, hostal, alojamiento;Privada;Público;IBIS ;Hotel Ibis Las Ventas;CALLE;JULIO CAMBA;1;28028;Madrid;4;44;40,43050813;-3,664241706;24 horas;;;;;;;;YES;;;44,09474984;0021;044;0021;044;RM044D0021;;;;;;;;
3067;RM043D0022;Otro establecimiento administración pública;Pública;Privado;CISEM;CISEM;CALLE;RUFINO BLANCO;2;28028;Madrid;4;43;40,428077;-3,666681;24 horas;;;;;;;;YES;;;44,094758;0022;043;0022;043;RM043D0022;;;;;;;;
1878;RM043D0023;Centro deportivo;Privada;Público;Basic Fit;Basic Fit Alcalá;CALLE;ALCALÁ;184;28028;Madrid;4;43;40,42952849;-3,665399198;NO;6;0;8;21;8;21;No;NO;;;44,09492769;0023;043;0023;043;RM043D0023;;;;;;;;
3052;RM043D0024;Otro establecimiento administración pública;Pública;Privado;Bomberos de Madrid;PARQUE 2 DE BOMBEROS;CALLE;RUFINO BLANCO;5;28028;Madrid;4;43;40,428442;-3,666976;24 horas;;;;;;;;YES;;;44,095418;0024;043;0024;043;RM043D0024;;;;;;;;
2915;RM044D0025;Otro;Privada;Público;Simón Casas Production SAS;Las Ventas Plaza de Toros;CALLE;ALCALÁ;237;28028;Madrid;4;44;40,43200699;-3,663655182;NO;11;18;11;18;11;18;No;NO;;;44,09566217;0025;044;0025;044;RM044D0025;;;;;;;;
2569;RM042D0026;Centro deportivo;Privada;Público;Movistar Arena;Movistar Arena;AVENIDA;FELIPE II;21;28009;Madrid;4;42;40,423993;-3,6718477;24 horas;;;;;;;;YES;;;44,0958407;0026;042;0026;042;RM042D0026;;;;;;;;
1879;RM044D0027;Centro deportivo;Privada;Público;Action Black;Gimnasio Action Black;CALLE;ALCALÁ;211;28028;Madrid;4;44;40,4294325;-3,666423911;NO;7;22;10;14;10;14;No;NO;;;44,09585641;0027;044;0027;044;RM044D0027;;;;;;;;
1882;RM043D0028;Otro;Privada;Público;SALA UNIPRAGA S.A.;Bingo Roma;PLAZA;MANUEL BECERRA;12;28028;Madrid;4;43;40,42809;-3,66777;NO;12;3;12;3;12;3;No;NO;;;44,09586;0028;043;0028;043;RM043D0028;;;;;;;;
1551;RM042D0029;Otro;Privada;Público;Movistar Arena;Movistar Arena (wizink center) ;AVENIDA;FELIPE II;1;28009;Madrid;4;42;40,4235286;-3,6724367;24 horas;;;;;;;;YES;;;44,0959653;0029;042;0029;042;RM042D0029;;;;;;;;
3062;RM042D0030;Centro de trabajo (no administración pública);Privada;Privado;El Corte Inglés;Oficinas centrales edificio principal corte ingles;CALLE;HERMOSILLA;112;28009;Madrid;4;42;40,42554515;-3,670511114;24 horas;;;;;;;;YES;;;44,09605626;0030;042;0030;042;RM042D0030;;;;;;;;
3063;RM042D0031;Centro de trabajo (no administración pública);Privada;Privado;El Corte Inglés;Corte Inglés centro médico;CALLE;HERMOSILLA;127;28009;Madrid;4;42;40,42576088;-3,670395776;NO;9;21;0;0;0;0;No;NO;;;44,09615666;0031;042;0031;042;RM042D0031;;;;;;;;
1885;RM042D0032;Centro deportivo;Privada;Público;Centro O2 wellness;O2 wellness;PLAZA;MANUEL BECERRA;17;28028;Madrid;4;42;40,42741825;-3,668891473;NO;7;22;9;20;9;20;No;NO;;;44,09630972;0032;042;0032;042;RM042D0032;;;;;;;;
1569;RM042D0033;Centro deportivo;Privada;Público;Nuño Sanchez Fitness;Dustrito 280 Goya (centro fitness) ;CALLE;FERNÁN GONZÁLEZ;28;28009;Madrid;4;42;40,4220472;-3,6743337;NO;7;20;0;0;0;0;Sí;YES;;;44,0963809;0033;042;0033;042;RM042D0033;;;;;;;;
2077;RM044D0034;Otro establecimiento administración pública;Pública;Público;Seguridad Social;Tesorería Seguridad Social;CALLE;LONDRES;60;28028;Madrid;4;44;40,43186;-3,6649268;NO;9;14;0;0;0;0;No;NO;;;44,0967868;0034;044;0034;044;RM044D0034;;;;;;;;
3061;RM042D0035;Centro de trabajo (no administración pública);Privada;Privado;El Corte Inglés;Corte ingles oficinas;CALLE;FUENTE DEL BERRO;14;28009;Madrid;4;42;40,4258743;-3,671033484;NO;9;19;0;0;0;0;No;NO;;;44,09690778;0035;042;0035;042;RM042D0035;;;;;;;;
1881;RM042D0036;Transportes-Metro;Pública;Público;Metro de Madrid;Estación de Metro Manuel Becerra;PLAZA;MANUEL BECERRA;4;28028;Madrid;4;42;40,42760401;-3,669482756;NO;6;2;6;2;6;2;No;YES;;;44,09708677;0036;042;0036;042;RM042D0036;;;;;;;;
1883;RM042D0037;Transportes-Metro;Pública;Público;Metro de Madrid;Estación de Metro Manuel Becerra;PLAZA;MANUEL BECERRA;4;28028;Madrid;4;42;40,42760401;-3,669482756;NO;6;2;6;2;6;2;No;YES;;;44,09708677;0037;042;0037;042;RM042D0037;;;;;;;;
2081;RM044D0038;Centro educativo;Pública;Público;Comunidad de Madrid;IES AVENIDA DE LOS TOREROS;AVENIDA;TOREROS;57;28028;Madrid;4;44;40,43350444;-3,664884264;NO;9;15;0;0;0;0;No;NO;;;44,0983887;0038;044;0038;044;RM044D0038;;;;;;;;
2095;RM044D0039;Centro deportivo;Pública;Público;Ayuntamiento de Madrid;CDM Eva Duarte;CALLE;DOCTOR GÓMEZ ULLA;9;28028;Madrid;4;44;40,43028732;-3,668165381;NO;9;22;9;22;9;22;No;NO;;;44,0984527;0039;044;0039;044;RM044D0039;;;;;;;;
2183;RM042D0040;Centro educativo;Privada;Público;Chester Scool of english;Escuela de idiomas ;CALLE;DON RAMÓN DE LA CRUZ;98;28006;Madrid;4;42;40,4283845;-3,6704745;NO;9;21;0;0;0;0;No;NO;;;44,098859;0040;042;0040;042;RM042D0040;;;;;;;;
1557;RM042D0041;Centro comercial;Privada;Público;El Corte Inglés;Corte Inglés Goya 76;CALLE;GOYA;76;28009;Madrid;4;42;40,4246376;-3,6742753;NO;10;22;10;22;11;21;Sí;YES;;;44,0989129;0041;042;0041;042;RM042D0041;;;;;;;;
2920;RM044D0042;Centro de trabajo (no administración pública);Privada;Público;Ascensores Duplex;Ascensores Duplex;CALLE;BRESCIA;19;28028;Madrid;4;44;40,4367267;-3,662263152;NO;7;21;8;15;0;0;No;NO;;;44,09898985;0042;044;0042;044;RM044D0042;;;;;;;;
2924;RM044D0043;Centro educativo;Privada;Público;Colegio Caldeiro;Colegio Caldeiro;AVENIDA;TOREROS;45;28028;Madrid;4;44;40,432449;-3,6666392;NO;8;21;0;0;0;0;No;NO;;;44,0990882;0043;044;0043;044;RM044D0043;;;;;;;;
2917;RM044D0044;Centro educativo;Privada;Público;Colegio Menesiano;Colegio Menesiano;AVENIDA;BRASILIA;11;28028;Madrid;4;44;40,43801984;-3,66141512;NO;9;20;0;0;0;0;No;NO;;;44,09943496;0044;044;0044;044;RM044D0044;;;;;;;;
2919;RM044D0045;Hotel, hostal, alojamiento;Privada;Público;Hoteles NH;Hotel NH Ventas;CALLE;BIARRITZ;2;28028;Madrid;4;44;40,43573618;-3,663750799;24 horas;;;;;;;;YES;;;44,09948698;0045;044;0045;044;RM044D0045;;;;;;;;
2921;RM044D0046;Viviendas;Privada;Privado;Comunidad de Propietarios BRESCIA 17;Edificio Brescia 17;CALLE;BRESCIA;17;28028;Madrid;4;44;40,43714041;-3,662385116;24 horas;;;;;;;;YES;;;44,09952553;0046;044;0046;044;RM044D0046;;;;;;;;
2341;RM042D0047;Restaurante o similar;Privada;Público;PASIONES GASTRONÓMICAS;CAFETERÍA PASIONES;CALLE;DON RAMÓN DE LA CRUZ;94;28006;Madrid;4;42;40,4283637;-3,6711819;NO;7;1;7;1;7;1;No;NO;;;44,0995456;0047;042;0047;042;RM042D0047;;;;;;;;
2351;RM042D0048;Centro educativo;Privada;Público;ADAMS FORMACIÓN;ACADEMIA DE ESTUDIOS;CALLE;AYALA;130;28006;Madrid;4;42;40,4270526;-3,6729013;NO;9;20;0;0;0;0;No;NO;;;44,0999539;0048;042;0048;042;RM042D0048;;;;;;;;
1273;RM042D0049;Viviendas;Privada;Privado;Comunidad de propietarios;Portal 19 de viviendas de la calle O donell;CALLE;O'DONNELL;19;28009;Madrid;4;42;40,4217733;-3,6783047;24 horas;;;;;;;;YES;;;44,100078;0049;042;0049;042;RM042D0049;;;;;;;;
2572;RM042D0050;Centro comercial;Privada;Público;El Corte Inglés;Corte Inglés Goya;CALLE;GOYA;115;28009;Madrid;4;42;40,4245213;-3,6755955;NO;10;22;10;22;10;22;Sí;YES;;;44,1001168;0050;042;0050;042;RM042D0050;;;;;;;;
3538;RM045D0051;Centro de trabajo (no administración pública);Privada;Público;STAR MADRID;STAR MADRID;CALLE;DON RAMÓN DE LA CRUZ;105;28006;Madrid;4;45;40,428616;-3,671506;NO;8;20;0;0;0;0;No;NO;;;44,100122;0051;045;0051;045;RM045D0051;;;;;;;;
2343;RM045D0052;Centro de trabajo (no administración pública);Privada;Público;Mercedes Benz retail group;concesionario Mercedes;CALLE;DON RAMÓN DE LA CRUZ;105;28006;Madrid;4;45;40,4287035;-3,6714726;NO;9;20;10;14;0;0;No;NO;;;44,1001761;0052;045;0052;045;RM045D0052;;;;;;;;
2349;RM042D0053;Centro deportivo;Privada;Público;HOLIDAY GYM;GIMNASIO HOLIDAY;CALLE;ALCÁNTARA;5;28006;Madrid;4;42;40,4263272;-3,6740893;NO;7;23;9;15;9;15;No;NO;;;44,1004165;0053;042;0053;042;RM042D0053;;;;;;;;
3536;RM045D0054;Centro de trabajo (no administración pública);Privada;Público;COLONIAL;COLONIAL;CALLE;ORTEGA Y GASSET;100;28006;Madrid;4;45;40,429573;-3,670917;NO;6;22;0;0;0;0;No;NO;;;44,10049;0054;045;0054;045;RM045D0054;;;;;;;;
2353;RM042D0055;Transportes-Metro;Pública;Público;Metro de Madrid;Estación de Metro Goya;CALLE;CONDE DE PEÑALVER;2;28006;Madrid;4;42;40,425252;-3,6754123;NO;6;2;6;2;6;2;No;YES;;;44,1006643;0055;042;0055;042;RM042D0055;;;;;;;;
1268;RM042D0056;Viviendas;Privada;Privado;Comunidad de propietarios;Hall entrada Comunidad de Propietarios ;CALLE;ANTONIO ACUÑA;17;28009;Madrid;4;42;40,42194292;-3,678798226;24 horas;;;;;;;;YES;;;44,10074114;0056;042;0056;042;RM042D0056;;;;;;;;
2357;RM042D0057;Centro comercial;Privada;Público;Primark;PRIMARK;CALLE;CONDE DE PEÑALVER;8;28006;Madrid;4;42;40,4257818;-3,6751792;NO;10;22;10;22;10;22;No;NO;;;44,100961;0057;042;0057;042;RM042D0057;;;;;;;;
2347;RM042D0058;Centro deportivo;Pública;Público;Ayuntamiento de Madrid;VIDING;CALLE;ALCÁNTARA;26;28006;Madrid;4;42;40,4279551;-3,6734922;NO;7;23;9;20;9;15;No;NO;;;44,1014473;0058;042;0058;042;RM042D0058;;;;;;;;
579;RM042D0059;Centro comercial;Privada;Público;El Corte Inglés;Corte Inglés Goya II;CALLE;GOYA;85;28001;Madrid;4;42;40,425091;-3,676495;NO;10;22;10;22;11;21;No;NO;;;44,101586;0059;042;0059;042;RM042D0059;;;;;;;;
2344;RM042D0060;Centro de trabajo (no administración pública);Privada;Privado;BANCO EVO;EDIFICIO COLONIAL;CALLE;DON RAMÓN DE LA CRUZ;84;28006;Madrid;4;42;40,4285407;-3,6734204;NO;6;22;0;0;0;0;No;NO;;;44,1019611;0060;042;0060;042;RM042D0060;;;;;;;;
2911;RM044D0061;Centro educativo;Privada;Público;Escuela Julián Besteiro;Escuela Julián Besteiro;CALLE;AZCONA;53;28028;Madrid;4;44;40,43598332;-3,666205618;NO;9;18;0;0;0;0;No;NO;;;44,10218894;0061;044;0061;044;RM044D0061;;;;;;;;
3453;RM044D0062;Transportes-Metro;Pública;Público;Comunidad de Madrid;Estación de Metro Parque de las Avenidas;AVENIDA;BRUSELAS;57;28028;Madrid;4;44;40,439453;-3,6628649;NO;6;2;6;2;6;2;No;YES;;;44,1023179;0062;044;0062;044;RM044D0062;;;;;;;;
3540;RM042D0063;Otro establecimiento administración pública;Pública;Público;CORREOS;CORREOS;CALLE;CONDE DE PEÑALVER;19;28006;Madrid;4;42;40,426703;-3,675793;24 horas;;;;;;;;YES;;;44,102496;0063;042;0063;042;RM042D0063;;;;;;;;
2089;RM044D0064;Otro establecimiento administración pública;Pública;Público;Ayuntamiento de Madrid;Centro Cultural Buenavista;AVENIDA;TOREROS;5;28028;Madrid;4;44;40,4319807;-3,6706272;NO;9;21;10;14;0;0;No;NO;;;44,1026079;0064;044;0064;044;RM044D0064;;;;;;;;
2934;RM042D0065;Otro establecimiento administración pública;Pública;Público;Correos;CORREOS MADRID SEDE CENTRAL EDIFICIO CLARA CAMPOAMOR;CALLE;CONDE DE PEÑALVER;19;28006;Madrid;4;42;40,426901;-3,675752;NO;7;21;0;0;0;0;No;NO;;;44,102653;0065;042;0065;042;RM042D0065;;;;;;;;
2941;RM045D0066;Centro deportivo;Privada;Público;CLUB ARSENAL FEMENINO;CENTRO DEPORTIVO ARSENAL;CALLE;JOSÉ ORTEGA Y GASSET;82;28006;Madrid;4;45;40,42966354;-3,6730659;NO;7;22;9;21;9;19;No;NO;;;44,10272944;0066;045;0066;045;RM045D0066;;;;;;;;
1297;RM042D0067;Transportes-Metro;Pública;Público;Metro de Madrid;Estación de Metro Príncipe de Vergara;CALLE;ALCALÁ;123;28009;Madrid;4;42;40,4230887;-3,679728;NO;6;2;6;2;6;2;No;YES;;;44,1028167;0067;042;0067;042;RM042D0067;;;;;;;;
1277;RM041D0068;Centro educativo;Pública;Público;Casa Árabe ;Casa Árabe ;CALLE;ALCALÁ;62;28009;Madrid;4;41;40,4214834;-3,6818522;NO;10;20;10;20;10;20;No;NO;;;44,1033356;0068;041;0068;041;RM041D0068;;;;;;;;
2091;RM044D0069;Centro de trabajo (no administración pública);Privada;Público;Edificio Metlife;Edificio Metlife;AVENIDA;TOREROS;3;28028;Madrid;4;44;40,43196241;-3,67137695;NO;8;15;0;0;0;0;No;NO;;;44,10333936;0069;044;0069;044;RM044D0069;;;;;;;;
1279;RM041D0070;Hotel, hostal, alojamiento;Privada;Público;Hotel H10 Alcalá;Hotel H10 Alcalá ;CALLE;ALCALÁ;66;28009;Madrid;4;41;40,4222111;-3,6811914;24 horas;;;;;;;;YES;;;44,1034025;0070;041;0070;041;RM041D0070;;;;;;;;
2463;RM042D0071;Centro educativo;Privada;Público;Colegio Inmaculada Concepción ;Colegio Inmaculada Concepción ;CALLE;GENERAL DÍAZ PORLIER;25;28001;Madrid;4;42;40,426827;-3,677172;NO;8;19;0;0;0;0;No;NO;;;44,103999;0071;042;0071;042;RM042D0071;;;;;;;;
581;RM042D0072;Centro comercial;Privada;Público;FNAC;FNAC Goya;CALLE;GOYA;42;28001;Madrid;4;42;40,424866;-3,67933;NO;10;21;12;21;12;21;No;NO;;;44,104196;0072;042;0072;042;RM042D0072;;;;;;;;
2465;RM042D0073;Otro establecimiento administración pública;Pública;Público;Comunidad de Madrid;Conserjería de educación ;CALLE;GENERAL DÍAZ PORLIER;35;28001;Madrid;4;42;40,428008;-3,677037;24 horas;;;;;;;;YES;;;44,105045;0073;042;0073;042;RM042D0073;;;;;;;;
2936;RM045D0074;Transportes-Metro;Pública;Público;Metro de Madrid;Estación de Metro Lista;CALLE;CONDE DE PEÑALVER;47;28006;Madrid;4;45;40,42969567;-3,675409902;NO;6;2;6;2;6;2;No;YES;;;44,10510557;0074;045;0074;045;RM045D0074;;;;;;;;
2935;RM045D0075;Centro de trabajo (no administración pública);Privada;Privado;VÍA ÁGORA;OFICINAS EN EL PORTAL 45-47;CALLE;CONDE DE PEÑALVER;45;28006;Madrid;4;45;40,42960897;-3,675530219;NO;8;18;0;0;0;0;No;NO;;;44,10513919;0075;045;0075;045;RM045D0075;;;;;;;;
1006;RM041D0076;Otro;Privada;Privado;We work;We work lugar de coworking;CALLE;GOYA;36;28001;Madrid;4;41;40,4249722;-3,6809517;NO;9;18;0;0;0;0;Sí;YES;;;44,1059239;0076;041;0076;041;RM041D0076;;;;;;;;
2943;RM045D0077;Transportes-Metro;Pública;Público;Metro de Madrid;Estación de Metro Diego de León línea 5;CALLE;JUAN BRAVO;55;28006;Madrid;4;45;40,432359;-3,673677;NO;6;2;6;2;6;2;No;YES;;;44,106036;0077;045;0077;045;RM045D0077;;;;;;;;
1281;RM041D0078;Otro;Privada;Público;amaro y castillo, fisioterapia;salón de fisioterapia, amaro y castillo;CALLE;ALCALÁ;87;28009;Madrid;4;41;40,42090371;-3,685321343;NO;8;21;0;0;0;0;No;NO;;;44,10622505;0078;041;0078;041;RM041D0078;;;;;;;;
2942;RM045D0079;Centro educativo;Privada;Público;ST. CHARLES COLLEGE;CENTRO EDUCATIVO EN EL INTERIOR DEL PORTAL DE VIVIENDAS;CALLE;JUAN BRAVO;69;28006;Madrid;4;45;40,43263197;-3,673652304;NO;9;15;0;0;0;0;No;NO;;;44,10628427;0079;045;0079;045;RM045D0079;;;;;;;;
2909;RM044D0080;Centro de trabajo (no administración pública);Privada;Público;Desconocido;Edificio Oficinas Francisco Silvela 42;CALLE;FRANCISCO SILVELA;42;28028;Madrid;4;44;40,4334038;-3,672935759;NO;7;22;0;0;0;0;No;NO;;;44,10633956;0080;044;0080;044;RM044D0080;;;;;;;;
512;RM041D0081;Hotel, hostal, alojamiento;Privada;Público;Hotel Wellington;Hotel Wellington;CALLE;VELÁZQUEZ;8;28001;Madrid;4;41;40,4222242;-3,6842195;24 horas;;;;;;;;YES;;;44,1064437;0081;041;0081;041;RM041D0081;;;;;;;;
2940;RM045D0082;Centro deportivo;Privada;Público;ACTION BLACK;GIMNASIO ACTION BLACK;CALLE;JOSÉ ORTEGA Y GASSET;56;28006;Madrid;4;45;40,42991241;-3,676537117;NO;6;23;10;14;10;14;No;NO;;;44,10644953;0082;045;0082;045;RM045D0082;;;;;;;;
2937;RM045D0083;Centro educativo;Privada;Público;ESCUELAS PÍAS CALASANCIO;COLEGIO CALASANCIO;CALLE;CONDE DE PEÑALVER;51;28006;Madrid;4;45;40,43065695;-3,675976179;NO;8;18;0;0;0;0;No;NO;;;44,10663313;0083;045;0083;045;RM045D0083;;;;;;;;
571;RM042D0084;Centro de trabajo (no administración pública);Privada;Privado;Compañía Nacional de Seguros España, S.A;Compañía de Seguros ;CALLE;PRÍNCIPE DE VERGARA;38;28001;Madrid;4;42;40,42683;-3,679811;NO;9;19;0;0;0;0;No;NO;;;44,106641;0084;042;0084;042;RM042D0084;;;;;;;;
514;RM041D0085;Transportes-Metro;Pública;Público;Metro de Madrid;Estación de Metro Retiro;CALLE;LAGASCA;4;28001;Madrid;4;41;40,4210579;-3,6857247;NO;6;2;6;2;6;2;No;YES;;;44,1067826;0085;041;0085;041;RM041D0085;;;;;;;;
2944;RM045D0086;Centro de trabajo (no administración pública);Privada;Público;IMPRESS S.L.;CLÍNICA DENTAL;CALLE;MALDONADO;64;28006;Madrid;4;45;40,43335215;-3,673670517;NO;8;20;0;0;0;0;No;NO;;;44,10702267;0086;045;0086;045;RM045D0086;;;;;;;;
1012;RM041D0087;Hotel, hostal, alojamiento;Privada;Público;Hoteles Catalonia;Hotel Catalonia Goya 49;CALLE;GOYA;49;28001;Madrid;4;41;40,4252042;-3,6820839;24 horas;;;;;;;;YES;;;44,1072881;0087;041;0087;041;RM041D0087;;;;;;;;
569;RM042D0088;Centro educativo;Privada;Público;Colegio Nuestra Señora de Loreto;Entrada a recepción ;CALLE;PRÍNCIPE DE VERGARA;42;28001;Madrid;4;42;40,427963;-3,679466;NO;7;22;0;0;0;0;No;NO;;;44,107429;0088;042;0088;042;RM042D0088;;;;;;;;
2938;RM045D0089;Otro;Privada;Público;FUNDACIÓN DOÑA FAUSTA ELORZ;RESIDENCIA DE MAYORES;CALLE;CONDE DE PEÑALVER;53;28006;Madrid;4;45;40,4319979;-3,675433812;NO;7;22;7;22;7;22;No;NO;;;44,10743171;0089;045;0089;045;RM045D0089;;;;;;;;
1013;RM041D0090;Centro comercial;Privada;Público;Ikea;Ikea Goya 47;CALLE;GOYA;47;28001;Madrid;4;41;40,425208;-3,6823002;NO;10;21;10;21;11;21;Sí;YES;;;44,1075082;0090;041;0090;041;RM041D0090;;;;;;;;
1010;RM041D0091;Otro;Privada;Privado;Amaro&Castillo;Gimnasio y fisioterapia Amaro&Castillo, Castelló 39;CALLE;CASTELLÓ;39;28001;Madrid;4;41;40,426072;-3,681463;NO;9;21;0;0;0;0;Sí;YES;;;44,107535;0091;041;0091;041;RM041D0091;;;;;;;;
999;RM041D0092;Otro;Privada;Privado;Torimbia SOCIMI S.A.;Edificio Nuñez de Balboa 33;CALLE;NÚÑEZ DE BALBOA;33;28001;Madrid;4;41;40,4247948;-3,6828175;NO;8;22;0;0;0;0;Sí;YES;;;44,1076123;0092;041;0092;041;RM041D0092;;;;;;;;
2939;RM045D0093;Centro de trabajo (no administración pública);Privada;Privado;TRAGSA;EDIFICIO DE OFICINAS;CALLE;CONDE DE PEÑALVER;84;28006;Madrid;4;45;40,43310442;-3,674823765;NO;7;22;0;0;0;0;Sí;YES;;;44,10792819;0093;045;0093;045;RM045D0093;;;;;;;;
486;RM041D0094;Centro comercial;Privada;Público;Mapfre;Edificio de Mapfre;PLAZA;INDEPENDENCIA;6;28001;Madrid;4;41;40,4205019;-3,6879003;24 horas;;;;;;;;YES;;;44,1084022;0094;041;0094;041;RM041D0094;;;;;;;;
593;RM041D0095;Centro deportivo;Pública;Público;Centro Deportivo El Pilar;Centro deportivo el Pilar ;CALLE;AYALA;47;28001;Madrid;4;41;40,427646;-3,680759;NO;14;22;9;14;9;14;No;NO;;;44,108405;0095;041;0095;041;RM041D0095;;;;;;;;
1990;RM045D0096;Centro educativo;Privada;Público;Indol;Indol;CALLE;MALDONADO;48;28006;Madrid;4;45;40,4335331;-3,6752909;NO;10;20;0;0;0;0;No;NO;;;44,108824;0096;045;0096;045;RM045D0096;;;;;;;;
993;RM041D0097;Viviendas;Privada;Privado;Comunidad de propietarios Velazquez 39;Portal Velazquez 39;CALLE;VELÁZQUEZ;29;28001;Madrid;4;41;40,424655;-3,6842679;NO;0;23;0;23;0;23;Sí;YES;;;44,1089229;0097;041;0097;041;RM041D0097;;;;;;;;
997;RM041D0098;Transportes-Metro;Pública;Público;Metro de Madrid;Estación de Metro Velázquez;CALLE;GOYA;35;28001;Madrid;4;41;40,4252698;-3,6837596;NO;6;2;6;2;6;2;No;YES;;;44,1090294;0098;041;0098;041;RM041D0098;;;;;;;;
596;RM041D0099;Centro educativo;Pública;Público;Nuestra Señora del Pilar;Colegio el pilar;CALLE;CASTELLÓ;56;28001;Madrid;4;41;40,428274;-3,680942;NO;6;22;8;19;8;14;No;NO;;;44,109216;0099;041;0099;041;RM041D0099;;;;;;;;
507;RM041D0100;Hotel, hostal, alojamiento;Privada;Público;Hotel Wipton;Hotel Wipton;CALLE;JORGE JUAN;17;28001;Madrid;4;41;40,4239823;-3,6853422;24 horas;;;;;;;;YES;;;44,1093245;0100;041;0100;041;RM041D0100;;;;;;;;
3371;RM045D0101;Transportes-Metro;Pública;Público;Metro de Madrid;Estación de Metro Diego de León;CALLE;DIEGO DE LEÓN;69;28006;Madrid;4;45;40,4346416;-3,6750019;NO;6;2;6;2;6;2;No;YES;;;44,1096435;0101;045;0101;045;RM045D0101;;;;;;;;
2945;RM045D0102;Transportes-Metro;Pública;Público;Metro de Madrid;Estación de Metro Diego de León línea 4;CALLE;DIEGO DE LEÓN;69;28006;Madrid;4;45;40,43463238;-3,675044928;NO;6;2;6;2;6;2;No;YES;;;44,10967731;0102;045;0102;045;RM045D0102;;;;;;;;
1760;RM045D0103;Transportes-Metro;Pública;Público;Metro de Madrid;Estación de Metro Diego de León;CALLE;DIEGO DE LEÓN;69;28006;Madrid;4;45;40,43461651;-3,675081855;NO;6;2;6;2;6;2;No;YES;;;44,10969837;0103;045;0103;045;RM045D0103;;;;;;;;
1983;RM045D0104;Otro;Privada;Público;Ministerio de Asuntos Exteriores;Ministerio de Asuntos Exteriores;PLAZA;MARQUÉS DE SALAMANCA;8;28006;Madrid;4;45;40,4304582;-3,6792471;24 horas;;;;;;;;YES;;;44,1097053;0104;045;0104;045;RM045D0104;;;;;;;;
485;RM041D0105;Hotel, hostal, alojamiento;Privada;Público;Hospes Puerta de Alcalá;Hotel Puerta de Alcala;PLAZA;INDEPENDENCIA;3;28001;Madrid;4;41;40,4206749;-3,6890351;24 horas;;;;;;;;YES;;;44,10971;0105;041;0105;041;RM041D0105;;;;;;;;
518;RM041D0106;Centro de trabajo (no administración pública);Privada;Privado;Generali;Edificio Generali;CALLE;SERRANO;1;28001;Madrid;4;41;40,4208179;-3,6888977;NO;8;20;0;0;0;0;No;NO;;;44,1097156;0106;041;0106;041;RM041D0106;;;;;;;;
975;RM041D0107;Otro establecimiento administración pública;Pública;Público;Ministerio de Justicia;Audiencia Nacional;CALLE;GOYA;14;28001;Madrid;4;41;40,4251552;-3,6848107;NO;7;19;0;0;0;0;Sí;YES;;;44,1099659;0107;041;0107;041;RM041D0107;;;;;;;;
1015;RM041D0108;Otro;Privada;Privado;Realia;Edificio goya 29;CALLE;GOYA;29;28001;Madrid;4;41;40,42537389;-3,684806406;NO;7;22;0;0;0;0;Sí;YES;;;44,1101803;0108;041;0108;041;RM041D0108;;;;;;;;
1977;RM046D0109;Centro de trabajo (no administración pública);Privada;Público;Mutua Madrileña;Mutua madrileña;PLAZA;MARQUÉS DE SALAMANCA;3;28006;Madrid;4;46;40,4299687;-3,6802583;NO;7;21;0;0;0;0;Sí;NO;NOT ACTIVE;NOT ACTIVE-OTHER BETTER IN SAME BUILDING-it was RM046D0109;44,110227;0109;046;0109;046;RM046D0109;;;;;;;;
2155;RM046D0110;Centro de trabajo (no administración pública);Privada;Privado;Mutua Madrileña;Recepción mutua madrileña;PLAZA;MARQUÉS DE SALAMANCA;3;28006;Madrid;4;46;40,42986448;-3,680422024;24 horas;;;;;;;;YES;;;44,1102865;0110;046;0110;046;RM046D0110;;;;;;;;
3370;RM045D0111;Otro establecimiento administración pública;Pública;Público;Centro internacional de prensa ;DESA CENTRO PRENSA;CALLE;DIEGO DE LEÓN;69;28006;Madrid;4;45;40,4350194;-3,6755624;NO;7;14;0;0;0;0;No;NO;;;44,1105818;0111;045;0111;045;RM045D0111;;;;;;;;
600;RM046D0112;Otro;Privada;Público;O2;Sala Fitness ;CALLE;DON RAMÓN DE LA CRUZ;33;28001;Madrid;4;46;40,429068;-3,681667;NO;7;22;9;16;9;15;No;NO;;;44,110735;0112;046;0112;046;RM046D0112;;;;;;;;
2461;RM041D0113;Centro de trabajo (no administración pública);Privada;Público;Loom Salamanca;Loom Salamanca ;CALLE;DON RAMÓN DE LA CRUZ;38;28001;Madrid;4;41;40,429001;-3,6817409;NO;9;19;0;0;0;0;No;NO;;;44,1107419;0113;041;0113;041;RM041D0113;;;;;;;;
2446;RM041D0114;Viviendas;Privada;Privado;Comunidad de propietarios;Comunidad propietarios ;CALLE;VELÁZQUEZ;41;28001;Madrid;4;41;40,426676;-3,684097;NO;8;21;8;13;0;0;No;NO;;;44,110773;0114;041;0114;041;RM041D0114;;;;;;;;
481;RM041D0115;Centro comercial;Privada;Público;Prensa Ibérica;Prensa Ibérica;CALLE;PEDRO MUÑOZ SECA;4;28001;Madrid;4;41;40,4203169;-3,6906277;NO;6;1;6;1;6;1;No;NO;;;44,1109446;0115;041;0115;041;RM041D0115;;;;;;;;
2445;RM041D0116;Hotel, hostal, alojamiento;Privada;Público;Hotel AC Recoletos;AC Recoletos hotel;CALLE;RECOLETOS;18;28001;Madrid;4;41;40,421547;-3,689404;24 horas;;;;;;;;YES;;;44,110951;0116;041;0116;041;RM041D0116;;;;;;;;
503;RM041D0117;Centro educativo;Pública;Público;Comunidad de Madrid;IES Beatriz Galindo;CALLE;GOYA;10;28001;Madrid;4;41;40,4249727;-3,686002;NO;8;22;0;0;0;0;No;NO;;;44,1109747;0117;041;0117;041;RM041D0117;;;;;;;;
3454;RM044D0118;Transportes-Metro;Pública;Público;Comunidad de Madrid;Estación de Metro Cartagena;AVENIDA;AMÉRICA;32;28028;Madrid;4;44;40,439065;-3,67203;NO;6;2;6;2;6;2;No;YES;;;44,111095;0118;044;0118;044;RM044D0118;;;;;;;;
492;RM041D0119;Otro establecimiento administración pública;Pública;Público;Agencia Española Proteccion de Datos;ADPD;CALLE;JORGE JUAN;6;28001;Madrid;4;41;40,4238002;-3,6873291;24 horas;;;;;;;;YES;;;44,1111293;0119;041;0119;041;RM041D0119;;;;;;;;
505;RM041D0120;Otro establecimiento administración pública;Pública;Público;Delegacion Ministerio Politica Territorial;Delegacion Ministerio Politica Territorial;CALLE;CLAUDIO COELLO;31;28001;Madrid;4;41;40,424343;-3,687036;NO;8;21;0;0;0;0;No;NO;;;44,111379;0120;041;0120;041;RM041D0120;;;;;;;;
982;RM041D0121;Centro de trabajo (no administración pública);Privada;Privado;Realia;Portal Goya 8;CALLE;CLAUDIO COELLO;37;28001;Madrid;4;41;40,4251215;-3,6866534;NO;7;22;0;0;0;0;Sí;YES;;;44,1117749;0121;041;0121;041;RM041D0121;;;;;;;;
477;RM041D0122;Centro de trabajo (no administración pública);Privada;Privado;Fundación Nacional de Reumatología;Planta 1A;CALLE;MARQUÉS DEL DUERO;5;28001;Madrid;4;41;40,420541;-3,6913255;NO;8;20;0;0;0;0;No;NO;;;44,1118665;0122;041;0122;041;RM041D0122;;;;;;;;
478;RM041D0123;Otro establecimiento administración pública;Pública;Público;Casa América;Casa América;CALLE;MARQUÉS DEL DUERO;2;28001;Madrid;4;41;40,4202717;-3,6916063;NO;8;21;11;15;0;0;No;NO;;;44,111878;0123;041;0123;041;RM041D0123;;;;;;;;
1758;RM045D0124;Hotel, hostal, alojamiento;Privada;Público;Hotel Madroño;DEA MADROÑO;CALLE;GENERAL DÍAZ PORLIER;101;28006;Madrid;4;45;40,43512014;-3,676772887;24 horas;;;;;;;;YES;;;44,11189303;0124;045;0124;045;RM045D0124;;;;;;;;
2447;RM041D0125;Centro deportivo;Privada;Público;Orange;Orange theory fitnes;CALLE;VELÁZQUEZ;51;28001;Madrid;4;41;40,427817;-3,684078;NO;7;20;10;13;10;13;No;NO;;;44,111895;0125;041;0125;041;RM041D0125;;;;;;;;
1957;RM046D0126;Otro;Privada;Público;Banco Mediolanum;Banco mediolanum;CALLE;CASTELLÓ;76;28006;Madrid;4;46;40,4309484;-3,6809711;NO;9;10;0;0;0;0;No;NO;NOT VALID;it was RM046D0126;44,1119195;0126;046;0126;046;RM046D0126;;;;;;;;
494;RM041D0127;Otro establecimiento administración pública;Pública;Privado;Museo Arqueologico;Museo Arqueologico;CALLE;SERRANO;1;28001;Madrid;4;41;40,42331;-3,688687;24 horas;;;;;;;;YES;;;44,111997;0127;041;0127;041;RM041D0127;;;;;;;;
614;RM041D0128;Hotel, hostal, alojamiento;Privada;Público;Hotel Totem;Recepción ;CALLE;HERMOSILLA;23;28001;Madrid;4;41;40,426535;-3,685499;24 horas;;;;;;;;YES;;;44,112034;0128;041;0128;041;RM041D0128;;;;;;;;
2449;RM041D0129;Hotel, hostal, alojamiento;Privada;Público;Bless hotel;Hotel Bless;CALLE;VELÁZQUEZ;62;28001;Madrid;4;41;40,428275;-3,684041;24 horas;;;;;;;;YES;;;44,112316;0129;041;0129;041;RM041D0129;;;;;;;;
2450;RM041D0130;Centro de trabajo (no administración pública);Privada;Privado;Grupotec;Grupotec;CALLE;VELÁZQUEZ;64;28001;Madrid;4;41;40,428271;-3,684045;NO;8;13;0;0;0;0;No;NO;;;44,112316;0130;041;0130;041;RM041D0130;;;;;;;;
1963;RM046D0131;Otro;Privada;Público;Fundación Juan March;Fundación juan march;CALLE;CASTELLÓ;77;28006;Madrid;4;46;40,431197;-3,6811304;NO;10;20;10;20;10;14;Sí;YES;;;44,1123274;0131;046;0131;046;RM046D0131;;;;;;;;
2157;RM046D0132;Otro;Privada;Privado;Fundación Juan March;Edificio fundación juan march;CALLE;CASTELLÓ;77;28006;Madrid;4;46;40,43120216;-3,681213613;24 horas;;;;;;;;NO;NOT VALID-DUPLICATED;it was RM046D0132 iqual to RM046D0131;44,11241577;0132;046;0132;046;RM046D0132;;;;;;;;
482;RM041D0133;Centro comercial;Privada;Público;BBVA;BBVA;PASEO;RECOLETOS;10;28001;Madrid;4;41;40,421466;-3,691061;24 horas;;;;;;;;YES;;;44,112527;0133;041;0133;041;RM041D0133;;;;;;;;
980;RM041D0134;Centro de trabajo (no administración pública);Privada;Privado;Realia;Oficinas Goya 6;CALLE;GOYA;6;28001;Madrid;4;41;40,4252803;-3,6873052;NO;7;22;0;0;0;0;Sí;YES;;;44,1125855;0134;041;0134;041;RM041D0134;;;;;;;;
502;RM041D0135;Centro comercial;Privada;Público;Realia;Realia;CALLE;GOYA;6;28001;Madrid;4;41;40,425252;-3,687359;NO;7;22;0;0;0;0;No;NO;;;44,112611;0135;041;0135;041;RM041D0135;;;;;;;;
586;RM041D0136;Hotel, hostal, alojamiento;Privada;Público;Hoteles NH;Oficina jefe de departamento ;CALLE;LAGASCA;64;28001;Madrid;4;41;40,427551;-3,685065;24 horas;;;;;;;;YES;;;44,112616;0136;041;0136;041;RM041D0136;;;;;;;;
978;RM041D0137;Centro de trabajo (no administración pública);Privada;Privado;Mutua inmoviliaria;Edificio Mutua Madrileña. Oficinaa de Loewe;CALLE;GOYA;4;28001;Madrid;4;41;40,4253117;-3,6875694;NO;8;20;0;0;0;0;Sí;YES;;;44,1128811;0137;041;0137;041;RM041D0137;;;;;;;;
1927;RM046D0138;Otro;Privada;Público;Viviendas y oficinas SL;Edificio Beatriz;CALLE;JOSÉ ORTEGA Y GASSET;29;28006;Madrid;4;46;40,4303928;-3,6826213;24 horas;;;;;;;;YES;;;44,1130141;0138;046;0138;046;RM046D0138;;;;;;;;
972;RM041D0139;Transportes-Metro;Pública;Público;Metro de Madrid;Estación de Metro Serrano;CALLE;GOYA;15;28001;Madrid;4;41;40,4254806;-3,6875724;NO;6;2;6;2;6;2;No;YES;;;44,113053;0139;041;0139;041;RM041D0139;;;;;;;;
589;RM041D0140;Otro;Pública;Público;Mercado de la Paz ;Junto a locales 93 y 96;CALLE;AYALA;28;28001;Madrid;4;41;40,427457;-3,685649;NO;9;20;9;20;0;0;No;NO;;;44,113106;0140;041;0140;041;RM041D0140;;;;;;;;
2451;RM046D0141;Centro de trabajo (no administración pública);Privada;Público;Herbert Smith freehills spainllp;Herbert Smith freehills  spainllp;CALLE;VELÁZQUEZ;63;28001;Madrid;4;46;40,429315;-3,683823;24 horas;;;;;;;;YES;;;44,113138;0141;046;0141;046;RM046D0141;;;;;;;;
2154;RM046D0142;Centro educativo;Pública;Público;Comunidad de Madrid;Colegio Reina Victoria;CALLE;PRÍNCIPE DE VERGARA;61;28006;Madrid;4;46;40,4336227;-3,679653712;NO;8;18;0;0;0;0;No;NO;;;44,11327641;0142;046;0142;046;RM046D0142;;;;;;;;
1940;RM046D0143;Centro comercial;Privada;Público;DECATHLON;Decathlon;CALLE;JOSÉ ORTEGA Y GASSET;22;28006;Madrid;4;46;40,430194;-3,6831273;NO;9;22;9;22;10;21;No;NO;;;44,1133213;0143;046;0143;046;RM046D0143;;;;;;;;
2453;RM046D0144;Centro de trabajo (no administración pública);Privada;Público;Cesce;Cesce;CALLE;VELÁZQUEZ;74;28001;Madrid;4;46;40,429372;-3,68396;24 horas;;;;;;;;YES;;;44,113332;0144;046;0144;046;RM046D0144;;;;;;;;
1942;RM046D0145;Otro;Privada;Público;Fondo de garantía de depósitos de entidades de crédito ;Fondo de garantía de depósitos de entidades de crédito ;CALLE;JOSÉ ORTEGA Y GASSET;22;28006;Madrid;4;46;40,4301971;-3,683257;NO;9;18;0;0;0;0;No;NO;;;44,1134541;0145;046;0145;046;RM046D0145;;;;;;;;
1934;RM046D0146;Otro;Privada;Público;Forestalia;Oficina Forestalia;CALLE;JOSÉ ORTEGA Y GASSET;20;28006;Madrid;4;46;40,4302019;-3,6833123;NO;8;18;0;0;0;0;No;NO;;;44,1135142;0146;046;0146;046;RM046D0146;;;;;;;;
2160;RM046D0147;Otro;Privada;Privado;Santander;Edificio ortega y Gasset 29;CALLE;JOSÉ ORTEGA Y GASSET;29;28006;Madrid;4;46;40,43061546;-3,682928943;24 horas;;;;;;;;YES;;;44,1135444;0147;046;0147;046;RM046D0147;;;;;;;;
3372;RM045D0148;Otro;Privada;Privado;DKV;DESA DKV;CALLE;DIEGO DE LEÓN;45;28006;Madrid;4;45;40,43494;-3,678783;NO;8;18;0;0;0;0;No;NO;;;44,113723;0148;045;0148;045;RM045D0148;;;;;;;;
988;RM041D0149;Centro de trabajo (no administración pública);Privada;Privado;Realia;Portal Serrano 21;CALLE;SERRANO;21;28001;Madrid;4;41;40,4261613;-3,6877531;NO;7;22;0;0;0;0;Sí;YES;;;44,1139144;0149;041;0149;041;RM041D0149;;;;;;;;
2161;RM046D0150;Viviendas;Privada;Privado;Comunidad de propietarios Velázquez 86 A;Comunidad de propietarios Velázquez 86 A;CALLE;VELÁZQUEZ;86 A;28006;Madrid;4;46;40,43096429;-3,683356892;NO;9;20;9;21;9;21;No;NO;;;44,11432118;0150;046;0150;046;RM046D0150;;;;;;;;
2443;RM041D0151;Transportes-Renfe;Pública;Público;ADIF;Estación de Cercanías Recoletos;PASEO;RECOLETOS;S/N;28001;Madrid;4;41;40,423411;-3,690931;NO;5;0;6;0;6;0;No;YES;;;44,114342;0151;041;0151;041;RM041D0151;;;;;;;;
1916;RM046D0152;Otro;Privada;Público;ONCE;Oficina de seguridad de la ONCE;CALLE;JOSÉ ORTEGA Y GASSET;18;28006;Madrid;4;46;40,4302167;-3,6841566;NO;7;20;0;0;0;0;Sí;YES;;;44,1143733;0152;046;0152;046;RM046D0152;;;;;;;;
1952;RM046D0153;Centro de trabajo (no administración pública);Privada;Público;Aedas homes;Aedas homes;CALLE;PADILLA;17;28006;Madrid;4;46;40,4315737;-3,6829063;NO;10;20;10;15;0;0;No;NO;NOT VALID;it was RM046D0153;44,11448;0153;046;0153;046;RM046D0153;;;;;;;;
2456;RM046D0154;Centro de trabajo (no administración pública);Privada;Público;Llorente y Cuenca Madrid;Llorente y Cuenca Madrid ;CALLE;LAGASCA;88;28001;Madrid;4;46;40,429841;-3,684774;NO;8;20;0;0;0;0;No;NO;;;44,114615;0154;046;0154;046;RM046D0154;;;;;;;;
609;RM041D0155;Otro;Privada;Público;MONTBLANC;MONTBLANC calle serrano;CALLE;SERRANO;50;28001;Madrid;4;41;40,427508;-3,687148;NO;10;20;10;20;0;0;No;NO;;;44,114656;0155;041;0155;041;RM041D0155;;;;;;;;
498;RM041D0156;Otro;Pública;Público;Fernan Gomez- Centro cultural;Centro Cultural Fernan Gomez;PLAZA;COLÓN;4;28001;Madrid;4;41;40,4249516;-3,6898599;24 horas;;;;;;;;YES;;;44,1148115;0156;041;0156;041;RM041D0156;;;;;;;;
1922;RM046D0157;Otro;Privada;Público;Quabbala abogados y economistas;Quabbala abogados y economistas;CALLE;JOSÉ ORTEGA Y GASSET;25;28006;Madrid;4;46;40,4304431;-3,6843926;NO;8;20;0;0;0;0;No;NO;NOT VALID;it was RM046D0157;44,1148357;0157;046;0157;046;RM046D0157;;;;;;;;
963;RM041D0158;Hotel, hostal, alojamiento;Privada;Público;Hoteles NH;NH Collection Madrid Colón;CALLE;MARQUÉS DE ZURGENA;2;28001;Madrid;4;41;40,426034;-3,6890798;24 horas;;;;;;;;YES;;;44,1151138;0158;041;0158;041;RM041D0158;;;;;;;;
1761;RM041D0159;Centro educativo;Privada;Público;TEATRO FERNÁN GOMEZ, CENTRO CULTURAL DE LA VILLA. VESTÍBULO SALA DE EXPOSICIONES. MADRID DESTINO CULTURA TURISMO Y NEGOCIO SA;TEATRO FERNÁN GOMEZ, CENTRO CULTURAL DE LA VILLA. VESTÍBULO SALA DE EXPOSICIONES. MADRID DESTINO CULTURA TURISMO Y NEGOCIO SA;PLAZA;COLÓN;4;28001;Madrid;4;41;40,425365;-3,689774;24 horas;;;;;;;;YES;;;44,115139;0159;041;0159;041;RM041D0159;;;;;;;;
1947;RM046D0160;Otro;Privada;Privado;Sagardoy abogados;Oficina de abogados ;CALLE;VELÁZQUEZ;86;28006;Madrid;4;46;40,431746;-3,683439;NO;8;21;0;0;0;0;No;NO;;;44,115185;0160;046;0160;046;RM046D0160;;;;;;;;
1945;RM046D0161;Viviendas;Privada;Privado;Comunidad de propietarios Velázquez 86 D;Comunidad de propietarios Velázquez 86 D;CALLE;VELÁZQUEZ;86 D;28006;Madrid;4;46;40,4317462;-3,6834391;NO;6;20;0;0;0;0;Sí;YES;;;44,1151853;0161;046;0161;046;RM046D0161;;;;;;;;
3293;RM046D0162;Hotel, hostal, alojamiento;Privada;Público;Dormirdcine;Hotel Dormirdcine;CALLE;PRÍNCIPE DE VERGARA;87;28006;Madrid;4;46;40,436349;-3,679282;24 horas;;;;;;;;YES;;;44,115631;0162;046;0162;046;RM046D0162;;;;;;;;
499;RM041D0163;Hotel, hostal, alojamiento;Privada;Público;Hotel Gran Meliá;Hotel Gran Meliá;CALLE;HERMOSILLA;2;28001;Madrid;4;41;40,4263206;-3,689356;24 horas;;;;;;;;YES;;;44,1156766;0163;041;0163;041;RM041D0163;;;;;;;;
960;RM041D0164;Hotel, hostal, alojamiento;Privada;Público;Gran Melia Hotel Fenix;Hotel Gran Melia Fenix;CALLE;HERMOSILLA;2;28001;Madrid;4;41;40,426574;-3,6891656;24 horas;;;;;;;;YES;;;44,1157396;0164;041;0164;041;RM041D0164;;;;;;;;
3292;RM045D0165;Hotel, hostal, alojamiento;Privada;Público;Hoteles NH;Hotel NH Madrid Príncipe de Vergara;CALLE;PRÍNCIPE DE VERGARA;92;28006;Madrid;4;45;40,436642;-3,679114;24 horas;;;;;;;;YES;;;44,115756;0165;045;0165;045;RM045D0165;;;;;;;;
1756;RM046D0166;Transportes-Metro;Pública;Público;Metro de Madrid;Estación de Metro Núñez de Balboa línea 5;CALLE;VELÁZQUEZ;92;28006;Madrid;4;46;40,43279461;-3,683104256;NO;6;2;6;2;6;2;No;YES;;;44,11589887;0166;046;0166;046;RM046D0166;;;;;;;;
969;RM041D0167;Otro establecimiento administración pública;Pública;Público;Ministerio de Justicia;Asociación de Abogados del Estado;CALLE;AYALA;5;28001;Madrid;4;41;40,4279606;-3,6882754;NO;9;14;0;0;0;0;Sí;YES;;;44,116236;0167;041;0167;041;RM041D0167;;;;;;;;
601;RM041D0168;Centro de trabajo (no administración pública);Privada;Público;Panza Capital ;Baños;CALLE;SERRANO;45;28001;Madrid;4;41;40,428851;-3,687457;NO;9;19;0;0;0;0;No;NO;;;44,116308;0168;041;0168;041;RM041D0168;;;;;;;;
1998;RM046D0169;Otro;Privada;Privado;Comunidad de propietarios;Comunidad de propietarios portal 88;CALLE;CLAUDIO COELLO;88;28006;Madrid;4;46;40,4312509;-3,685666;24 horas;;;;;;;;YES;;;44,1169169;0169;046;0169;046;RM046D0169;;;;;;;;
2458;RM046D0170;Centro de trabajo (no administración pública);Privada;Público;Iberiafon;Torre serrano;CALLE;MARQUÉS DE VILLAMAGNA;3;28001;Madrid;4;46;40,42938241;-3,68776005;24 horas;;;;;;;;YES;;;44,11714246;0170;046;0170;046;RM046D0170;;;;;;;;
607;RM041D0171;Centro comercial;Privada;Público;El Corte Inglés;Corte inglés Serrano;CALLE;SERRANO;47;28001;Madrid;4;41;40,430094;-3,687125;NO;10;22;10;22;11;19;No;NO;;;44,117219;0171;041;0171;041;RM041D0171;;;;;;;;
2459;RM046D0172;Centro comercial;Privada;Público;El Corte Inglés;Corté Inglés Serrano ;CALLE;SERRANO;47;28001;Madrid;4;46;40,430065;-3,687207;NO;10;22;10;22;11;21;No;NO;;;44,117272;0172;046;0172;046;RM046D0172;;;;;;;;
3288;RM046D0173;Centro de trabajo (no administración pública);Privada;Privado;Edificio de oficinas de María de Molina 54;Edificio María de Molina 54;CALLE;MARÍA DE MOLINA;54;28006;Madrid;4;46;40,437398;-3,679956;24 horas;;;;;;;;YES;;;44,117354;0173;046;0173;046;RM046D0173;;;;;;;;
1757;RM046D0174;Centro de trabajo (no administración pública);Privada;Privado;OPTIMA ;DEA OPTIMA;CALLE;VELÁZQUEZ;100;28006;Madrid;4;46;40,43427193;-3,683130997;NO;9;19;0;0;0;0;No;NO;;;44,11740293;0174;046;0174;046;RM046D0174;;;;;;;;
1766;RM041D0175;Centro de trabajo (no administración pública);Privada;Público;Edificio Cuspide;Edificio Cuspide;PASEO;CASTELLANA;18;28046;Madrid;4;41;40,42875058;-3,689005022;24 horas;;;;;;;;YES;;;44,1177556;0175;041;0175;041;RM041D0175;;;;;;;;
3289;RM046D0176;Hotel, hostal, alojamiento;Privada;Público;Hoteles NH;Hotel NH Madrid Balboa;CALLE;NÚÑEZ DE BALBOA;112;28006;Madrid;4;46;40,436036;-3,681765;24 horas;;;;;;;;YES;;;44,117801;0176;046;0176;046;RM046D0176;;;;;;;;
1914;RM046D0177;Otro;Privada;Privado;Comunidad de propietarios;Portal 80 calle serrano;CALLE;SERRANO;80;28006;Madrid;4;46;40,4312161;-3,6866705;24 horas;;;;;;;;YES;;;44,1178866;0177;046;0177;046;RM046D0177;;;;;;;;
1750;RM046D0178;Viviendas;Privada;Privado;Comunidad de propietarios;DEA LAGASCA 10;CALLE;LAGASCA;99;28006;Madrid;4;46;40,4333345;-3,68473672;24 horas;;;;;;;;YES;;;44,11807122;0178;046;0178;046;RM046D0178;;;;;;;;
1767;RM041D0179;Centro de trabajo (no administración pública);Privada;Público;Ebro Foods;Ebro Foods;PASEO;CASTELLANA;20;28046;Madrid;4;41;40,429256;-3,688866;24 horas;;;;;;;;YES;;;44,118122;0179;041;0179;041;RM041D0179;;;;;;;;
3534;RM046D0180;Centro de trabajo (no administración pública);Privada;Público;ASOCIACIÓN DE LA PRENSA;ASOCIACIÓN DE LA PRENSA;CALLE;JUAN BRAVO;6;28006;Madrid;4;46;40,43277;-3,685392;24 horas;;;;;;;;YES;;;44,118162;0180;046;0180;046;RM046D0180;;;;;;;;
1909;RM046D0181;Centro de trabajo (no administración pública);Privada;Público;Caixabank;Oficina de Caixabank;CALLE;SERRANO;53;28006;Madrid;4;46;40,4312161;-3,6869752;NO;0;0;0;0;0;0;No;NO;NOT VALID;it was RM046D0181;44,1181913;0181;046;0181;046;RM046D0181;;;;;;;;
1768;RM046D0182;Hotel, hostal, alojamiento;Privada;Público;Hotel Villamagna;Hotel Villamagna;PASEO;CASTELLANA;22;28046;Madrid;4;46;40,43000669;-3,688357642;24 horas;;;;;;;;YES;;;44,11836433;0182;046;0182;046;RM046D0182;;;;;;;;
3296;RM046D0183;Centro de trabajo (no administración pública);Privada;Privado;Edificio de oficinas Serrano 55;Edificio Serrano 55;CALLE;SERRANO;55;28006;Madrid;4;46;40,431471;-3,686994;24 horas;;;;;;;;YES;;;44,118465;0183;046;0183;046;RM046D0183;;;;;;;;
3287;RM046D0184;Otro establecimiento administración pública;Pública;Público;Agencia Estatal de Administración Tributaria;Agencia tributaria;CALLE;NÚÑEZ DE BALBOA;116;28006;Madrid;4;46;40,436836;-3,681813;NO;9;14;0;0;0;0;No;NO;;;44,118649;0184;046;0184;046;RM046D0184;;;;;;;;
3294;RM046D0185;Centro de trabajo (no administración pública);Privada;Privado;Edificio de oficinas de Serrano 88;Edificio Serrano 88;CALLE;SERRANO;88;28006;Madrid;4;46;40,432044;-3,686745;24 horas;;;;;;;;YES;;;44,118789;0185;046;0185;046;RM046D0185;;;;;;;;
1764;RM046D0186;Viviendas;Privada;Privado;Comunidad de propietarios, calle de la jacaranda 10;DEA Serrano 90;CALLE;SERRANO;90;28006;Madrid;4;46;40,43229705;-3,686494649;24 horas;;;;;;;;YES;;;44,1187917;0186;046;0186;046;RM046D0186;;;;;;;;
1770;RM046D0187;Centro de trabajo (no administración pública);Privada;Público;Banco Santander;Banco Santander;PASEO;CASTELLANA;24;28006;Madrid;4;46;40,4309095;-3,688036744;24 horas;;;;;;;;YES;;;44,11894624;0187;046;0187;046;RM046D0187;;;;;;;;
1899;RM046D0188;Otro establecimiento administración pública;Privada;Privado;Comunidad de propietarios;Complejo de viviendas y oficinas de Núñez de balboa;CALLE;NÚÑEZ DE BALBOA;116;28006;Madrid;4;46;40,4373125;-3,6816688;24 horas;;;;;;;;NO;NOT VALID;it was RM046D0188;44,1189813;0188;046;0188;046;RM046D0188;;;;;;;;
1748;RM046D0189;Centro de trabajo (no administración pública);Privada;Privado;OISS;DEA OISS;CALLE;VELÁZQUEZ;105;28006;Madrid;4;46;40,43567596;-3,68345588;NO;9;18;0;0;0;0;No;NO;;;44,11913184;0189;046;0189;046;RM046D0189;;;;;;;;
1762;RM046D0190;Centro deportivo;Privada;Público;CC ABC;DEA DAVID LLOYDS;CALLE;SERRANO;61;28006;Madrid;4;46;40,43218615;-3,686965107;NO;7;23;7;23;7;23;No;NO;;;44,11915126;0190;046;0190;046;RM046D0190;;;;;;;;
1763;RM046D0191;Centro comercial;Privada;Público;ABC ;DEA ABC ;CALLE;SERRANO;61;28006;Madrid;4;46;40,4322402;-3,686965657;NO;9;21;9;21;9;21;Sí;YES;;;44,11920586;0191;046;0191;046;RM046D0191;;;;;;;;
3290;RM046D0192;Centro educativo;Privada;Público;Clicollege;Clicollege;CALLE;MARÍA DE MOLINA;46;28006;Madrid;4;46;40,43752;-3,682126;NO;8;15;0;0;0;0;No;NO;;;44,119646;0192;046;0192;046;RM046D0192;;;;;;;;
1771;RM046D0193;Centro de trabajo (no administración pública);Privada;Público;Entrada Castellana 28;Castellana 28;PASEO;CASTELLANA;28;28046;Madrid;4;46;40,43136746;-3,688288991;24 horas;;;;;;;;YES;;;44,11965645;0193;046;0193;046;RM046D0193;;;;;;;;
3269;RM046D0194;Centro deportivo;Privada;Público;F45 Training Barrio Salamanca;Gimnasio Lagasca 120;CALLE;LAGASCA;120;28006;Madrid;4;46;40,435407;-3,684359;NO;7;19;0;0;0;0;No;NO;;;44,119766;0194;046;0194;046;RM046D0194;;;;;;;;
3284;RM046D0195;Otro establecimiento administración pública;Pública;Público;Comunidad de Madrid;Centro de salud Lagasca;CALLE;LAGASCA;122;28006;Madrid;4;46;40,435499;-3,684378;NO;8;21;0;0;0;0;No;NO;;;44,119877;0195;046;0195;046;RM046D0195;;;;;;;;
1772;RM046D0196;Otro establecimiento administración pública;Pública;Público;CONSORCIO DE COMPENSACION DE SEGUROS ;CONSORCIO DE COMPENSACION DE SEGUROS ;PASEO;CASTELLANA;32;28046;Madrid;4;46;40,43191824;-3,688082394;24 horas;;;;;;;;YES;;;44,12000063;0196;046;0196;046;RM046D0196;;;;;;;;
3285;RM046D0197;Centro de trabajo (no administración pública);Privada;Privado;Edificio de oficinas Maria de Molina 40;Edificio Maria de Molina 40;CALLE;MARÍA DE MOLINA;40;28006;Madrid;4;46;40,437618;-3,682654;24 horas;;;;;;;;YES;;;44,120272;0197;046;0197;046;RM046D0197;;;;;;;;
1774;RM046D0198;Centro de trabajo (no administración pública);Privada;Público;Mutua Madrileña;MUTUA MADRILEÑA ;PASEO;CASTELLANA;36;28046;Madrid;4;46;40,4325596;-3,687794188;24 horas;;;;;;;;YES;;;44,12035379;0198;046;0198;046;RM046D0198;;;;;;;;
3271;RM046D0199;Otro establecimiento administración pública;Pública;Público;INSS;Dirección Provincial de Madrid del Instituto Nacional de la Seguridad Social (Serrano 102);CALLE;SERRANO;102;28006;Madrid;4;46;40,433972;-3,686431;NO;9;14;0;0;0;0;No;NO;;;44,120403;0199;046;0199;046;RM046D0199;;;;;;;;
1752;RM046D0200;Otro establecimiento administración pública;Pública;Público;INSS;DEA MINISTERIO SALAMANCA;CALLE;SERRANO;102;28006;Madrid;4;46;40,43371026;-3,68669766;24 horas;;;;;;;;YES;;;44,12040792;0200;046;0200;046;RM046D0200;;;;;;;;
1773;RM046D0201;Restaurante o similar;Privada;Público;MADRID LEISURE PARTNERS ;MADRID LEISURE PARTNERS ;PASEO;CASTELLANA;38;28046;Madrid;4;46;40,43253131;-3,688006115;24 horas;;;;;;;;YES;;;44,12053743;0201;046;0201;046;RM046D0201;;;;;;;;
3281;RM046D0202;Hotel, hostal, alojamiento;Privada;Público;Meliá hoteles;Hotel Meliá Serrano;CALLE;CLAUDIO COELLO;139;28006;Madrid;4;46;40,435156;-3,68547;24 horas;;;;;;;;YES;;;44,120626;0202;046;0202;046;RM046D0202;;;;;;;;
1751;RM046D0203;Centro de trabajo (no administración pública);Privada;Público;Sabadell;DEA SABADELL;CALLE;SERRANO;71;28006;Madrid;4;46;40,43388889;-3,686958856;24 horas;;;;;;;;YES;;;44,12084775;0203;046;0203;046;RM046D0203;;;;;;;;
1765;RM046D0204;Centro de trabajo (no administración pública);Privada;Público;A&O;DEA A&O;CALLE;SERRANO;73;28006;Madrid;4;46;40,43410593;-3,686819585;NO;8;18;0;0;0;0;Sí;YES;;;44,12092552;0204;046;0204;046;RM046D0204;;;;;;;;
1775;RM046D0205;Centro de trabajo (no administración pública);Privada;Público;ALBA PATRIMONIO INMOBILIARIO SAU ;Castellana 42;PASEO;CASTELLANA;42;28046;Madrid;4;46;40,43342539;-3,687637952;24 horas;;;;;;;;YES;;;44,12106334;0205;046;0205;046;RM046D0205;;;;;;;;
1759;RM046D0206;Hotel, hostal, alojamiento;Privada;Público;Meliá hoteles;DEA MElIA;CALLE;CLAUDIO COELLO;139;28006;Madrid;4;46;40,43585311;-3,685398947;24 horas;;;;;;;;YES;;;44,12125206;0206;046;0206;046;RM046D0206;;;;;;;;
3280;RM046D0207;Centro residencial de uso público;Privada;Público;Residencia Universitaria Resa Claudio Coello;Residencia Claudio Coello;CALLE;CLAUDIO COELLO;141;28006;Madrid;4;46;40,436052;-3,685414;24 horas;;;;;;;;YES;;;44,121466;0207;046;0207;046;RM046D0207;;;;;;;;
1776;RM046D0208;Otro establecimiento administración pública;Pública;Público;CONSORCIO COMPENSACION SEGUROS ;CONSORCIO COMPENSACION SEGUROS ;PASEO;CASTELLANA;44;28046;Madrid;4;46;40,43383887;-3,687795433;24 horas;;;;;;;;YES;;;44,1216343;0208;046;0208;046;RM046D0208;;;;;;;;
3277;RM046D0209;Otro establecimiento administración pública;Pública;Público;Centro de Vacunación de la Comunidad de Madrid;Centro de Vacunación;CALLE;GENERAL ORÁA;15;28006;Madrid;4;46;40,436295;-3,685873;NO;9;20;0;0;0;0;No;NO;;;44,122168;0209;046;0209;046;RM046D0209;;;;;;;;
3279;RM046D0210;Centro de trabajo (no administración pública);Privada;Privado;Adyen Madrid;AYDEN;CALLE;CLAUDIO COELLO;124;28006;Madrid;4;46;40,436958;-3,685241;24 horas;;;;;;;;YES;;;44,122199;0210;046;0210;046;RM046D0210;;;;;;;;
3395;RM046D0211;Centro de trabajo (no administración pública);Privada;Privado;BNP Paribas;BNP Paribas;CALLE;HERMANOS BÉCQUER;3;28006;Madrid;4;46;40,4354818;-3,6869638;24 horas;;;;;;;;YES;;;44,1224456;0211;046;0211;046;RM046D0211;;;;;;;;
3533;RM046D0212;Centro de trabajo (no administración pública);Privada;Público;BANQUE PARIBAS;BANQUE PARIBAS;CALLE;HERMANOS BÉCQUER;3;28006;Madrid;4;46;40,435425;-3,687128;24 horas;;;;;;;;YES;;;44,122553;0212;046;0212;046;RM046D0212;;;;;;;;
2180;RM046D0213;Centro de trabajo (no administración pública);Privada;Privado;Perez-llorca abogados SLP;Perez-llorca abogados SLP;PASEO;CASTELLANA;50;28046;Madrid;4;46;40,43550551;-3,687800626;NO;9;19;0;0;0;0;Sí;YES;;;44,12330614;0213;046;0213;046;RM046D0213;;;;;;;;
2289;RM046D0214;Centro deportivo;Privada;Público;Distrito 280 castellana;Distrito 280 castellana (gimnasio);PASEO;CASTELLANA;56;28046;Madrid;4;46;40,43602189;-3,688831646;NO;7;9;10;2;10;2;No;NO;;;44,12485354;0214;046;0214;046;RM046D0214;;;;;;;;
3275;RM046D0215;Centro de trabajo (no administración pública);Privada;Privado;Edificio de oficinas de Pinar 7;Edificio de Pinar 7;CALLE;PINAR;7;28006;Madrid;4;46;40,437286;-3,688379;24 horas;;;;;;;;YES;;;44,125665;0215;046;0215;046;RM046D0215;;;;;;;;
3274;RM046D0216;Centro de trabajo (no administración pública);Privada;Privado;Edificio de oficinas María de Molina 6;Edificio María de Molina 6;CALLE;MARÍA DE MOLINA;6;28006;Madrid;4;46;40,437826;-3,688445;24 horas;;;;;;;;YES;;;44,126271;0216;046;0216;046;RM046D0216;;;;;;;;
3273;RM046D0217;Centro de trabajo (no administración pública);Privada;Público;Edificio de oficinas María de Molina 4;Edificio María de Molina 4;CALLE;MARÍA DE MOLINA;4;28006;Madrid;4;46;40,437858;-3,689089;24 horas;;;;;;;;YES;;;44,126947;0217;046;0217;046;RM046D0217;;;;;;;;
2621;RM046D0218;Centro de trabajo (no administración pública);Privada;Público;Ifinorsa;Ifinorsa;PASEO;CASTELLANA;66;28046;Madrid;4;46;40,43744939;-3,689659765;NO;8;21;0;0;0;0;Sí;YES;;;44,12710916;0218;046;0218;046;RM046D0218;;;;;;;;
2031;RM046D0219;Centro de trabajo (no administración pública);Privada;Público;Infinorsa gestión inmobiliaria y financiera ;Infinorsa gestión inmobiliaria y financiera ;PASEO;CASTELLANA;66;28046;Madrid;4;46;40,43740378;-3,689753623;NO;7;23;0;0;0;0;Sí;YES;;;44,1271574;0219;046;0219;046;RM046D0219;;;;;;;;
1664;RM052D0001;Centro residencial de uso público;Privada;Público;Caser;Caser Santa Hortensia;CALLE;SANTA HORTENSIA;46;28002;Madrid;5;52;40,444403;-3,663144;NO;7;22;7;22;7;22;No;NO;;;44,107547;0001;052;0001;052;RM052D0001;;;;;;;;
1666;RM052D0002;Otro establecimiento administración pública;Pública;Público;Comunidad de Madrid;Consejeria de educación, ciencia y universidades;CALLE;SANTA HORTENSIA;30;28002;Madrid;5;52;40,443889;-3,664013;24 horas;;;;;;;;YES;;;44,107902;0002;052;0002;052;RM052D0002;;;;;;;;
2286;RM052D0003;Hotel, hostal, alojamiento;Privada;Público;HOTEL SILKEN AVENIDA AMERICA;HOTEL SILKEN AVENIDA DE AMERICA;AVENIDA;AMÉRICA;41;28002;Madrid;5;52;40,44046;-3,669853;24 horas;;;;;;;;YES;;;44,110313;0003;052;0003;052;RM052D0003;;;;;;;;
1662;RM052D0004;Centro educativo;Pública;Público;Comunidad de Madrid;Cafetería Instituto ÍES Clara del Rey;CALLE;PADRE CLARET;8;28002;Madrid;5;52;40,446501;-3,664368;NO;7;19;0;0;0;0;No;NO;;;44,110869;0004;052;0004;052;RM052D0004;;;;;;;;
1669;RM052D0005;Viviendas;Privada;Público;Comunidad de propietarios;La Inmaculada Corazón de Maria 56;CALLE;CORAZÓN DE MARÍA;56;28002;Madrid;5;52;40,445066;-3,666166;24 horas;;;;;;;;YES;;;44,111232;0005;052;0005;052;RM052D0005;;;;;;;;
2247;RM052D0006;Otro establecimiento administración pública;Privada;Público;CSIC - INSTITUTO ESPAÑOL OCEANOGRAFÍA;CSIC IEO CORAZON DE MARIA;CALLE;CORAZÓN DE MARÍA;8;28002;Madrid;5;52;40,440366;-3,670873;NO;7;20;0;0;0;0;No;NO;;;44,111239;0006;052;0006;052;RM052D0006;;;;;;;;
1678;RM052D0007;Otro establecimiento administración pública;Pública;Público;Comunidad de Madrid;oficina empleo Calle canillas;CALLE;CANILLAS;104;28002;Madrid;5;52;40,443621;-3,667759;NO;8;14;0;0;0;0;No;NO;;;44,11138;0007;052;0007;052;RM052D0007;;;;;;;;
1645;RM052D0008;Viviendas;Privada;Privado;Comunidad de propietarios;Los alfiles Padre Claret 15-17;CALLE;PADRE CLARET;15;28002;Madrid;5;52;40,447286;-3,664597;NO;9;20;0;0;0;0;No;NO;;;44,111883;0008;052;0008;052;RM052D0008;;;;;;;;
1677;RM052D0009;Centro residencial de uso público;Privada;Público;Sanitas;Centro de día para mayores clara del rey;CALLE;CANILLAS;104;28002;Madrid;5;52;40,443719;-3,668379;NO;9;17;0;0;0;0;No;NO;;;44,112098;0009;052;0009;052;RM052D0009;;;;;;;;
2251;RM052D0010;Centro deportivo;Privada;Público;SYNERGYM;GUMNASIO SYNERGYM SANTA HORTENSIA;CALLE;SANTA HORTENSIA;23;28002;Madrid;5;52;40,444348;-3,668019;NO;6;23;9;18;9;14;No;NO;;;44,112367;0010;052;0010;052;RM052D0010;;;;;;;;
1671;RM052D0011;Viviendas;Privada;Público;Comunidad de propietarios;Corazón de Maria 64;CALLE;CORAZÓN DE MARÍA;64;28002;Madrid;5;52;40,446145;-3,666434;NO;9;20;10;20;10;20;No;NO;;;44,112579;0011;052;0011;052;RM052D0011;;;;;;;;
1643;RM052D0012;Centro educativo;Privada;Público;Fomento Fundacion;Fomento fundación centro educativo;CALLE;PADRE CLARET;23;28002;Madrid;5;52;40,448777;-3,664322;NO;9;15;0;0;0;0;No;NO;;;44,113099;0012;052;0012;052;RM052D0012;;;;;;;;
2056;RM052D0013;Otro establecimiento administración pública;Pública;Público;UNION GENERAL DE TRABAJADORES (UGT);EDIFICIO UGT AVENIDA AMERICA;AVENIDA;AMÉRICA;25;28002;Madrid;5;52;40,438975;-3,674682;NO;9;19;0;0;0;0;No;NO;;;44,113657;0013;052;0013;052;RM052D0013;;;;;;;;
1680;RM052D0014;Transportes-Metro;Pública;Público;Metro de Madrid;Estación de Metro Avenida América;AVENIDA;AMÉRICA;9;28002;Madrid;5;52;40,438161;-3,676589;NO;6;2;6;2;6;2;No;YES;;;44,11475;0014;052;0014;052;RM052D0014;;;;;;;;
2058;RM052D0015;Transportes-Intercambiador uso mixto;Pública;Público;Comunidad de Madrid;Intercambiador Avenida de América;AVENIDA;AMÉRICA;9;28002;Madrid;5;52;40,43815;-3,676726;NO;6;2;6;2;6;2;No;YES;;;44,114876;0015;052;0015;052;RM052D0015;;;;;;;;
2249;RM052D0016;Centro deportivo;Privada;Público;DISTRITO280 GYM;GIMNASIO DISTRITO280 CLARA DEL REY;CALLE;BAEZA;9;28002;Madrid;5;52;40,446115;-3,668876;NO;6;23;9;18;9;14;No;NO;;;44,114991;0016;052;0016;052;RM052D0016;;;;;;;;
1638;RM053D0017;Otro establecimiento administración pública;Pública;Público;Comunidad de Madrid;Sede INSS;CALLE;LÓPEZ DE HOYOS;169;28002;Madrid;5;53;40,449804;-3,665729;NO;9;17;0;0;0;0;No;NO;;;44,115533;0017;053;0017;053;RM053D0017;;;;;;;;
2239;RM052D0018;Centro de trabajo (no administración pública);Privada;Público;GESTRA;GESTRA PRIMERA PLANTA;CALLE;LUIS CABRERA;89;28002;Madrid;5;52;40,44458414;-3,671361017;NO;9;13;0;0;0;0;No;NO;;;44,11594516;0018;052;0018;052;RM052D0018;;;;;;;;
1674;RM052D0019;Transportes-Metro;Pública;Público;Metro de Madrid;Estación de Metro Alfonso XIII;CALLE;CLARA DEL REY;81;28002;Madrid;5;52;40,448176;-3,66779;NO;6;2;6;2;6;2;No;YES;;;44,115966;0019;052;0019;052;RM052D0019;;;;;;;;
1658;RM052D0020;Otro establecimiento administración pública;Pública;Público;Ayuntamiento de Madrid;Centro drogodependencia Salud Madrid;CALLE;SANTA HORTENSIA;1;28002;Madrid;5;52;40,445888;-3,670156;NO;10;18;0;0;0;0;No;NO;;;44,116044;0020;052;0020;052;RM052D0020;;;;;;;;
2235;RM052D0021;Hotel, hostal, alojamiento;Privada;Público;SERCOTEL. APARTAMENTOS TOGUMAR;APARTAHOTEL TOGUMAR;CALLE;CANILLAS;59;28002;Madrid;5;52;40,443814;-3,672636;24 horas;;;;;;;;YES;;;44,11645;0021;052;0021;052;RM052D0021;;;;;;;;
2244;RM053D0022;Hotel, hostal, alojamiento;Privada;Público;Ilunion;HOTEL ILUNION LOPEZ DE HOYOS;CALLE;LÓPEZ DE HOYOS;143;28002;Madrid;5;53;40,447714;-3,668924;24 horas;;;;;;;;YES;;;44,116638;0022;053;0022;053;RM053D0022;;;;;;;;
1789;RM052D0023;Centro educativo;Privada;Público;CESUR;CENTRO DE FORMACIÓN CESUR;CALLE;LUIS CABRERA;63;28002;Madrid;5;52;40,444374;-3,672403;NO;8;20;0;0;0;0;No;NO;;;44,116777;0023;052;0023;052;RM052D0023;;;;;;;;
2232;RM052D0024;Centro educativo;Pública;Público;Comunidad de Madrid;CEIP Luis Bello;CALLE;LUIS CABRERA;66;28002;Madrid;5;52;40,443684;-3,673574;NO;8;15;0;0;0;0;No;NO;;;44,117258;0024;052;0024;052;RM052D0024;;;;;;;;
1630;RM053D0025;Centro de trabajo (no administración pública);Privada;Privado;Urbisegur;Urbisegur seguridad;CALLE;SATURNINO CALLEJA;6;28002;Madrid;5;53;40,448422;-3,668932;24 horas;;;;;;;;YES;;;44,117354;0025;053;0025;053;RM053D0025;;;;;;;;
3291;RM051D0026;Centro educativo;Privada;Público;Creative Campus | Escuela de Diseño Universidad Europea;Universidad Europea;CALLE;MARÍA DE MOLINA;39;28006;Madrid;5;51;40,437671;-3,680083;NO;8;22;0;0;0;0;No;NO;;;44,117754;0026;051;0026;051;RM051D0026;;;;;;;;
1685;RM051D0027;Transportes-Metro;Pública;Público;Metro de Madrid;Estación de Metro Avenida América;CALLE;PRÍNCIPE DE VERGARA;103;28006;Madrid;5;51;40,438781;-3,67933;NO;6;2;6;2;6;2;No;YES;;;44,118111;0027;051;0027;051;RM051D0027;;;;;;;;
1786;RM052D0028;Centro de trabajo (no administración pública);Privada;Público;MUTUALIDAD INMUEBLES;EDIFICIO OFICINAS PRINCIPE DE VERGARA108;CALLE;PRÍNCIPE DE VERGARA;108;28002;Madrid;5;52;40,439301;-3,678817;NO;7;22;0;0;0;0;No;NO;;;44,118118;0028;052;0028;052;RM052D0028;;;;;;;;
2231;RM052D0029;Centro comercial;Privada;Público;Leroy Merlin;LEROY MERLIN EXPRESS;CALLE;LÓPEZ DE HOYOS;120;28002;Madrid;5;52;40,444309;-3,673892;NO;8;21;9;21;0;0;No;NO;;;44,118201;0029;052;0029;052;RM052D0029;;;;;;;;
3368;RM052D0030;Centro educativo;Privada;Público;Colegio Nazaret ;DESA NAZARET ;CALLE;QUINTILIANO;3;28002;Madrid;5;52;40,4417225;-3,6765002;24 horas;;;;;;;;YES;;;44,1182227;0030;052;0030;052;RM052D0030;;;;;;;;
1787;RM052D0031;Centro de trabajo (no administración pública);Privada;Público;COLONIAL;EDIFICIO WINDOW BUILDING;CALLE;PRÍNCIPE DE VERGARA;112;28002;Madrid;5;52;40,439538;-3,6788;NO;7;22;0;0;0;0;No;NO;;;44,118338;0031;052;0031;052;RM052D0031;;;;;;;;
1625;RM053D0032;Otro establecimiento administración pública;Pública;Público;Comunidad de Madrid;Registro Civil único de Madrid;CALLE;PRADILLO;66;28002;Madrid;5;53;40,450122;-3,668222;NO;9;14;0;0;0;0;Sí;YES;;;44,118344;0032;053;0032;053;RM053D0032;;;;;;;;
1622;RM053D0033;Otro establecimiento administración pública;Pública;Público;Comunidad de Madrid;Registro Civil Pradillo;CALLE;PRADILLO;62;28002;Madrid;5;53;40,44992;-3,668564;NO;7;18;0;0;0;0;No;NO;;;44,118484;0033;053;0033;053;RM053D0033;;;;;;;;
2060;RM053D0034;Centro deportivo;Privada;Público;HOLIDAY GYM;GIMNASIO HOLIDAY GYM LOPEZ DE HOYOS;CALLE;LÓPEZ DE HOYOS;71;28002;Madrid;5;53;40,44326;-3,67552;NO;7;23;9;21;8;15;No;NO;;;44,11878;0034;053;0034;053;RM053D0034;;;;;;;;
1654;RM053D0035;Otro establecimiento administración pública;Pública;Público;Colegio oficial ingenieros industriales;Ingenieros industriales Madrid;CALLE;JAVIER FERRERO;10;28002;Madrid;5;53;40,448515;-3,670319;NO;9;18;0;0;0;0;No;NO;;;44,118834;0035;053;0035;053;RM053D0035;;;;;;;;
1656;RM053D0036;Centro educativo;Pública;Público;Comunidad de Madrid;CP Padre Poveda;AVENIDA;ALFONSO XIII;23;28002;Madrid;5;53;40,451199;-3,667705;NO;9;14;0;0;0;0;No;NO;;;44,118904;0036;053;0036;053;RM053D0036;;;;;;;;
2061;RM053D0037;Centro educativo;Privada;Público;COLEGIO GUZMAN EL BUENO;COLEGIO GUZMAN EL BUENO;CALLE;EUGENIO SALAZAR;15;28002;Madrid;5;53;40,445155;-3,673765;NO;8;21;0;0;0;0;No;NO;;;44,11892;0037;053;0037;053;RM053D0037;;;;;;;;
2240;RM053D0038;Transportes-Metro;Pública;Público;Metro de Madrid;Estación de Metro Prosperidad;PLAZA;PROSPERIDAD;5;28002;Madrid;5;53;40,444217;-3,674837;NO;6;2;6;2;6;2;No;YES;;;44,119054;0038;053;0038;053;RM053D0038;;;;;;;;
1617;RM053D0039;Centro de trabajo (no administración pública);Privada;Privado;Servicedesk;Sermicro soluciones tecnológicas;CALLE;PRADILLO;50;28002;Madrid;5;53;40,449206;-3,669875;NO;7;20;0;0;0;0;No;NO;;;44,119081;0039;053;0039;053;RM053D0039;;;;;;;;
1788;RM051D0040;Centro deportivo;Privada;Público;GYM IBERICA;VIVA GYM PRINCIPE DE VERGARA;CALLE;PRÍNCIPE DE VERGARA;113;28002;Madrid;5;51;40,440361;-3,678995;NO;6;23;8;21;0;0;No;NO;;;44,119356;0040;051;0040;051;RM051D0040;;;;;;;;
2059;RM053D0041;Centro residencial de uso público;Privada;Público;BALLESOL RESIDENCIAS;RESIDENCIA BALLESOL CARTAGENA;CALLE;CARTAGENA;133;28002;Madrid;5;53;40,443188;-3,676425;24 horas;;;;;;;;YES;;;44,119613;0041;053;0041;053;RM053D0041;;;;;;;;
1380;RM051D0042;Centro de trabajo (no administración pública);Privada;Privado;Comunidad de propietarios;Comunidad de vecinos;CALLE;NÚÑEZ DE BALBOA;120;28006;Madrid;5;51;40,4383575;-3,6815468;24 horas;;;;;;;;YES;;;44,1199043;0042;051;0042;051;RM051D0042;;;;;;;;
1615;RM053D0043;Centro de trabajo (no administración pública);Privada;Privado;Cabify España SL;Oficinas Cabify;CALLE;PRADILLO;42;28002;Madrid;5;53;40,448966;-3,67094;NO;8;20;0;0;0;0;No;NO;;;44,119906;0043;053;0043;053;RM053D0043;;;;;;;;
1784;RM051D0044;Centro de trabajo (no administración pública);Privada;Público;COLONIAL;EDIFICIO OFICINAS COLONIAL LOPEZ DE HOYOS;CALLE;LÓPEZ DE HOYOS;35;28002;Madrid;5;51;40,440967;-3,679632;NO;7;22;0;0;0;0;No;NO;;;44,120599;0044;051;0044;051;RM051D0044;;;;;;;;
1682;RM051D0045;Centro comercial;Privada;Público;Baxi y otras empresas coworking;Baxi;CALLE;LÓPEZ DE HOYOS;35;28002;Madrid;5;51;40,441035;-3,6796;NO;7;22;0;0;0;0;No;NO;;;44,120635;0045;051;0045;051;RM051D0045;;;;;;;;
1785;RM051D0046;Centro de trabajo (no administración pública);Privada;Público;COLONIAL;OFICINAS DE EDREEMS - EDIFICIO COLONIAL LOPEZ DE HOYOS;CALLE;LÓPEZ DE HOYOS;35;28002;Madrid;5;51;40,441004;-3,679658;NO;7;22;0;0;0;0;No;NO;;;44,120662;0046;051;0046;051;RM051D0046;;;;;;;;
1611;RM053D0047;Centro deportivo;Pública;Público;Ayuntamiento de Madrid;CDM Pradillo;CALLE;PRADILLO;33;28002;Madrid;5;53;40,449149;-3,67171;NO;7;23;8;21;8;21;Sí;YES;;;44,120859;0047;053;0047;053;RM053D0047;;;;;;;;
1384;RM051D0048;Centro de trabajo (no administración pública);Privada;Privado;Navantia;Navantia;CALLE;VELÁZQUEZ;132;28006;Madrid;5;51;40,4384501;-3,6824178;24 horas;;;;;;;;YES;;;44,1208679;0048;051;0048;051;RM051D0048;;;;;;;;
1747;RM051D0049;Centro de trabajo (no administración pública);Privada;Privado;SEPIDES;DEA SEPIDES;CALLE;VELÁZQUEZ;134;28006;Madrid;5;51;40,438348;-3,6827546;NO;7;16;0;0;0;0;Sí;YES;;;44,1211026;0049;051;0049;051;RM051D0049;;;;;;;;
1386;RM051D0050;Centro educativo;Pública;Público;Comunidad de Madrid;CEIP Patriarca Obispo Eijo Garay;CALLE;LÓPEZ DE HOYOS;40;28006;Madrid;5;51;40,439737;-3,6814268;NO;7;15;0;0;0;0;No;NO;;;44,1211638;0050;051;0050;051;RM051D0050;;;;;;;;
1782;RM051D0051;Centro de trabajo (no administración pública);Privada;Público;IOSA INMUEBLES;EDIFICIO OFICINAS IOSA;CALLE;PRÍNCIPE DE VERGARA;131;28002;Madrid;5;51;40,44267;-3,678691;24 horas;;;;;;;;YES;;;44,121361;0051;051;0051;051;RM051D0051;;;;;;;;
1783;RM051D0052;Centro de trabajo (no administración pública);Privada;Público;IOSA INMUEBLES;EDIFICIO IOSAS PLANTA 4;CALLE;PRÍNCIPE DE VERGARA;131;28002;Madrid;5;51;40,44267;-3,678691;24 horas;;;;;;;;YES;;;44,121361;0052;051;0052;051;RM051D0052;;;;;;;;
1383;RM051D0053;Otro establecimiento administración pública;Pública;Público;Sepi sociedad total de participaciones ;Sepi sociedad total de participaciones;CALLE;VELÁZQUEZ;134;28006;Madrid;5;51;40,4388222;-3,6826522;24 horas;;;;;;;;YES;;;44,1214744;0053;051;0053;051;RM051D0053;;;;;;;;
1701;RM053D0054;Transportes-Metro;Pública;Público;Metro de Madrid;Estación de Metro Príncipe de Vergara acceso Saintgobain;CALLE;PRÍNCIPE DE VERGARA;128;28002;Madrid;5;53;40,4431;-3,678385;NO;6;2;6;2;6;2;No;YES;;;44,121485;0054;053;0054;053;RM053D0054;;;;;;;;
1716;RM053D0055;Centro de trabajo (no administración pública);Privada;Público;GRUPO SAINT GOBAIN;EDIFICIO SAINT GOBAIN;CALLE;PRÍNCIPE DE VERGARA;132;28002;Madrid;5;53;40,44337;-3,678116;24 horas;;;;;;;;YES;;;44,121486;0055;053;0055;053;RM053D0055;;;;;;;;
1719;RM053D0056;Centro de trabajo (no administración pública);Privada;Público;GRUPO SAINT GOBAIN;EDIFICIO SAINT GOBAIN;CALLE;PRÍNCIPE DE VERGARA;132;28002;Madrid;5;53;40,44337;-3,678116;24 horas;;;;;;;;YES;;;44,121486;0056;053;0056;053;RM053D0056;;;;;;;;
3452;RM051D0057;Transportes-Metro;Pública;Público;Comunidad de Madrid;Estación de Metro Cruz del Rayo;CALLE;PRÍNCIPE DE VERGARA;131;28002;Madrid;5;51;40,443144;-3,678706;NO;6;2;6;2;6;2;No;YES;;;44,12185;0057;051;0057;051;RM051D0057;;;;;;;;
1781;RM053D0058;Otro establecimiento administración pública;Pública;Público;Ayuntamiento de Madrid;JUNTA MUNICIPAL AYUNTAMIENTO;CALLE;PRÍNCIPE DE VERGARA;140;28002;Madrid;5;53;40,444258;-3,677881;24 horas;;;;;;;;YES;;;44,122139;0058;053;0058;053;RM053D0058;;;;;;;;
1780;RM053D0059;Restaurante o similar;Privada;Público;ICONA CAFE;OFICINAS ICONA CAFE;CALLE;PRÍNCIPE DE VERGARA;136;28002;Madrid;5;53;40,444051;-3,678277;NO;9;18;0;0;0;0;No;NO;;;44,122328;0059;053;0059;053;RM053D0059;;;;;;;;
1790;RM051D0060;Otro;Privada;Público;VISO SALUD;CLINICA VISO SALUD;CALLE;DUQUE DE SEVILLA;11;28002;Madrid;5;51;40,44238;-3,68016;NO;9;20;9;13;0;0;No;NO;;;44,12254;0060;051;0060;051;RM051D0060;;;;;;;;
1101;RM051D0061;Centro de trabajo (no administración pública);Privada;Público;FERROVIAL;EDIFICIO FERROVIAL PRINCIPE VERGARA;CALLE;PRÍNCIPE DE VERGARA;135;28002;Madrid;5;51;40,444028;-3,678593;24 horas;;;;;;;;YES;;;44,122621;0061;051;0061;051;RM051D0061;;;;;;;;
1746;RM051D0062;Centro educativo;Privada;Público;CIS Universidad ;DEA CIS THE COLLEGE;CALLE;VELÁZQUEZ;140;28006;Madrid;5;51;40,4407354;-3,682453578;NO;9;17;0;0;0;0;No;NO;;;44,12318898;0062;051;0062;051;RM051D0062;;;;;;;;
3367;RM051D0063;Centro educativo;Pública;Público;Colegio Pintor Rosales ;DESA Colegio Pintor Rosales ;CALLE;MARÍA FRANCISCA;3;28002;Madrid;5;51;40,444364;-3,678921;NO;8;16;0;0;0;0;No;NO;;;44,123285;0063;051;0063;051;RM051D0063;;;;;;;;
1693;RM053D0064;Otro establecimiento administración pública;Pública;Público;AUDITORIO NACIONAL DE MUSICA;AUDITORIO NACIONAL ENTRADA SUR DIRECCCION;PLAZA;ANDRÉS SEGOVIA;1;28002;Madrid;5;53;40,445526;-3,677763;NO;9;20;0;0;0;0;No;NO;;;44,123289;0064;053;0064;053;RM053D0064;;;;;;;;
1610;RM053D0065;Centro educativo;Privada;Público;Fundación Santa Marca;Colegio Santa Marca;CALLE;MARCENADO;50;28002;Madrid;5;53;40,44966;-3,673924;NO;8;17;0;0;0;0;No;NO;;;44,123584;0065;053;0065;053;RM053D0065;;;;;;;;
1390;RM051D0066;Otro establecimiento administración pública;Pública;Público;Ministerio de Agricultura, Pesca y Alimentación;Ministerio de Agricultura, Pesca y Alimentación;CALLE;VELÁZQUEZ;144;28006;Madrid;5;51;40,4414193;-3,6825573;24 horas;;;;;;;;YES;;;44,1239766;0066;051;0066;051;RM051D0066;;;;;;;;
1703;RM053D0067;Centro de trabajo (no administración pública);Privada;Público;NEW WINDS GROUP;EDIFICIO OFICINAS KNIGHT FRANK;CALLE;SUERO DE QUIÑONES;34;28002;Madrid;5;53;40,446818;-3,677257;24 horas;;;;;;;;YES;;;44,124075;0067;053;0067;053;RM053D0067;;;;;;;;
1699;RM053D0068;Transportes-Metro;Pública;Público;Metro de Madrid;Estación de Metro Príncipe de Vergara acceso Auditorio Nacional;CALLE;PRÍNCIPE DE VERGARA;146;28002;Madrid;5;53;40,446267;-3,678034;NO;6;2;6;2;6;2;No;YES;;;44,124301;0068;053;0068;053;RM053D0068;;;;;;;;
1698;RM053D0069;Otro establecimiento administración pública;Pública;Público;AUDITORIO NACIONAL DE MUSICA;AUDITORIO NACIONAL ENTRADA NORTE-TAQUILLAS;CALLE;PRÍNCIPE DE VERGARA;146;28002;Madrid;5;53;40,446671;-3,677991;NO;9;20;0;0;0;0;No;NO;;;44,124662;0069;053;0069;053;RM053D0069;;;;;;;;
1704;RM053D0070;Centro de trabajo (no administración pública);Privada;Público;URIA MENENDEZ;EDIFICIO NUEVO ABOGADOS URIA MENENDEZ;CALLE;SUERO DE QUIÑONES;42;28002;Madrid;5;53;40,447646;-3,677571;24 horas;;;;;;;;YES;;;44,125217;0070;053;0070;053;RM053D0070;;;;;;;;
1705;RM053D0071;Centro de trabajo (no administración pública);Privada;Público;URIA MENENDEZ;EDIFICIO NUEVO ABOGADOS URIA MENENDEZ PLANTA 5;CALLE;SUERO DE QUIÑONES;42;28002;Madrid;5;53;40,447646;-3,677571;24 horas;;;;;;;;NO;NOT ACTIVE;NOT ACTIVE-OTHER BETTER IN SAME BUILDING-it was RM053D0071;44,125217;0071;053;0071;053;RM053D0071;;;;;;;;
1708;RM053D0072;Otro establecimiento administración pública;Pública;Público;CONSEJO OLEICOLA;EDIFICIO DEL CONSEJO OLEICOLA;CALLE;PRÍNCIPE DE VERGARA;154;28002;Madrid;5;53;40,447989;-3,677817;NO;7;18;0;0;0;0;No;NO;;;44,125806;0072;053;0072;053;RM053D0072;;;;;;;;
1107;RM051D0073;Centro de trabajo (no administración pública);Privada;Público;URIA MENENDEZ ABOGADOS;EDIFICIO URIA MENENDEZ ;CALLE;PRÍNCIPE DE VERGARA;187;28002;Madrid;5;51;40,447733;-3,678171;24 horas;;;;;;;;YES;;;44,125904;0073;051;0073;051;RM051D0073;;;;;;;;
1710;RM053D0074;Centro educativo;Privada;Público;UNIVERSIDAD EAE BUSINESS SCHOOL;EDIFICIO UNIVERSIDAD EAE;CALLE;PRÍNCIPE DE VERGARA;156;28002;Madrid;5;53;40,448616;-3,677698;NO;8;22;0;0;0;0;No;NO;;;44,126314;0074;053;0074;053;RM053D0074;;;;;;;;
1392;RM051D0075;Otro establecimiento administración pública;Pública;Público;Ministerio de Agricultura, Pesca y Alimentación;Ministerio de Agricultura, Pesca y Alimentación;CALLE;VELÁZQUEZ;147;28002;Madrid;5;51;40,4436028;-3,6828239;24 horas;;;;;;;;YES;;;44,1264267;0075;051;0075;051;RM051D0075;;;;;;;;
2651;RM054D0076;Otro;Privada;Privado;Inuned;Puerto Rico 2 innumed;CALLE;PUERTO RICO;2;28016;Madrid;5;54;40,45237781;-3,674304322;NO;10;20;0;0;0;0;No;NO;;;44,12668213;0076;054;0076;054;RM054D0076;;;;;;;;
1111;RM053D0077;Transportes-Metro;Pública;Público;Metro de Madrid;Estación de Metro Concha Espina acceso Plaza Cataluña;CALLE;PRÍNCIPE DE VERGARA;204;28002;Madrid;5;53;40,449524;-3,677676;NO;6;2;6;2;6;2;No;YES;;;44,1272;0077;053;0077;053;RM053D0077;;;;;;;;
1100;RM051D0078;Centro educativo;Privada;Público;UNIE BUSINESS SCHOOL;UNIVERSIDAD EAE - UNIE;CALLE;JOAQUÍN COSTA;41;28002;Madrid;5;51;40,443762;-3,683771;NO;8;22;8;14;0;0;No;NO;;;44,127533;0078;051;0078;051;RM051D0078;;;;;;;;
1103;RM051D0079;Otro establecimiento administración pública;Pública;Público;CSIC INSTITUO CAJAL;EDIFICIO CSIC;AVENIDA;DOCTOR ARCE;37;28002;Madrid;5;51;40,448045;-3,679899;24 horas;;;;;;;;YES;;;44,127944;0079;051;0079;051;RM051D0079;;;;;;;;
1098;RM051D0080;Centro de trabajo (no administración pública);Privada;Público;EDIFICIO VEGA. EDIFICIO DE OFICINAS;INSS VELAZQUEZ 157;CALLE;VELÁZQUEZ;157;28002;Madrid;5;51;40,445312;-3,683062;NO;7;23;0;0;0;0;No;NO;;;44,128374;0080;051;0080;051;RM051D0080;;;;;;;;
1415;RM051D0081;Centro de trabajo (no administración pública);Privada;Privado;Sanofi;Sanofi - recepcion;CALLE;PEDRO DE VALDIVIA;10;28006;Madrid;5;51;40,439344;-3,689291;24 horas;;;;;;;;YES;;;44,128635;0081;051;0081;051;RM051D0081;;;;;;;;
1411;RM051D0082;Hotel, hostal, alojamiento;Privada;Público;Residencia de estudiantes;Residencia de estudiantes;CALLE;PINAR;21;28006;Madrid;5;51;40,4406451;-3,688021;24 horas;;;;;;;;YES;;;44,1286661;0082;051;0082;051;RM051D0082;;;;;;;;
1408;RM051D0083;Otro establecimiento administración pública;Pública;Público;Agencia estatal de investigaciones científicas;Agencia estatal de investigaciones científicas;CALLE;SERRANO;117;28006;Madrid;5;51;40,4411708;-3,687559;NO;8;21;0;0;0;0;Sí;YES;;;44,1287298;0083;051;0083;051;RM051D0083;;;;;;;;
1403;RM051D0084;Centro deportivo;Pública;Público;Pabellón deportivo RAMIRO MAEZTU;Pabellón deportivo RAMIRO MAEZTU;CALLE;SERRANO;127;28006;Madrid;5;51;40,4423155;-3,6865618;NO;8;16;0;0;0;0;No;NO;;;44,1288773;0084;051;0084;051;RM051D0084;;;;;;;;
1109;RM051D0085;Viviendas;Privada;Privado;COM.PROP. PRINCIPE DE VERGARA 211;EDIFICIO VIVIENDAS PRINCIPE VERGARA 211;CALLE;PRÍNCIPE DE VERGARA;211;28002;Madrid;5;51;40,451214;-3,677708;24 horas;;;;;;;;YES;;;44,128922;0085;051;0085;051;RM051D0085;;;;;;;;
1104;RM051D0086;Centro educativo;Privada;Público;COLEGIO HOLY MARY BRITISH CATHOLIC SCHOOL;COLEGIO BRITISH HOLY MARY;CALLE;ARGA;19;28002;Madrid;5;51;40,448827;-3,680128;NO;9;16;0;0;0;0;No;NO;;;44,128955;0086;051;0086;051;RM051D0086;;;;;;;;
1110;RM051D0087;Centro residencial de uso público;Privada;Público;Sanitas;RESIDENCIAL SANITAS EL VISO;CALLE;RODRÍGUEZ MARÍN;57;28002;Madrid;5;51;40,45033;-3,678786;24 horas;;;;;;;;YES;;;44,129116;0087;051;0087;051;RM051D0087;;;;;;;;
3360;RM051D0088;Centro educativo;Pública;Público;Colegio San Ramón y San Antonio ;Colegio San Ramón;CALLE;RODRÍGUEZ MARÍN;57;28002;Madrid;5;51;40,450112;-3,679289;NO;7;19;0;0;0;0;No;NO;;;44,129401;0088;051;0088;051;RM051D0088;;;;;;;;
1405;RM051D0089;Otro establecimiento administración pública;Pública;Público;Instituto de física y química Blas cabrera;Instituto de física y química Blas cabrera;CALLE;SERRANO;119;28006;Madrid;5;51;40,4417151;-3,6876981;NO;9;17;0;0;0;0;Sí;YES;;;44,1294132;0089;051;0089;051;RM051D0089;;;;;;;;
1712;RM051D0090;Centro deportivo;Privada;Público;DISTRITO 280 BERNABEU;GIMNASIO DISTRITO280;CALLE;PRÍNCIPE DE VERGARA;211;28002;Madrid;5;51;40,451344;-3,678154;NO;7;20;10;13;0;0;No;NO;;;44,129498;0090;051;0090;051;RM051D0090;;;;;;;;
2010;RM051D0091;Restaurante o similar;Privada;Público;Restaurante la Madrileña;Restaurante la Madrileña;PASEO;CASTELLANA;78;28046;Madrid;5;51;40,43908435;-3,690442878;NO;8;0;8;0;8;0;No;NO;;;44,12952723;0091;051;0091;051;RM051D0091;;;;;;;;
3361;RM051D0092;Centro educativo;Pública;Público;Colegio San Ramón y San Antonio ;Desfibrilador secretaria ;CALLE;RODRÍGUEZ MARÍN;57;28002;Madrid;5;51;40,4501226;-3,6794416;NO;7;19;0;0;0;0;No;NO;;;44,1295642;0092;051;0092;051;RM051D0092;;;;;;;;
1397;RM051D0093;Centro educativo;Pública;Público;Comunidad de Madrid;CEIP Ramiro de Maeztu;CALLE;SERRANO;127;28006;Madrid;5;51;40,4432215;-3,6865551;NO;8;17;0;0;0;0;No;NO;;;44,1297766;0093;051;0093;051;RM051D0093;;;;;;;;
1105;RM051D0094;Centro educativo;Privada;Público;ESCUELA MADRID MONTESSORI;ESCUELA MONTESSORI;CALLE;GENIL;11;28002;Madrid;5;51;40,448853;-3,680924;NO;8;16;0;0;0;0;No;NO;;;44,129777;0094;051;0094;051;RM051D0094;;;;;;;;
1112;RM054D0095;Transportes-Metro;Pública;Público;Metro de Madrid;Estación de Metro Concha Espina acceso Príncipe de Vergara;CALLE;PRÍNCIPE DE VERGARA;246;28016;Madrid;5;54;40,452634;-3,67734;NO;6;2;6;2;6;2;No;YES;;;44,129974;0095;054;0095;054;RM054D0095;;;;;;;;
1099;RM051D0096;Transportes-Metro;Pública;Público;Metro de Madrid;Estación de Metro República Argentina;PLAZA;REPÚBLICA ARGENTINA;8;28002;Madrid;5;51;40,445118;-3,684872;NO;6;2;6;2;6;2;No;YES;;;44,12999;0096;051;0096;051;RM051D0096;;;;;;;;
1106;RM051D0097;Centro educativo;Privada;Público;CENTRO SUPERIOR ENSEÑANZA MUSICAL KATARINA;ESCUELA MUSICA KATARINA;CALLE;GENIL;13;28002;Madrid;5;51;40,44919;-3,680817;NO;10;14;9;15;0;0;No;NO;;;44,130007;0097;051;0097;051;RM051D0097;;;;;;;;
1399;RM051D0098;Centro educativo;Pública;Público;Comunidad de Madrid;CEIP Ramiro de Maeztu;CALLE;SERRANO;127;28006;Madrid;5;51;40,4423754;-3,6876525;NO;8;16;0;0;0;0;No;NO;;;44,1300279;0098;051;0098;051;RM051D0098;;;;;;;;
1419;RM051D0099;Otro establecimiento administración pública;Pública;Público;Laboratorio de máquinas eléctricas ;Laboratorio de máquinas eléctricas;CALLE;JOSÉ GUTIÉRREZ ABASCAL;2;28006;Madrid;5;51;40,440328;-3,6898847;24 horas;;;;;;;;YES;;;44,1302127;0099;051;0099;051;RM051D0099;;;;;;;;
1524;RM055D0100;Centro de trabajo (no administración pública);Privada;Privado;Imperial brands altadis;Imperial brands altadis;CALLE;COMANDANTE AZCÁRRAGA;5;28016;Madrid;5;55;40,46141862;-3,668827582;NO;7;21;0;0;0;0;No;NO;;;44,1302462;0100;055;0100;055;RM055D0100;;;;;;;;
2153;RM051D0101;Centro educativo;Pública;Público;UPM;ETS. INGENIERÍA INDUSTRIAL. EDIFICIO PRINCIPAL ;CALLE;JOSÉ GUTIÉRREZ ABASCAL;2;28006;Madrid;5;51;40,44035701;-3,690043211;NO;8;22;9;14;9;14;Sí;NO;NOT VALID-DUPLICATED;it was RM051D0101 iqual to RM051D0105;44,13040022;0101;051;0101;051;RM051D0101;;;;;;;;
2629;RM055D0102;Centro de trabajo (no administración pública);Privada;Privado;Arzobispado de Madrid;Caritas torregalindo 10 ;CALLE;TORREGALINDO;10;28016;Madrid;5;55;40,461812;-3,668686;NO;7;23;0;0;0;0;No;NO;;;44,130498;0102;055;0102;055;RM055D0102;;;;;;;;
2650;RM054D0103;Centro residencial de uso público;Privada;Privado;Ministerio de Defensa;Residencia guardia civil Duque de Ahumada;CALLE;PRÍNCIPE DE VERGARA;248;28016;Madrid;5;54;40,453627;-3,676936;24 horas;;;;;;;;YES;;;44,130563;0103;054;0103;054;RM054D0103;;;;;;;;
1523;RM055D0104;Centro educativo;Privada;Público;Instituto nacional de artes escénicas ;Instituto nacional de artes escénicas;CALLE;TORREGALINDO;10;28016;Madrid;5;55;40,46175139;-3,668925241;NO;10;15;0;0;0;0;No;NO;;;44,13067663;0104;055;0104;055;RM055D0104;;;;;;;;
1905;RM051D0105;Centro educativo;Pública;Público;UPM;Escuela Técnica Superior de Ingenieros de la Universidad Politécnica ;CALLE;JOSÉ GUTIÉRREZ ABASCAL;2;28006;Madrid;5;51;40,4404407;-3,6902744;NO;8;22;0;0;0;0;Sí;YES;;;44,1307151;0105;051;0105;051;RM051D0105;;;;;;;;
1400;RM051D0106;Centro educativo;Pública;Público;Bachillerato Ramiro Maeztu;Bachillerato Ramiro Maeztu;CALLE;SERRANO;127;28006;Madrid;5;51;40,4429194;-3,6878409;NO;8;16;0;0;0;0;No;NO;;;44,1307603;0106;051;0106;051;RM051D0106;;;;;;;;
1522;RM055D0107;Centro de trabajo (no administración pública);Pública;Público;FEDEMES SL;FCC;CALLE;FEDERICO SALMÓN;13;28016;Madrid;5;55;40,46261982;-3,668308722;24 horas;;;;;;;;YES;;;44,13092854;0107;055;0107;055;RM055D0107;;;;;;;;
2419;RM055D0108;Centro educativo;Privada;Público;Corazonistas;Colegio Sagrado Corazón;AVENIDA;ALFONSO XIII;127;28016;Madrid;5;55;40,4600938;-3,670892;NO;7;23;7;23;7;23;Sí;YES;;;44,1309858;0108;055;0108;055;RM055D0108;;;;;;;;
1097;RM051D0109;Centro educativo;Privada;Público;COLEGIO NERVION;COLEGIO NERVION;CALLE;NERVIÓN;2;28002;Madrid;5;51;40,446809;-3,684189;NO;9;17;0;0;0;0;No;NO;;;44,130998;0109;051;0109;051;RM051D0109;;;;;;;;
1424;RM051D0110;Otro establecimiento administración pública;Pública;Público;Comunidad de Madrid;Consejeria de educación;CALLE;VITRUVIO;2;28006;Madrid;5;51;40,4419018;-3,6898087;NO;7;21;0;0;0;0;No;NO;;;44,1317105;0110;051;0110;051;RM051D0110;;;;;;;;
2652;RM051D0111;Centro educativo;Privada;Público;Hospital san rafael;Colegio de educación especial hospital San rafael;AVENIDA;CONCHA ESPINA;32;28016;Madrid;5;51;40,4514959;-3,6804105;NO;9;17;0;0;0;0;No;NO;;;44,1319064;0111;051;0111;051;RM051D0111;;;;;;;;
2645;RM054D0112;Centro de trabajo (no administración pública);Privada;Privado;Empresas;Serrano 240;CALLE;SERRANO;240;28016;Madrid;5;54;40,45444854;-3,677615424;NO;7;23;0;0;0;0;No;NO;;;44,13206396;0112;054;0112;054;RM054D0112;;;;;;;;
1427;RM051D0113;Centro de trabajo (no administración pública);Privada;Privado;Fundación ramon areces;Fundación ramon areces;CALLE;VITRUVIO;5;28006;Madrid;5;51;40,4426977;-3,6893785;24 horas;;;;;;;;YES;;;44,1320762;0113;051;0113;051;RM051D0113;;;;;;;;
1394;RM051D0114;Centro de trabajo (no administración pública);Privada;Privado;Tressis;Tressis;CALLE;JORGE MANRIQUE;12;28006;Madrid;5;51;40,4433055;-3,6889027;24 horas;;;;;;;;YES;;;44,1322082;0114;051;0114;051;RM051D0114;;;;;;;;
2627;RM055D0115;Otro establecimiento administración pública;Pública;Privado;Agencia tributaria ;Agencia tributaria arquitecto Gaudí ;CALLE;ARQUITECTO GAUDÍ;4;28016;Madrid;5;55;40,46283841;-3,669455005;NO;7;21;0;0;0;0;No;NO;;;44,13229342;0115;055;0115;055;RM055D0115;;;;;;;;
1108;RM051D0116;Centro de trabajo (no administración pública);Pública;Público;R.A.E ASOC. ACADEMIAS DE LENGUA ESPAÑOLA;REAL ACEDEMIA ESPAÑOLA SERRANO;CALLE;SERRANO;187;28002;Madrid;5;51;40,450494;-3,682284;NO;9;19;0;0;0;0;No;NO;;;44,132778;0116;051;0116;051;RM051D0116;;;;;;;;
2628;RM055D0117;Otro establecimiento administración pública;Pública;Público;Agencia tributaria;Agencia tributaria santa Maria magdalena;CALLE;SANTA MARÍA MAGDALENA;16;28016;Madrid;5;55;40,46275378;-3,670067506;24 horas;;;;;;;;YES;;;44,13282129;0117;055;0117;055;RM055D0117;;;;;;;;
2420;RM055D0118;Viviendas;Privada;Privado;Comunidad de propietarios;Conserjería;AVENIDA;ALFONSO XIII;131;28016;Madrid;5;55;40,4601068;-3,6727934;24 horas;;;;;;;;YES;;;44,1329002;0118;055;0118;055;RM055D0118;;;;;;;;
2421;RM055D0119;Centro educativo;Privada;Público;Colegio Santa Catalina del Sena;Colegio Santa Catalina del Sena;AVENIDA;ALFONSO XIII;160;28016;Madrid;5;55;40,4603683;-3,6728866;NO;7;18;0;0;0;0;No;NO;;;44,1332549;0119;055;0119;055;RM055D0119;;;;;;;;
2647;RM054D0120;Centro deportivo;Privada;Público;24h gimnasio;24h gimnasio;CALLE;VÍCTOR ANDRÉS BELAÚNDE;2;28016;Madrid;5;54;40,45440489;-3,678912275;24 horas;;;;;;;;YES;;;44,13331717;0120;054;0120;054;RM054D0120;;;;;;;;
1531;RM055D0121;Centro educativo;Pública;Público;Comunidad de Madrid;CEIP Isaac Albeniz;CALLE;DRÁCENA;29;28016;Madrid;5;55;40,46439012;-3,669081166;NO;8;17;0;0;0;0;No;NO;;;44,13347129;0121;055;0121;055;RM055D0121;;;;;;;;
3358;RM051D0122;Centro educativo;Privada;Público;La Salle;La Salle Maravillas;CALLE;GUADALQUIVIR;9;28002;Madrid;5;51;40,446708;-3,6870359;NO;8;18;0;0;0;0;No;NO;;;44,1337439;0122;051;0122;051;RM051D0122;;;;;;;;
2639;RM054D0123;Transportes-Metro;Privada;Público;Metro de Madrid;Estación de Metro Colombia;CALLE;PRÍNCIPE DE VERGARA;261;28016;Madrid;5;54;40,4565863;-3,677165144;NO;6;2;6;2;6;2;No;YES;;;44,13375144;0123;054;0123;054;RM054D0123;;;;;;;;
1096;RM051D0124;Centro educativo;Privada;Público;ESCUELA INFANTIL MICOS;ESCUELA MICOS;CALLE;GUADALQUIVIR;16;28002;Madrid;5;51;40,447038;-3,686932;NO;9;16;0;0;0;0;No;NO;;;44,13397;0124;051;0124;051;RM051D0124;;;;;;;;
2290;RM051D0125;Centro de trabajo (no administración pública);Privada;Público;A&G Madrid ;A&G Madrid;PASEO;CASTELLANA;92;28046;Madrid;5;51;40,44317201;-3,69085024;NO;9;19;0;0;0;0;Sí;YES;;;44,13402225;0125;051;0125;051;RM051D0125;;;;;;;;
3359;RM051D0126;Centro educativo;Privada;Público;La Salle;Desfibrilador polideportivo de La Salle Maravillas;CALLE;JOAQUÍN COSTA;21;28002;Madrid;5;51;40,4463597;-3,6876813;NO;8;21;0;0;0;0;No;NO;;;44,134041;0126;051;0126;051;RM051D0126;;;;;;;;
2625;RM055D0127;Centro educativo;Pública;Público;King's infant school ;King's infant school ;CALLE;PRIETO UREÑA;9;28016;Madrid;5;55;40,46505681;-3,669075987;NO;9;17;0;0;0;0;No;NO;;;44,1341328;0127;055;0127;055;RM055D0127;;;;;;;;
1094;RM051D0128;Otro establecimiento administración pública;Pública;Público;ESCUELA POLITECNICA DEL EJÉRCITO;ESCUELA POLITECNICA;CALLE;JOAQUÍN COSTA;6;28002;Madrid;5;51;40,445955;-3,68846;24 horas;;;;;;;;YES;;;44,134415;0128;051;0128;051;RM051D0128;;;;;;;;
2422;RM055D0129;Centro educativo;Privada;Público;Colegio St Anne School;Colegio St Anne School;AVENIDA;ALFONSO XIII;162;28016;Madrid;5;55;40,4604262;-3,6740587;NO;8;17;0;0;0;0;No;NO;;;44,1344849;0129;055;0129;055;RM055D0129;;;;;;;;
2624;RM055D0130;Centro educativo;Pública;Público;Colegio arquitecto Gaudí ;Colegio arquitecto Gaudí ;CALLE;ROSA JARDÓN;10;28016;Madrid;5;55;40,46547884;-3,669316084;NO;9;16;0;0;0;0;No;NO;;;44,13479492;0130;055;0130;055;RM055D0130;;;;;;;;
1528;RM055D0131;Centro educativo;Privada;Público;Colegio nuevo Velázquez ;Colegio nuevo Velázquez ;CALLE;ROSA JARDÓN;9;28016;Madrid;5;55;40,46574077;-3,669200729;NO;8;17;0;0;0;0;No;NO;;;44,1349415;0131;055;0131;055;RM055D0131;;;;;;;;
3363;RM051D0132;Centro educativo;Privada;Público;Holling Inn Catolich;DESA Holling Inn;CALLE;ALFONSO RODRÍGUEZ SANTAMARÍA;25;28002;Madrid;5;51;40,4500738;-3,6852828;NO;8;16;0;0;0;0;No;NO;;;44,1353566;0132;051;0132;051;RM051D0132;;;;;;;;
1814;RM051D0133;Otro establecimiento administración pública;Pública;Público;Agencia estatal de administración tributaria ;Agencia estatal de administración tributaria ;PASEO;CASTELLANA;108;28046;Madrid;5;51;40,4456539;-3,6906448;NO;5;21;0;0;0;0;No;NO;;;44,1362987;0133;051;0133;051;RM051D0133;;;;;;;;
1811;RM051D0134;Centro de trabajo (no administración pública);Privada;Privado;Mutua Madrileña;Mutua madrileña ;PASEO;CASTELLANA;110;28046;Madrid;5;51;40,4459137;-3,6906244;NO;6;22;0;0;0;0;Sí;YES;;;44,1365381;0134;051;0134;051;RM051D0134;;;;;;;;
1486;RM056D0135;Centro de trabajo (no administración pública);Privada;Privado;Empresa usos multilples;Edificio oficinas;CALLE;CARDENAL MARCELO SPÍNOLA;8;28016;Madrid;5;56;40,4669577;-3,6698342;24 horas;;;;;;;;YES;;;44,1367919;0135;056;0135;056;RM056D0135;;;;;;;;
2423;RM055D0136;Otro establecimiento administración pública;Privada;Público;Ayuntamiento de Madrid;Centro de día Juan Pablo II;CALLE;PALMITO;1;28016;Madrid;5;55;40,4627585;-3,6743648;NO;8;18;0;0;0;0;No;NO;;;44,1371233;0136;055;0136;055;RM055D0136;;;;;;;;
2424;RM055D0137;Centro deportivo;Pública;Público;Ayuntamiento de Madrid;CDM Chamartín;AVENIDA;PÍO XII;2;28016;Madrid;5;55;40,461118;-3,6762913;NO;7;23;8;21;8;15;No;NO;;;44,1374093;0137;055;0137;055;RM055D0137;;;;;;;;
861;RM054D0138;Otro;Privada;Público;Banco Renta4;Renta4;PASEO;LA HABANA;74;28036;Madrid;5;54;40,4544454;-3,683189;NO;9;18;0;0;0;0;Sí;YES;;;44,1376344;0138;054;0138;054;RM054D0138;;;;;;;;
891;RM054D0139;Hotel, hostal, alojamiento;Privada;Público;Hoteles NH;NH hotel;PASEO;LA HABANA;73;28036;Madrid;5;54;40,4558557;-3,6818237;24 horas;;;;;;;;YES;;;44,1376794;0139;054;0139;054;RM054D0139;;;;;;;;
1487;RM056D0140;Centro de trabajo (no administración pública);Privada;Privado;Empresa usos multilples;Edificio oficinas ;CALLE;CARDENAL MARCELO SPÍNOLA;14;28016;Madrid;5;56;40,4672022;-3,6705094;24 horas;;;;;;;;YES;;;44,1377116;0140;056;0140;056;RM056D0140;;;;;;;;
1964;RM054D0141;Centro deportivo;Privada;Público;Vivagym;VIVAGYM;PASEO;LA HABANA;86;28036;Madrid;5;54;40,456823;-3,680913;NO;6;23;8;21;8;21;No;NO;;;44,137736;0141;054;0141;054;RM054D0141;;;;;;;;
877;RM054D0142;Centro educativo;Privada;Público;Universidad Nebrija;Campus San Rafael ;PASEO;LA HABANA;70;28036;Madrid;5;54;40,4532686;-3,6845314;NO;9;21;0;0;0;0;No;NO;;;44,1378;0142;054;0142;054;RM054D0142;;;;;;;;
3300;RM054D0143;Centro educativo;Privada;Público;Colegio María Virgen;Colegio María virgen;CALLE;CONDES DEL VAL;7;28036;Madrid;5;54;40,454399;-3,683853;NO;8;19;0;0;0;0;No;NO;;;44,138252;0143;054;0143;054;RM054D0143;;;;;;;;
2426;RM055D0144;Centro comercial;Privada;Público;Alcampo ;Alcampo planta baja, frente a cajas ;AVENIDA;PÍO XII;4;28016;Madrid;5;55;40,4626608;-3,6756375;NO;9;22;9;22;9;22;No;NO;;;44,1382983;0144;055;0144;055;RM055D0144;;;;;;;;
2427;RM055D0145;Centro educativo;Privada;Público;Union-Chrétienne de Saint Chaumond;Union-Chrétienne de Saint Chaumond - Primaria;AVENIDA;ALFONSO XIII;155;28016;Madrid;5;55;40,4602346;-3,6780713;NO;8;13;0;0;0;0;No;NO;;;44,1383059;0145;055;0145;055;RM055D0145;;;;;;;;
1485;RM056D0146;Centro de trabajo (no administración pública);Privada;Privado;Empresa usos multilples;Edificio oficinas ;CALLE;CARDENAL MARCELO SPÍNOLA;4;28016;Madrid;5;56;40,4667791;-3,671633;24 horas;;;;;;;;YES;;;44,1384121;0146;056;0146;056;RM056D0146;;;;;;;;
2631;RM055D0147;Transportes-Metro;Privada;Público;Metro de Madrid;Estación de Metro Pío XII;AVENIDA;PÍO XII;4;28016;Madrid;5;55;40,46256609;-3,675998513;NO;6;2;6;2;6;2;No;YES;;;44,1385646;0147;055;0147;055;RM055D0147;;;;;;;;
1482;RM056D0148;Centro de trabajo (no administración pública);Privada;Privado;Edificio usos múltiples ;Edifico oficinas;CALLE;CARDENAL MARCELO SPÍNOLA;2;28016;Madrid;5;56;40,46714197;-3,671479426;24 horas;;;;;;;;YES;;;44,1386214;0148;056;0148;056;RM056D0148;;;;;;;;
2632;RM055D0149;Centro educativo;Privada;Público;Willoughby college sa;Willoughby college sa;CALLE;MACARENA;37;28016;Madrid;5;55;40,46178639;-3,676839925;NO;9;17;0;0;0;0;No;NO;;;44,13862632;0149;055;0149;055;RM055D0149;;;;;;;;
2623;RM056D0150;Centro de trabajo (no administración pública);Privada;Privado;Oficinas Torre Spinola 42;Spinola 42 planta baja;CALLE;CARDENAL MARCELO SPÍNOLA;42;28016;Madrid;5;56;40,46816471;-3,670663895;NO;7;20;0;0;0;0;Sí;YES;;;44,13882861;0150;056;0150;056;RM056D0150;;;;;;;;
3286;RM051D0151;Centro deportivo;Privada;Público;GIMNASIO BASIC FIT;BASIC FIT;CALLE;SANTO DOMINGO DE SILOS;3;28036;Madrid;5;51;40,45091877;-3,687993128;NO;7;22;8;22;8;22;No;NO;;;44,1389119;0151;051;0151;051;RM051D0151;;;;;;;;
1489;RM056D0152;Centro educativo;Privada;Público;Colegio cardenal spinola ;Colegio cardenal spinola;CALLE;CARDENAL MARCELO SPÍNOLA;34;28016;Madrid;5;56;40,46783767;-3,671132478;NO;8;20;0;0;0;0;No;NO;;;44,13897015;0152;056;0152;056;RM056D0152;;;;;;;;
2635;RM055D0153;Centro educativo;Pública;Público;Comunidad de Madrid;CEIP San Juan de la Cruz;CALLE;HONDURAS;10;28016;Madrid;5;55;40,45946383;-3,679611894;NO;8;17;0;0;0;0;No;NO;;;44,13907572;0153;055;0153;055;RM055D0153;;;;;;;;
1493;RM056D0154;Centro educativo;Privada;Público;Fundación síndrome de down;Fundación síndrome down;CALLE;CAÍDOS DE LA DIVISIÓN AZUL;15;28016;Madrid;5;56;40,46701772;-3,672704947;NO;8;20;0;0;0;0;No;NO;;;44,13972267;0154;056;0154;056;RM056D0154;;;;;;;;
3295;RM054D0155;Otro establecimiento administración pública;Pública;Público;Instituto nacional de la SEGURIDAD SOCIAL;INSS;CALLE;PADRE DAMIÁN;4;28036;Madrid;5;54;40,453325;-3,686438;NO;8;14;0;0;0;0;Sí;YES;;;44,139763;0155;054;0155;054;RM054D0155;;;;;;;;
833;RM054D0156;Centro deportivo;Privada;Público;Real Madrid CF;Bernabéu Tienda Real Madrid;AVENIDA;CONCHA ESPINA;1;28036;Madrid;5;54;40,4532002;-3,6866752;NO;10;21;10;21;10;21;Sí;YES;;;44,1398754;0156;054;0156;054;RM054D0156;;;;;;;;
2428;RM055D0157;Centro educativo;Privada;Público;Colegio Nuestra Señora de la Merced Chamartín;Colegio Nuestra Señora de la Merced Chamartín;AVENIDA;ALFONSO XIII;165;28016;Madrid;5;55;40,4602206;-3,6797215;NO;8;20;0;0;0;0;No;NO;;;44,1399421;0157;055;0157;055;RM055D0157;;;;;;;;
2511;RM051D0158;Centro comercial;Privada;Público;Battinver;Volvo Battinver castellana;PASEO;CASTELLANA;130;28046;Madrid;5;51;40,4502552;-3,690156;NO;9;20;11;14;0;0;No;NO;;;44,1404112;0158;051;0158;051;RM051D0158;;;;;;;;
2501;RM051D0159;Centro de trabajo (no administración pública);Privada;Público;Generalli;Generalli;PASEO;CASTELLANA;130;28046;Madrid;5;51;40,4503573;-3,690156;24 horas;;;;;;;;YES;;;44,1405133;0159;051;0159;051;RM051D0159;;;;;;;;
1946;RM055D0160;Otro;Privada;Privado;DAMM;DAMM;PASEO;LA HABANA;172;28036;Madrid;5;55;40,459746;-3,681071;24 horas;;;;;;;;YES;;;44,140817;0160;055;0160;055;RM055D0160;;;;;;;;
2633;RM055D0161;Centro educativo;Privada;Público;Wisdom school;Wisdom school ;CALLE;JOSÉ RODRÍGUEZ PINILLA;12;28016;Madrid;5;55;40,46142816;-3,679549127;NO;7;19;0;0;0;0;No;NO;;;44,14097729;0161;055;0161;055;RM055D0161;;;;;;;;
1495;RM056D0162;Centro de trabajo (no administración pública);Privada;Privado;Edificio usos multilples;Edifico oficinas;AVENIDA;PÍO XII;44;28016;Madrid;5;56;40,46737119;-3,673888055;NO;8;20;0;0;0;0;No;NO;;;44,14125925;0162;056;0162;056;RM056D0162;;;;;;;;
840;RM054D0163;Centro deportivo;Privada;Público;Real Madrid CF;BERNABÉU Tour Puerta 84;AVENIDA;CONCHA ESPINA;1;28036;Madrid;5;54;40,452009;-3,6896115;NO;9;19;9;19;10;18;Sí;NO;NOT VALID;it was RM054D0163;44,1416205;0163;054;0163;054;RM054D0163;;;;;;;;
3299;RM054D0164;Centro educativo;Privada;Público;COLEGIO SAN AGUSTÍN;Colegio San Agustín ;CALLE;PADRE DAMIÁN;18;28036;Madrid;5;54;40,454858;-3,686785;NO;8;22;9;22;9;14;No;NO;;;44,141643;0164;054;0164;054;RM054D0164;;;;;;;;
1924;RM054D0165;Centro educativo;Privada;Público;COLEGIO PARAÍSO SAGRADOS CORAZONES;COLEGIO PARAÍSO SAGRADOS CORAZONES;CALLE;PADRE DAMIÁN;34;28036;Madrid;5;54;40,4573011;-3,6848667;NO;8;17;0;0;0;0;No;NO;;;44,1421678;0165;054;0165;054;RM054D0165;;;;;;;;
3302;RM054D0166;Centro deportivo;Pública;Público;Zona deportiva ;Pistas pádel ;CALLE;PADRE DAMIÁN;26;28036;Madrid;5;54;40,45631;-3,685991;NO;9;22;10;22;10;22;No;NO;;;44,142301;0166;054;0166;054;RM054D0166;;;;;;;;
910;RM054D0167;Centro educativo;Privada;Público;Colegio San Agustín;Polideportivo Colegio San Agustín;CALLE;PADRE DAMIÁN;18;28036;Madrid;5;54;40,4554506;-3,6869467;NO;7;21;0;0;0;0;No;NO;;;44,1423973;0167;054;0167;054;RM054D0167;;;;;;;;
1496;RM056D0168;Hotel, hostal, alojamiento;Privada;Público;Hotel ilunion;Hotel ilunion Pío XII;AVENIDA;PÍO XII;77;28016;Madrid;5;56;40,46889;-3,6735352;24 horas;;;;;;;;YES;;;44,1424252;0168;056;0168;056;RM056D0168;;;;;;;;
3303;RM054D0169;Otro establecimiento administración pública;Pública;Público;Instituto madrileño de familia y menor;Consejería de política social;CALLE;MANUEL DE FALLA;7;28036;Madrid;5;54;40,455266;-3,687745;NO;7;22;8;15;0;0;Sí;YES;;;44,143011;0169;054;0169;054;RM054D0169;;;;;;;;
2429;RM055D0170;Centro residencial de uso público;Privada;Público;Residencia universitaria RESA;Residencia universitaria RESA;AVENIDA;COMANDANTE FRANCO;6;28016;Madrid;5;55;40,4653935;-3,6778396;24 horas;;;;;;;;YES;;;44,1432331;0170;055;0170;055;RM055D0170;;;;;;;;
917;RM054D0171;Centro educativo;Privada;Público;VATEL MADRID;VATEL;CALLE;PROFESOR WAKSMAN;14;28036;Madrid;5;54;40,4559039;-3,6874852;NO;9;17;0;0;0;0;No;NO;;;44,1433891;0171;054;0171;054;RM054D0171;;;;;;;;
1936;RM054D0172;Otro;Privada;Privado;Volvo;VOLVO CAR ESPAÑA ;CALLE;JOSÉ LÁZARO GALDIANO;6;28036;Madrid;5;54;40,4576086;-3,6861468;NO;8;19;0;0;0;0;No;NO;;;44,1437554;0172;054;0172;054;RM054D0172;;;;;;;;
1919;RM054D0173;Hotel, hostal, alojamiento;Privada;Público;Hoteles NH;NH COLLECTION EUROBUILDING;CALLE;PADRE DAMIÁN;23;28036;Madrid;5;54;40,4583841;-3,6856747;24 horas;;;;;;;;YES;;;44,1440588;0173;054;0173;054;RM054D0173;;;;;;;;
1932;RM054D0174;Otro;Privada;Privado;CREMADES ESTÉTICA DENTAL;CREMADES ESTÉTICA DENTAL;CALLE;JOSÉ LÁZARO GALDIANO;4;28036;Madrid;5;54;40,4576583;-3,6866433;NO;10;20;0;0;0;0;No;NO;;;44,1443016;0174;054;0174;054;RM054D0174;;;;;;;;
1972;RM055D0175;Centro educativo;Privada;Público;Hasting school;Hasting school;PASEO;LA HABANA;204;28036;Madrid;5;55;40,4648867;-3,6794479;NO;9;17;0;0;0;0;No;NO;;;44,1443346;0175;055;0175;055;RM055D0175;;;;;;;;
1917;RM055D0176;Centro deportivo;Privada;Público;ORANGE THEORY FITNESS;ORANGE THEORY FITNESS;CALLE;PADRE DAMIÁN;44;28036;Madrid;5;55;40,4594767;-3,685206;NO;7;18;10;13;10;13;No;NO;;;44,1446827;0176;055;0176;055;RM055D0176;;;;;;;;
1954;RM055D0177;Centro residencial de uso público;Privada;Público;Residencia universitaria RESA;Residencia universitaria RESA;CALLE;ARENAL DE MAUDES;3;28036;Madrid;5;55;40,4625327;-3,6823297;24 horas;;;;;;;;YES;;;44,1448624;0177;055;0177;055;RM055D0177;;;;;;;;
1981;RM056D0178;Centro educativo;Privada;Público;COLEGIO SAGRADO CORAZÓN DE CHAMARTÍN;COLEGIO SAGRADO CORAZÓN DE CHAMARTÍN;CALLE;SANTA MAGDALENA SOFÍA;12;28036;Madrid;5;56;40,4690483;-3,6762474;NO;8;17;0;0;0;0;No;NO;;;44,1452957;0178;056;0178;056;RM056D0178;;;;;;;;
1943;RM054D0179;Otro establecimiento administración pública;Pública;Público;SEPE;Oficina de empleo Estrecho-Azca;CALLE;JUAN RAMÓN JIMÉNEZ;15;28036;Madrid;5;54;40,4583041;-3,68712;NO;9;14;0;0;0;0;No;NO;;;44,1454241;0179;054;0179;054;RM054D0179;;;;;;;;
2413;RM054D0180;Hotel, hostal, alojamiento;Privada;Público;Hotel AC Aitana;Hall del Hotel AC Aitana;PASEO;CASTELLANA;152;28046;Madrid;5;54;40,4558881;-3,6898204;24 horas;;;;;;;;YES;;;44,1457085;0180;054;0180;054;RM054D0180;;;;;;;;
1984;RM056D0181;Centro educativo;Privada;Público;COLEGIO SAGRADO CORAZÓN DE CHAMARTÍN ;COLEGIO SAGRADO CORAZÓN DE CHAMARTÍN ;CALLE;MARQUÉS DE TORROJA;4;28036;Madrid;5;56;40,4708657;-3,6749568;NO;8;17;0;0;0;0;No;NO;;;44,1458225;0181;056;0181;056;RM056D0181;;;;;;;;
919;RM054D0182;Otro establecimiento administración pública;Pública;Público;Ministerio de Industria y Turismo;Hacienda;CALLE;PANAMÁ;1;28036;Madrid;5;54;40,4569318;-3,6891012;NO;7;22;0;0;0;0;No;NO;;;44,146033;0182;054;0182;054;RM054D0182;;;;;;;;
2047;RM055D0183;Otro;Privada;Privado;ISPD;ISPD;CALLE;APOLONIO MORALES;13;28036;Madrid;5;55;40,4634906;-3,6829369;NO;9;18;0;0;0;0;No;NO;;;44,1464275;0183;055;0183;055;RM055D0183;;;;;;;;
1913;RM055D0184;Otro;Privada;Privado;Volvo;CONCESIONARIO VOLVO BATTINVER SERVICE CENTER;CALLE;PADRE DAMIÁN;39;28036;Madrid;5;55;40,4612154;-3,6854256;NO;8;18;0;0;0;0;No;NO;;;44,146641;0184;055;0184;055;RM055D0184;;;;;;;;
2012;RM055D0185;Transportes-Metro;Pública;Público;Metro de Madrid;Estación de Metro Duque de Pastrana;CALLE;MATEO INURRIA;36;28036;Madrid;5;55;40,4675601;-3,6793206;NO;6;2;6;2;6;2;No;YES;;;44,1468807;0185;055;0185;055;RM055D0185;;;;;;;;
2015;RM056D0186;Centro educativo;Privada;Público;Universidad Pontificia Comillas;UNIVERSIDAD PONTIFICA COMILLAS;CALLE;MATEO INURRIA;39;28036;Madrid;5;56;40,467735;-3,679225;NO;8;22;0;0;0;0;Sí;YES;;;44,14696;0186;056;0186;056;RM056D0186;;;;;;;;
2414;RM054D0187;Otro establecimiento administración pública;Pública;Privado;Ministerio de Asuntos Económicos ;Complejo Ministerial Cuzco, edificio principal;PASEO;CASTELLANA;162;28046;Madrid;5;54;40,4580537;-3,6893091;NO;7;22;0;0;0;0;Sí;YES;;;44,1473628;0187;054;0187;054;RM054D0187;;;;;;;;
1908;RM055D0188;Centro educativo;Privada;Público;COLEGIO NUESTRA SEÑORA DE LA CONSOLACION;COLEGIO NUESTRA SEÑORA DE LA CONSOLACION;PLAZA;MADRE MOLAS;2;28036;Madrid;5;55;40,46305;-3,68461;NO;9;17;0;0;0;0;No;NO;;;44,14766;0188;055;0188;055;RM055D0188;;;;;;;;
2048;RM055D0189;Centro educativo;Privada;Público;Hastings School;HASTINGS SCHOOL;CALLE;AZULINAS;8;28036;Madrid;5;55;40,4641557;-3,6838805;NO;9;17;0;0;0;0;No;NO;;;44,1480362;0189;055;0189;055;RM055D0189;;;;;;;;
2013;RM056D0190;Centro educativo;Privada;Público;Universidad Pontificia Comillas;UNIDAD CLÍNICA PSICOLOGÍA COMILLAS;CALLE;MATEO INURRIA;37;28036;Madrid;5;56;40,4676323;-3,6805557;NO;8;21;0;0;0;0;No;NO;;;44,148188;0190;056;0190;056;RM056D0190;;;;;;;;
2541;RM056D0191;Otro;Privada;Privado;Agencia EFE;Agencia EFE;AVENIDA;BURGOS;17;28036;Madrid;5;56;40,47320768;-3,675656942;24 horas;;;;;;;;YES;;;44,14886462;0191;056;0191;056;RM056D0191;;;;;;;;
2037;RM055D0192;Centro educativo;Privada;Público;Hastings School;HASTINGS SCHOOL ;CALLE;BENDICIÓN DE CAMPOS;5;28036;Madrid;5;55;40,4643132;-3,6845653;NO;9;17;0;0;0;0;No;NO;;;44,1488785;0192;055;0192;055;RM055D0192;;;;;;;;
2545;RM056D0193;Otro;Privada;Privado;Agencia EFE;Agencia EFE;AVENIDA;BURGOS;12;28036;Madrid;5;56;40,47372303;-3,67534359;24 horas;;;;;;;;YES;;;44,14906662;0193;056;0193;056;RM056D0193;;;;;;;;
2540;RM056D0194;Centro de trabajo (no administración pública);Privada;Público;Varias Empresas;Burgos 12B;AVENIDA;BURGOS;12;28036;Madrid;5;56;40,47397664;-3,675110192;24 horas;;;;;;;;YES;;;44,14908683;0194;056;0194;056;RM056D0194;;;;;;;;
2008;RM055D0195;Otro;Privada;Privado;LABORATORIOS ALTER ;LABORATORIOS ALTER ;CALLE;MATEO INURRIA;30;28036;Madrid;5;55;40,4672866;-3,6822414;24 horas;;;;;;;;YES;;;44,149528;0195;055;0195;055;RM055D0195;;;;;;;;
2038;RM055D0196;Centro educativo;Privada;Público;COLEGIO MAYOR UNIVERSITARIO JUAN LUIS VIVES;COLEGIO MAYOR UNIVERSITARIO JUAN LUIS VIVES;CALLE;FRANCISCO SUÁREZ;7;28036;Madrid;5;55;40,464995;-3,6845586;24 horas;;;;;;;;YES;;;44,1495536;0196;055;0196;055;RM055D0196;;;;;;;;
2032;RM055D0197;Centro educativo;Privada;Público;COLEGIO ALTAIR;COLEGIO ALTAIR;CALLE;JOAQUÍN BAU;4;28036;Madrid;5;55;40,463875;-3,6858132;NO;8;18;0;0;0;0;No;NO;;;44,1496882;0197;055;0197;055;RM055D0197;;;;;;;;
2418;RM055D0198;Viviendas;Privada;Privado;Edificio de viviendas;La Castellana 176;PASEO;CASTELLANA;176;28046;Madrid;5;55;40,4604787;-3,6893634;24 horas;;;;;;;;YES;;;44,1498421;0198;055;0198;055;RM055D0198;;;;;;;;
2550;RM056D0199;Otro;Privada;Privado;Empresa privada;Empresa privada Edificio 17;AVENIDA;BURGOS;19;28036;Madrid;5;56;40,47385388;-3,676076312;24 horas;;;;;;;;YES;;;44,14993019;0199;056;0199;056;RM056D0199;;;;;;;;
2416;RM055D0200;Centro de trabajo (no administración pública);Privada;Privado;Varios dueños (Worley);Oficinas de la Castellana 184;PASEO;CASTELLANA;184;28046;Madrid;5;55;40,4613208;-3,688838;NO;9;17;0;0;0;0;No;NO;;;44,1501588;0200;055;0200;055;RM055D0200;;;;;;;;
1906;RM055D0201;Otro;Privada;Privado;CLÍNICA DENTAL HERRERO CLIMENT;CLÍNICA DENTAL HERRERO CLIMENT;CALLE;DOCTOR FLEMING;54;28036;Madrid;5;55;40,4627997;-3,6874704;NO;8;15;0;0;0;0;No;NO;;;44,1502701;0201;055;0201;055;RM055D0201;;;;;;;;
2554;RM056D0202;Otro;Privada;Privado;ACS AVDA de Pío XII 102;Edificio ACS;AVENIDA;PÍO XII;102;28036;Madrid;5;56;40,47342544;-3,676933187;24 horas;;;;;;;;YES;;;44,15035863;0202;056;0202;056;RM056D0202;;;;;;;;
1903;RM055D0203;Otro;Privada;Privado;YODEYMA PERFUMES S.L;YODEYMA PERFUMES S.L;CALLE;FÉLIX BOIX;7;28036;Madrid;5;55;40,4634093;-3,6873851;NO;9;18;0;0;0;0;No;NO;;;44,1507944;0203;055;0203;055;RM055D0203;;;;;;;;
2007;RM055D0204;Centro educativo;Privada;Público;ESCUELA INFANTIL LA CASA DEL NIÑO;ESCUELA INFANTIL LA CASA DEL NIÑO;CALLE;MATEO INURRIA;20;28036;Madrid;5;55;40,4670474;-3,6839846;NO;7;18;0;0;0;0;No;NO;;;44,151032;0204;055;0204;055;RM055D0204;;;;;;;;
2543;RM056D0205;Centro deportivo;Pública;Público;Distrito Chamartín ;URBAN CLUB;AVENIDA;BURGOS;18;28036;Madrid;5;56;40,47636319;-3,67525207;NO;8;21;8;21;8;15;No;NO;;;44,15161526;0205;056;0205;056;RM056D0205;;;;;;;;
2415;RM055D0206;Centro de trabajo (no administración pública);Privada;Privado;CBRE REAL ESTATE SA;Edificio de oficinas La Castellana 202;PASEO;CASTELLANA;202;28046;Madrid;5;55;40,46257;-3,6890509;24 horas;;;;;;;;YES;;;44,1516209;0206;055;0206;055;RM055D0206;;;;;;;;
2519;RM056D0207;Otro;Privada;Privado;Asociación privada;Edificio VOX;CALLE;CONSUEGRA;6;28036;Madrid;5;56;40,47512082;-3,676643487;NO;8;22;0;0;0;0;No;NO;;;44,15176431;0207;056;0207;056;RM056D0207;;;;;;;;
2062;RM055D0208;Otro;Privada;Privado;Canal de Isabel II;CANTON CANAL ISABEL II;CALLE;GENERAL LÓPEZ POZAS;9;28036;Madrid;5;55;40,4660986;-3,6859143;24 horas;;;;;;;;YES;;;44,1520129;0208;055;0208;055;RM055D0208;;;;;;;;
2548;RM056D0209;Centro de trabajo (no administración pública);Privada;Público;Ilunion;Ilusión burgos 31;AVENIDA;BURGOS;31;28036;Madrid;5;56;40,47631373;-3,676006607;NO;7;15;0;0;0;0;Sí;YES;;;44,15232034;0209;056;0209;056;RM056D0209;;;;;;;;
2556;RM056D0210;Centro de trabajo (no administración pública);Privada;Privado;Centro Privado AVDA PIO XII 110;Puesto de seguridad a la entrada;AVENIDA;PÍO XII;110;28036;Madrid;5;56;40,47411044;-3,67841469;NO;6;19;0;0;0;0;No;NO;;;44,15252513;0210;056;0210;056;RM056D0210;;;;;;;;
2560;RM056D0211;Centro de trabajo (no administración pública);Privada;Privado;Renfe;Caracola nº 20, avenida Pío 12;AVENIDA;PÍO XII;110;28036;Madrid;5;56;40,47322841;-3,679527074;NO;6;19;0;0;0;0;No;NO;;;44,15275548;0211;056;0211;056;RM056D0211;;;;;;;;
2516;RM056D0212;Transportes-Metro;Pública;Público;Metro de Madrid;Estación de Metro Bambú;AVENIDA;BURGOS;33;28036;Madrid;5;56;40,476797;-3,676234;NO;6;2;6;2;6;2;No;YES;;;44,153031;0212;056;0212;056;RM056D0212;;;;;;;;
3318;RM056D0213;Transportes-Renfe;Pública;Público;ADIF;Estación de Chamartín hall provisional salidas;CALLE;AGUSTÍN DE FOXÁ;S/N;28036;Madrid;5;56;40,472025;-3,681165;24 horas;;;;;;;;YES;;;44,15319;0213;056;0213;056;RM056D0213;;;;;;;;
2042;RM056D0214;Otro;Privada;Privado;PESCANOVA;PESCANOVA;CALLE;ENRIQUE LARRETA;3;28036;Madrid;5;56;40,4673132;-3,6864173;NO;8;16;0;0;0;0;No;NO;;;44,1537305;0214;056;0214;056;RM056D0214;;;;;;;;
2561;RM056D0215;Centro de trabajo (no administración pública);Privada;Privado;Renfe;Renfe caracola nº 5, AVDA Pío XII110;AVENIDA;PÍO XII;110;28036;Madrid;5;56;40,47573425;-3,678041724;NO;6;19;0;0;0;0;No;NO;;;44,15377597;0215;056;0215;056;RM056D0215;;;;;;;;
2552;RM056D0216;Otro;Privada;Privado;Local Conamad;Conamad;CALLE;NÚÑEZ MORGADO;9;28036;Madrid;5;56;40,46838339;-3,685598794;NO;8;20;0;0;0;0;No;NO;;;44,15398218;0216;056;0216;056;RM056D0216;;;;;;;;
2063;RM055D0217;Otro;Privada;Privado;FUNDACIÓN CANAL ISABEL II;FUNDACIÓN CANAL ISABEL II;CALLE;MATEO INURRIA;2;28036;Madrid;5;55;40,466185;-3,6880629;NO;9;20;9;20;9;20;No;NO;;;44,1542479;0217;055;0217;055;RM055D0217;;;;;;;;
2064;RM055D0218;Otro;Pública;Público;PARQUE CUARTO DEPÓSITO CANAL ISABEL II;PARQUE CUARTO DEPÓSITO CANAL ISABEL II;PLAZA;CASTILLA;S/N;28046;Madrid;5;55;40,4657434;-3,6887753;NO;8;22;8;22;8;22;Sí;YES;;;44,1545187;0218;055;0218;055;RM055D0218;;;;;;;;
2530;RM056D0219;Centro de trabajo (no administración pública);Privada;Privado;Edificio Realia;Torre Kio Este;PASEO;CASTELLANA;216;28036;Madrid;5;56;40,466845;-3,688326;24 horas;;;;;;;;NO;NOT VALID-DUPLICATED;it was RM056D0219 iqual to RM056D0220;44,155171;0219;056;0219;056;RM056D0219;;;;;;;;
2668;RM056D0220;Centro de trabajo (no administración pública);Privada;Privado;Torre Kio Este Realia;Vestíbulo Torre Kio Este Realia;PASEO;CASTELLANA;216;28046;Madrid;5;56;40,46678801;-3,688597727;24 horas;;;;;;;;YES;;;44,15538574;0220;056;0220;056;RM056D0220;;;;;;;;
2535;RM056D0221;Otro;Privada;Privado;Comercio privado;Bic 26;CALLE;AGUSTÍN DE FOXÁ;26;28036;Madrid;5;56;40,469685;-3,6857433;NO;8;15;0;0;0;0;No;NO;;;44,1554283;0221;056;0221;056;RM056D0221;;;;;;;;
2054;RM056D0222;Otro establecimiento administración pública;Pública;Público;Comunidad de Madrid;EDIFICIO AQUA (Planta 1 - Consejeria Sanidad);CALLE;AGUSTÍN DE FOXÁ;4;28036;Madrid;5;56;40,4679128;-3,6877856;NO;7;17;0;0;0;0;No;NO;;;44,1556984;0222;056;0222;056;RM056D0222;;;;;;;;
2659;RM056D0223;Transportes-Metro;Pública;Público;Metro de Madrid;Estación de Metro Plaza Castilla Pasillo Intercambiador L1, L9 y L10;PASEO;CASTELLANA;S/N;28046;Madrid;5;56;40,4668283;-3,6890369;NO;6;2;6;2;6;2;Sí;YES;;;44,1558652;0223;056;0223;056;RM056D0223;;;;;;;;
2661;RM056D0224;Transportes-Metro;Pública;Público;Metro de Madrid;Estación de Metro Plaza Castilla L10 Andén Dirección Hospital Infanta Sofía;PASEO;CASTELLANA;S/N;28046;Madrid;5;56;40,4668283;-3,6890369;NO;6;2;6;2;6;2;No;YES;;;44,1558652;0224;056;0224;056;RM056D0224;;;;;;;;
2662;RM056D0225;Transportes-Metro;Pública;Público;Metro de Madrid;Estación de Metro Plaza Castilla Pasillo Distribuidor L10, L9 & L1 Acceso L9;PASEO;CASTELLANA;S/N;28046;Madrid;5;56;40,4668283;-3,6890369;NO;6;2;6;2;6;2;No;YES;;;44,1558652;0225;056;0225;056;RM056D0225;;;;;;;;
2533;RM056D0226;Otro establecimiento administración pública;Pública;Público;Comunidad de Madrid;AMAS;CALLE;AGUSTÍN DE FOXÁ;31;28036;Madrid;5;56;40,47162413;-3,684500283;NO;7;22;0;0;0;0;Sí;YES;;;44,15612441;0226;056;0226;056;RM056D0226;;;;;;;;
2534;RM056D0227;Transportes-Metro;Pública;Público;Metro de Madrid;Estación de Metro Chamartín;CALLE;AGUSTÍN DE FOXÁ;S/N;28036;Madrid;5;56;40,47311191;-3,683064456;NO;6;2;6;2;6;2;No;YES;;;44,15617637;0227;056;0227;056;RM056D0227;;;;;;;;
2622;RM056D0228;Hotel, hostal, alojamiento;Privada;Público;HOTEL MADRID CHAMARTÍN;HOTEL MAURICIO RAVEL 10;CALLE;MAURICIO RAVEL;10;28046;Madrid;5;56;40,471948;-3,684706;24 horas;;;;;;;;YES;;;44,156654;0228;056;0228;056;RM056D0228;;;;;;;;
2683;RM056D0229;Centro de trabajo (no administración pública);Privada;Privado;Meliá hoteles;Oficinas de Meliá Hotels International;CALLE;MAURICIO LEGENDRE;16;28046;Madrid;5;56;40,4717974;-3,6855745;NO;8;18;0;0;0;0;No;NO;;;44,1573719;0229;056;0229;056;RM056D0229;;;;;;;;
2536;RM056D0230;Hotel, hostal, alojamiento;Privada;Público;Hotel Melia;Hotel Madrid Chamartin;CALLE;MAURICIO LEGENDRE;16;28046;Madrid;5;56;40,471993;-3,685693;24 horas;;;;;;;;YES;;;44,157686;0230;056;0230;056;RM056D0230;;;;;;;;
2539;RM056D0231;Centro educativo;Privada;Público;Escuela de Negocio y Dirección ;Escuela de Negocio ;CALLE;MAURICIO LEGENDRE;33;28046;Madrid;5;56;40,473452;-3,685616;NO;10;19;0;0;0;0;No;NO;;;44,159068;0231;056;0231;056;RM056D0231;;;;;;;;
2685;RM056D0232;Centro educativo;Privada;Público;UEMC Business School;UEMC Business School;CALLE;MAURICIO LEGENDRE;33;28046;Madrid;5;56;40,4730173;-3,6861793;NO;9;15;0;0;0;0;No;NO;;;44,1591966;0232;056;0232;056;RM056D0232;;;;;;;;
2674;RM056D0233;Centro de trabajo (no administración pública);Privada;Privado;Icex Exportación e Inversiones;Edifico Icex Planta Baja;PASEO;CASTELLANA;278;28046;Madrid;5;56;40,4756496;-3,6861491;NO;7;18;0;0;0;0;No;NO;;;44,1617987;0233;056;0233;056;RM056D0233;;;;;;;;
2688;RM056D0234;Centro de trabajo (no administración pública);Privada;Privado;Merlin Properties;Vestíbulo Merlín Properties;PASEO;CASTELLANA;280;28046;Madrid;5;56;40,47632802;-3,686088673;NO;7;22;0;0;0;0;Sí;YES;;;44,16241669;0234;056;0234;056;RM056D0234;;;;;;;;
2473;RM062D0001;Transportes-Renfe;Pública;Público;ADIF;Estación de Cercanías Nuevos Ministerios;CALLE;RAIMUNDO FERNÁNDEZ VILLAVERDE;83;28003;Madrid;6;62;40,4465656;-3,691883;NO;5;0;6;0;6;0;No;YES;;;44,1384486;0001;062;0001;062;RM062D0001;;;;;;;;
2483;RM062D0002;Centro de trabajo (no administración pública);Privada;Público;Oracle;Torre azca;PASEO;CASTELLANA;81;28046;Madrid;6;62;40,4475992;-3,6916533;NO;7;21;0;0;0;0;Sí;YES;;;44,1392525;0002;062;0002;062;RM062D0002;;;;;;;;
2474;RM062D0003;Transportes-Metro;Pública;Público;Metro de Madrid;Estación de Metro Nuevos Ministerios;CALLE;RAIMUNDO FERNÁNDEZ VILLAVERDE;83;28003;Madrid;6;62;40,4466274;-3,692971;NO;6;2;6;2;6;2;No;YES;;;44,1395984;0003;062;0003;062;RM062D0003;;;;;;;;
2480;RM062D0004;Centro de trabajo (no administración pública);Privada;Privado;Pontegadea SL;Edificio Número 79;PASEO;CASTELLANA;79;28046;Madrid;6;62;40,447501;-3,6926183;24 horas;;;;;;;;YES;;;44,1401193;0004;062;0004;062;RM062D0004;;;;;;;;
2489;RM062D0005;Restaurante o similar;Privada;Público;WeWork;We work GMP;PASEO;CASTELLANA;77;28046;Madrid;6;62;40,4481294;-3,6925556;24 horas;;;;;;;;YES;;;44,140685;0005;062;0005;062;RM062D0005;;;;;;;;
2477;RM062D0006;Otro establecimiento administración pública;Pública;Público;Ministerio de industria y Turismo;Patentes Nuevos Ministerios ;PASEO;CASTELLANA;75;28046;Madrid;6;62;40,4475752;-3,6931889;NO;7;15;0;0;0;0;Sí;YES;;;44,1407641;0006;062;0006;062;RM062D0006;;;;;;;;
2486;RM062D0007;Centro de trabajo (no administración pública);Privada;Privado;Desconocido;GMP Castellana 77;PASEO;CASTELLANA;77;28046;Madrid;6;62;40,4486119;-3,6925512;24 horas;;;;;;;;YES;;;44,1411631;0007;062;0007;062;RM062D0007;;;;;;;;
75;RM062D0008;Centro de trabajo (no administración pública);Privada;Público;Torre AZCA EUEE estudios empresariales AIE;Torre AZCA EY;CALLE;RAIMUNDO FERNÁNDEZ VILLAVERDE;65;28003;Madrid;6;62;40,446696;-3,6946051;24 horas;;;;;;;;YES;;;44,1413011;0008;062;0008;062;RM062D0008;;;;;;;;
2493;RM062D0009;Centro de trabajo (no administración pública);Privada;Público;Corporación Alba ;Edificio Banca March ;PASEO;CASTELLANA;89;28046;Madrid;6;62;40,4499085;-3,69148;24 horas;;;;;;;;YES;;;44,1413885;0009;062;0009;062;RM062D0009;;;;;;;;
1501;RM062D0010;Centro de trabajo (no administración pública);Privada;Público;Generali;Edificio generali;PLAZA;MANUEL GÓMEZ-MORENO;5;28020;Madrid;6;62;40,44698324;-3,69528777;24 horas;;;;;;;;YES;;;44,14227101;0010;062;0010;062;RM062D0010;;;;;;;;
2496;RM062D0011;Centro de trabajo (no administración pública);Privada;Público;Merlin;Castellana merlin;PASEO;CASTELLANA;93;28046;Madrid;6;62;40,4508568;-3,6914844;24 horas;;;;;;;;YES;;;44,1423412;0011;062;0011;062;RM062D0011;;;;;;;;
1483;RM062D0012;Centro de trabajo (no administración pública);Privada;Público;Mutua Madrileña;Edificio Alfredo Mahou;PLAZA;MANUEL GÓMEZ-MORENO;2;28020;Madrid;6;62;40,44862993;-3,694113694;24 horas;;;;;;;;YES;;;44,14274362;0012;062;0012;062;RM062D0012;;;;;;;;
1499;RM062D0013;Centro de trabajo (no administración pública);Privada;Público;Generali;Edificio orense 4;CALLE;ORENSE;4;28020;Madrid;6;62;40,44751474;-3,695293247;NO;8;20;0;0;0;0;Sí;YES;;;44,14280799;0013;062;0013;062;RM062D0013;;;;;;;;
1514;RM062D0014;Centro de trabajo (no administración pública);Privada;Público;Pontegadea;Edificio Torre Picasso;PLAZA;PABLO RUIZ PICASSO;1;28046;Madrid;6;62;40,45025945;-3,692797872;24 horas;;;;;;;;YES;;;44,14305732;0014;062;0014;062;RM062D0014;;;;;;;;
2500;RM062D0015;Centro de trabajo (no administración pública);Privada;Público;Torre Europa;Torre Europa ;PASEO;CASTELLANA;95;28046;Madrid;6;62;40,4517878;-3,6913925;24 horas;;;;;;;;YES;;;44,1431803;0015;062;0015;062;RM062D0015;;;;;;;;
1521;RM062D0016;Centro de trabajo (no administración pública);Privada;Público;Merlin Properties;Edificio oficinas Plaza Ruiz Picasso ,11;PLAZA;PABLO RUIZ PICASSO;11;28020;Madrid;6;62;40,44932288;-3,69423875;24 horas;;;;;;;;YES;;;44,14356163;0016;062;0016;062;RM062D0016;;;;;;;;
3198;RM062D0017;Centro de trabajo (no administración pública);Privada;Privado;Desconocido;EDIFICIO EDIFICIO CASTELLANA 93-B;AVENIDA;GENERAL PERÓN;40;28020;Madrid;6;62;40,451624;-3,692007;NO;8;20;0;0;0;0;No;NO;;;44,143631;0017;062;0017;062;RM062D0017;;;;;;;;
1520;RM062D0018;Centro deportivo;Privada;Público;Vivagym;Gimnasio Vivagym;PLAZA;PABLO RUIZ PICASSO;1;28046;Madrid;6;62;40,45050928;-3,693201395;NO;6;23;8;21;8;21;No;NO;;;44,14371068;0018;062;0018;062;RM062D0018;;;;;;;;
1497;RM062D0019;Centro de trabajo (no administración pública);Privada;Público;ANECA;ANECA;CALLE;ORENSE;11;28020;Madrid;6;62;40,44834075;-3,695761666;NO;8;20;0;0;0;0;No;NO;;;44,14410242;0019;062;0019;062;RM062D0019;;;;;;;;
2502;RM062D0020;Transportes-Metro;Pública;Público;Metro de Madrid;Estación de Metro Santiago Bernabéu;PASEO;CASTELLANA;101;28046;Madrid;6;62;40,4534183;-3,6907645;NO;6;2;6;2;6;2;No;YES;;;44,1441828;0020;062;0020;062;RM062D0020;;;;;;;;
3161;RM062D0021;Centro de trabajo (no administración pública);Privada;Privado;Planta 8;Vía principal ;CALLE;ORENSE;11;28020;Madrid;6;62;40,44832;-3,69589;NO;8;22;0;0;0;0;No;NO;;;44,14421;0021;062;0021;062;RM062D0021;;;;;;;;
73;RM062D0022;Centro comercial;Privada;Público;Leroy Merlin;Leroy Merlin Raimundo Fdez;CALLE;RAIMUNDO FERNÁNDEZ VILLAVERDE;43;28003;Madrid;6;62;40,4466659;-3,6978241;NO;8;21;9;21;11;20;No;NO;;;44,14449;0022;062;0022;062;RM062D0022;;;;;;;;
3162;RM062D0023;Centro de trabajo (no administración pública);Privada;Privado;Quantum Leap Management;En locales comerciales;CALLE;ORENSE;12;28020;Madrid;6;62;40,44903;-3,69547;NO;10;18;0;0;0;0;No;NO;;;44,1445;0023;062;0023;062;RM062D0023;;;;;;;;
3202;RM062D0024;Centro de trabajo (no administración pública);Privada;Público;EMPRESA IBM;OFICINAS IBM LOCAL AUXILIAR;PLAZA;PABLO RUIZ PICASSO;11;28020;Madrid;6;62;40,450883;-3,693793;NO;8;17;0;0;0;0;No;NO;;;44,144676;0024;062;0024;062;RM062D0024;;;;;;;;
3204;RM062D0025;Centro de trabajo (no administración pública);Privada;Privado;EMPRESA IBM;EMPRESA IBM AREA EVENTOS;PLAZA;PABLO RUIZ PICASSO;11;28020;Madrid;6;62;40,450883;-3,693793;NO;8;17;0;0;0;0;No;NO;;;44,144676;0025;062;0025;062;RM062D0025;;;;;;;;
3199;RM062D0026;Otro establecimiento administración pública;Pública;Público;Ministerio de Hacienda;OFICINA CLASES PASIVAS / MINISTERIO DE HACIENDA;AVENIDA;GENERAL PERÓN;38;28020;Madrid;6;62;40,452044;-3,692633;NO;9;15;0;0;0;0;No;NO;;;44,144677;0026;062;0026;062;RM062D0026;;;;;;;;
3206;RM062D0027;Hotel, hostal, alojamiento;Privada;Público;GRUPO HOTELES HILTON;HOTEL CANOPY MADRID CASTELLANA;PLAZA;CARLOS TRÍAS BERTRÁN;4;28020;Madrid;6;62;40,45127;-3,693812;24 horas;;;;;;;;YES;;;44,145082;0027;062;0027;062;RM062D0027;;;;;;;;
3197;RM062D0028;Centro de trabajo (no administración pública);Privada;Privado;EDIFICIO IBM;EDIFICIO IBM;PLAZA;PABLO RUIZ PICASSO;11;28020;Madrid;6;62;40,451631;-3,69368;24 horas;;;;;;;;YES;;;44,145311;0028;062;0028;062;RM062D0028;;;;;;;;
3205;RM062D0029;Centro deportivo;Privada;Público;CADENA HOLIDAY GYM;GIMNASIO HOLIDAY GYM CASTELLANA;PLAZA;CARLOS TRÍAS BERTRÁN;4;28020;Madrid;6;62;40,451631;-3,69368;NO;7;23;9;21;9;15;No;NO;;;44,145311;0029;062;0029;062;RM062D0029;;;;;;;;
3268;RM062D0030;Hotel, hostal, alojamiento;Privada;Público;Eurocentro;Edificio único con restaurante en misma fachada;CALLE;POETA JOAN MARAGALL;1;28020;Madrid;6;62;40,453014;-3,693169;24 horas;;;;;;;;YES;;;44,146183;0030;062;0030;062;RM062D0030;;;;;;;;
3497;RM062D0031;Centro deportivo;Privada;Público;FORUS SELECTION;FORUS SELECTION;CALLE;POETA JOAN MARAGALL;1;28020;Madrid;6;62;40,453256;-3,69294;NO;7;20;9;21;9;21;No;NO;;;44,146196;0031;062;0031;062;RM062D0031;;;;;;;;
1478;RM062D0032;Otro establecimiento administración pública;Pública;Público;Consorcio de seguros;Edificio cubik;CALLE;HERNANI;59;28020;Madrid;6;62;40,44822801;-3,698024655;24 horas;;;;;;;;YES;;;44,14625267;0032;062;0032;062;RM062D0032;;;;;;;;
3267;RM062D0033;Centro deportivo;Privada;Público;Forus gym ;Entrada principal, posterior;CALLE;POETA JOAN MARAGALL;1;28020;Madrid;6;62;40,45316;-3,69314;NO;6;22;9;14;9;14;No;NO;;;44,1463;0033;062;0033;062;RM062D0033;;;;;;;;
1479;RM062D0034;Otro establecimiento administración pública;Pública;Público;Comunidad de Madrid;Agencia de vivienda social de la comunidad de madrid;CALLE;BASÍLICA;23;28020;Madrid;6;62;40,44909559;-3,69757372;NO;9;20;0;0;0;0;Sí;YES;;;44,14666931;0034;062;0034;062;RM062D0034;;;;;;;;
2410;RM062D0035;Otro establecimiento administración pública;Pública;Privado;Ministerio de Defensa;Ministerio de Defensa entrada por San Germán;CALLE;SAN GERMÁN;1;28046;Madrid;6;62;40,4561692;-3,6918264;NO;7;22;0;0;0;0;Sí;YES;;;44,1479956;0035;062;0035;062;RM062D0035;;;;;;;;
1509;RM062D0036;Hotel, hostal, alojamiento;Privada;Público;Espahotel Plaza Basilica;Hotel Basilica;CALLE;AVIADOR ZORITA;27;28020;Madrid;6;62;40,44966651;-3,698511247;24 horas;;;;;;;;YES;;;44,14817776;0036;062;0036;062;RM062D0036;;;;;;;;
3272;RM062D0037;Centro deportivo;Privada;Público;Gimnasio ;Acceso directo desde la calle;AVENIDA;BRASIL;5;28020;Madrid;6;62;40,45426;-3,69402;NO;0;0;0;0;0;0;No;NO;NOT VALID;it was RM062D0037;44,14828;0037;062;0037;062;RM062D0037;;;;;;;;
3451;RM063D0038;Transportes-Metro;Pública;Público;Comunidad de Madrid;Estación de Metro Cuzco;PASEO;CASTELLANA;125;28046;Madrid;6;63;40,45836;-3,6903472;NO;6;2;6;2;6;2;No;YES;;;44,1487072;0038;063;0038;063;RM063D0038;;;;;;;;
1809;RM062D0039;Otro;Privada;Privado;Gestoría ;Esquina al lado de paseo;CALLE;JULIÁN BESTEIRO;1;28020;Madrid;6;62;40,45317005;-3,695681749;NO;8;18;0;0;0;0;No;NO;;;44,1488518;0039;062;0039;062;RM062D0039;;;;;;;;
1831;RM062D0040;Centro de trabajo (no administración pública);Privada;Privado;Discesur ;Dos en la entrada principal ;CALLE;ORENSE;34;28020;Madrid;6;62;40,45428475;-3,694584655;24 horas;;;;;;;;YES;;;44,14886941;0040;062;0040;062;RM062D0040;;;;;;;;
3270;RM063D0041;Viviendas;Privada;Privado;Comunidad ;Avenida principal ;CALLE;POETA JOAN MARAGALL;19;28020;Madrid;6;63;40,45702;-3,69205;24 horas;;;;;;;;YES;;;44,14907;0041;063;0041;063;RM063D0041;;;;;;;;
1815;RM063D0042;Viviendas;Privada;Privado;Comunidad de propietarios;Al lado de un bar y detrás de una parada de autobús ;CALLE;SAN GERMÁN;10;28020;Madrid;6;63;40,45647626;-3,692696611;24 horas;;;;;;;;YES;;;44,14917287;0042;063;0042;063;RM063D0042;;;;;;;;
3201;RM062D0043;Centro de trabajo (no administración pública);Privada;Público;GMP GROUP;EDIFICIO ORENSE 34;CALLE;ORENSE;34;28020;Madrid;6;62;40,454515;-3,694681;24 horas;;;;;;;;YES;;;44,149196;0043;062;0043;062;RM062D0043;;;;;;;;
1829;RM062D0044;Hotel, hostal, alojamiento;Privada;Público;Hotel H10 Tribeca;Enfrente del restaurante saona;CALLE;PEDRO TEIXEIRA;5;28020;Madrid;6;62;40,45531363;-3,69427682;24 horas;;;;;;;;YES;;;44,14959045;0044;062;0044;062;RM062D0044;;;;;;;;
2407;RM063D0045;Hotel, hostal, alojamiento;Privada;Público;Hotel AC Cuzco;Hotel AC Cuzco Hall de entrada ;PASEO;CASTELLANA;133;28046;Madrid;6;63;40,4589277;-3,6910153;24 horas;;;;;;;;YES;;;44,149943;0045;063;0045;063;RM063D0045;;;;;;;;
2417;RM063D0046;Centro de trabajo (no administración pública);Privada;Privado;Edificio de oficinas Cuzco IV;La Castellana 141;PASEO;CASTELLANA;141;28046;Madrid;6;63;40,4594948;-3,6905885;24 horas;;;;;;;;YES;;;44,1500833;0046;063;0046;063;RM063D0046;;;;;;;;
3278;RM063D0047;Centro deportivo;Privada;Público;Vivagym;Calle peatonal ;AVENIDA;BRASIL;28;28020;Madrid;6;63;40,4571;-3,693;NO;6;23;8;21;8;21;No;NO;;;44,1501;0047;063;0047;063;RM063D0047;;;;;;;;
3276;RM063D0048;Otro;Privada;Privado;Fundación Alfonso Martín ;Acceso peatonal;AVENIDA;BRASIL;30;28020;Madrid;6;63;40,45714;-3,69306;NO;9;17;0;0;0;0;No;NO;;;44,1502;0048;063;0048;063;RM063D0048;;;;;;;;
3160;RM062D0049;Centro de trabajo (no administración pública);Privada;Privado;Jose Silva seguros;Local posterior ;CALLE;AVIADOR ZORITA;51;28020;Madrid;6;62;40,45182;-3,69876;NO;9;18;0;0;0;0;No;NO;;;44,15058;0049;062;0049;062;RM062D0049;;;;;;;;
2509;RM063D0050;Centro de trabajo (no administración pública);Privada;Público;ADIF;Edificio Sor Ángela de la Cruz ,3;CALLE;SOR ÁNGELA DE LA CRUZ;3;28020;Madrid;6;63;40,458973;-3,691694;NO;7;22;0;0;0;0;Sí;YES;;;44,150667;0050;063;0050;063;RM063D0050;;;;;;;;
1819;RM063D0051;Centro de trabajo (no administración pública);Privada;Privado;Gestoría ;Al lado del portal 20 las escaleras de la izquierda ;CALLE;SAN GERMÁN;20;28020;Madrid;6;63;40,45652372;-3,694170865;NO;8;15;0;0;0;0;No;NO;;;44,15069458;0051;063;0051;063;RM063D0051;;;;;;;;
3499;RM063D0052;Otro;Privada;Público;FUNDACION ALONSO MARTIN ESCUDERO;FUNDACION ALONSO MARTIN ESCUDERO;AVENIDA;BRASIL;30;28020;Madrid;6;63;40,457814;-3,693003;24 horas;;;;;;;;YES;;;44,150817;0052;063;0052;063;RM063D0052;;;;;;;;
2403;RM063D0053;Otro establecimiento administración pública;Pública;Privado;Agencia tributaria;Entrada de agencia tributaria ;PASEO;CASTELLANA;147;28020;Madrid;6;63;40,4603864;-3,6909929;NO;7;15;0;0;0;0;Sí;YES;;;44,1513793;0053;063;0053;063;RM063D0053;;;;;;;;
2404;RM063D0054;Otro;Privada;Privado;Colonial;Edificio de oficinas Colonial;PASEO;CASTELLANA;163;28046;Madrid;6;63;40,4615567;-3,6910988;NO;7;10;0;0;0;0;No;NO;;;44,1526555;0054;063;0054;063;RM063D0054;;;;;;;;
70;RM061D0055;Hotel, hostal, alojamiento;Privada;Público;Hotel VPSOGNIO Metropolitano ;Hotel VP metropolitano;AVENIDA;REINA VICTORIA;12;28003;Madrid;6;61;40,447104;-3,7058154;24 horas;;;;;;;;YES;;;44,1529194;0055;061;0055;061;RM061D0055;;;;;;;;
1824;RM063D0056;Hotel, hostal, alojamiento;Privada;Público;Aparta hotel ;Al lado de un estudio de tatuajes ;CALLE;ORENSE;69;28020;Madrid;6;63;40,45840111;-3,694709607;24 horas;;;;;;;;YES;;;44,15311072;0056;063;0056;063;RM063D0056;;;;;;;;
2494;RM063D0057;Otro establecimiento administración pública;Pública;Público;Comunidad de Madrid;Juzgado primera instancia;CALLE;ROSARIO PINO;5;28020;Madrid;6;63;40,461981;-3,691332;NO;9;14;0;0;0;0;Sí;YES;;;44,153313;0057;063;0057;063;RM063D0057;;;;;;;;
2497;RM063D0058;Otro establecimiento administración pública;Pública;Público;Comunidad de Madrid;Juzgados de primera instancia planta 2;CALLE;ROSARIO PINO;5;28020;Madrid;6;63;40,461981;-3,691332;NO;9;14;0;0;0;0;Sí;YES;;;44,153313;0058;063;0058;063;RM063D0058;;;;;;;;
2499;RM063D0059;Otro establecimiento administración pública;Pública;Público;Comunidad de Madrid;Juzgados de primera instancia planta 9;CALLE;ROSARIO PINO;5;28020;Madrid;6;63;40,461981;-3,691332;NO;9;14;0;0;0;0;Sí;YES;;;44,153313;0059;063;0059;063;RM063D0059;;;;;;;;
3503;RM063D0060;Hotel, hostal, alojamiento;Privada;Público;LUZE HOTELES;LUZE HOTELES;CALLE;JULIÁN BESTEIRO;37;28020;Madrid;6;63;40,458116;-3,695241;24 horas;;;;;;;;YES;;;44,153357;0060;063;0060;063;RM063D0060;;;;;;;;
3496;RM063D0061;Otro establecimiento administración pública;Pública;Público;Ministerio de Agricultura;AGENCIA DE INFORMACIÓN Y CONTROL ALIMENTARIOS;CALLE;INFANTA MERCEDES;31;28020;Madrid;6;63;40,454599;-3,699039;24 horas;;;;;;;;YES;;;44,153638;0061;063;0061;063;RM063D0061;;;;;;;;
2504;RM063D0062;Centro de trabajo (no administración pública);Privada;Público;Edificio de oficinas varias plantas , varios dueños no nos dan más información ;Edificio de oficinas Orense ,58;CALLE;ORENSE;58;28020;Madrid;6;63;40,459782;-3,693866;24 horas;;;;;;;;YES;;;44,153648;0062;063;0062;063;RM063D0062;;;;;;;;
2479;RM063D0063;Hotel, hostal, alojamiento;Privada;Público;Hotel Melia;Hotel Meliá Castilla;CALLE;POETA JOAN MARAGALL;43;28020;Madrid;6;63;40,461663;-3,692101;24 horas;;;;;;;;YES;;;44,153764;0063;063;0063;063;RM063D0063;;;;;;;;
2595;RM061D0064;Transportes-Metro;Pública;Público;Metro de Madrid;Estación de Metro Alvarado;CALLE;BRAVO MURILLO;135;28020;Madrid;6;61;40,45023925;-3,703599877;NO;6;2;6;2;6;2;No;YES;;;44,15383913;0064;061;0064;061;RM061D0064;;;;;;;;
2487;RM063D0065;Otro establecimiento administración pública;Pública;Público;Comunidad de Madrid;Juzgados de familia ;CALLE;FRANCISCO GERVÁS;10;28020;Madrid;6;63;40,460936;-3,692988;NO;9;14;0;0;0;0;Sí;YES;;;44,153924;0065;063;0065;063;RM063D0065;;;;;;;;
2490;RM063D0066;Otro establecimiento administración pública;Pública;Público;Comunidad de Madrid;Juzgados Familia;CALLE;FRANCISCO GERVÁS;10;28020;Madrid;6;63;40,460936;-3,692988;NO;9;14;0;0;0;0;Sí;YES;;;44,153924;0066;063;0066;063;RM063D0066;;;;;;;;
2586;RM062D0067;Otro establecimiento administración pública;Pública;Privado;Agencia Tributaria;Agencia Tributaria Infanta mercedes ;CALLE;INFANTA MERCEDES;37;28020;Madrid;6;62;40,45571315;-3,698243638;NO;8;20;0;0;0;0;Sí;YES;;;44,15395679;0067;062;0067;062;RM062D0067;;;;;;;;
2503;RM063D0068;Otro establecimiento administración pública;Pública;Público;Comunidad de Madrid;Conserjería de transportes vivienda e infraestructuras;CALLE;ORENSE;60;28020;Madrid;6;63;40,46013;-3,694009;NO;9;19;0;0;0;0;No;NO;;;44,154139;0068;063;0068;063;RM063D0068;;;;;;;;
2564;RM063D0069;Centro de trabajo (no administración pública);Privada;Público;Discovery building;Discovery building planta baja;CALLE;ESTÉBANEZ CALDERÓN;3;28020;Madrid;6;63;40,4634319;-3,6907722;NO;7;22;0;0;0;0;No;NO;;;44,1542041;0069;063;0069;063;RM063D0069;;;;;;;;
2587;RM062D0070;Centro residencial de uso público;Privada;Público;Cruz roja ;Centro mayores Reina sofia ;CALLE;INFANTA MERCEDES;26;28020;Madrid;6;62;40,45553943;-3,698666414;24 horas;;;;;;;;YES;;;44,15420584;0070;062;0070;062;RM062D0070;;;;;;;;
2593;RM062D0071;Otro;Privada;Público;Citadental SL ;Citadental bravo murillo ;CALLE;BRAVO MURILLO;154;28020;Madrid;6;62;40,45137754;-3,703081064;NO;10;20;10;20;0;0;No;NO;;;44,1544586;0071;062;0071;062;RM062D0071;;;;;;;;
2591;RM062D0072;Otro establecimiento administración pública;Pública;Público;INSS;Seguridad social Coruña 25;CALLE;LA CORUÑA;25;28020;Madrid;6;62;40,45528249;-3,699442136;24 horas;;;;;;;;YES;;;44,15472463;0072;062;0072;062;RM062D0072;;;;;;;;
3501;RM063D0073;Centro deportivo;Privada;Público;viva gym;Gimnasio VIVA GYM;CALLE;PENSAMIENTO;26;28020;Madrid;6;63;40,458794;-3,696004;NO;6;23;8;21;8;21;No;NO;;;44,154798;0073;063;0073;063;RM063D0073;;;;;;;;
2589;RM062D0074;Otro establecimiento administración pública;Pública;Privado;Agencia Tributaria ;Agencia tributaria  Lerida ;CALLE;LÉRIDA;32;28020;Madrid;6;62;40,45432989;-3,700540849;NO;8;21;0;0;0;0;Sí;YES;;;44,15487074;0074;062;0074;062;RM062D0074;;;;;;;;
2482;RM063D0075;Hotel, hostal, alojamiento;Privada;Público;C.P apart hotel Meliá castilla;Hotel Meliá Castilla;CALLE;POETA JOAN MARAGALL;43;28020;Madrid;6;63;40,461797;-3,693127;24 horas;;;;;;;;YES;;;44,154924;0075;063;0075;063;RM063D0075;;;;;;;;
2585;RM062D0076;Otro establecimiento administración pública;Pública;Público;Agencia tributaria;Agencia tributaria san enrique;CALLE;SAN ENRIQUE;17;28020;Madrid;6;62;40,45597012;-3,698953927;NO;7;11;0;0;0;0;Sí;YES;;;44,15492405;0076;062;0076;062;RM062D0076;;;;;;;;
3513;RM063D0077;Centro educativo;Pública;Público;CAM;IES Jaime Vera;CALLE;INFANTA MERCEDES;47;28020;Madrid;6;63;40,45701;-3,698089;NO;9;20;0;0;0;0;No;NO;;;44,155099;0077;063;0077;063;RM063D0077;;;;;;;;
3266;RM062D0078;Centro educativo;Pública;Público;Comunidad de Madrid;CEIP Jaime Vera;CALLE;BRAVO MURILLO;162;28020;Madrid;6;62;40,45265;-3,70248;NO;8;17;0;0;0;0;No;NO;;;44,15513;0078;062;0078;062;RM062D0078;;;;;;;;
2590;RM062D0079;Otro;Privada;Público;ONCE;ONCE Coruña 18;CALLE;LA CORUÑA;18;28020;Madrid;6;62;40,45522501;-3,700007637;NO;7;19;10;14;0;0;No;NO;;;44,15523265;0079;062;0079;062;RM062D0079;;;;;;;;
2563;RM063D0080;Centro de trabajo (no administración pública);Privada;Público;SOCIEDAD ESTATAL LOTERÍAS Y APUESTAS DEL ESTADO SA. CENTRO DE SEGURIDAD;SOCIEDAD ESTATAL LOTERÍAS Y APUESTAS DEL ESTADO SA PLANTA BAJA.;CALLE;POETA JOAN MARAGALL;53;28020;Madrid;6;63;40,4635158;-3,6917268;NO;10;20;10;13;0;0;Sí;YES;;;44,1552426;0080;063;0080;063;RM063D0080;;;;;;;;
2402;RM063D0081;Otro establecimiento administración pública;Pública;Público;Juzgados de Plaza de Castilla;Entrada a Juzgados Plaza de Castilla ;PLAZA;CASTILLA;1;28046;Madrid;6;63;40,4652588;-3,6899967;NO;9;14;9;14;9;14;Sí;YES;;;44,1552555;0081;063;0081;063;RM063D0081;;;;;;;;
3514;RM063D0082;Centro educativo;Pública;Público;CAM;CEIP José Ortega y Gasset;CALLE;ORENSE;87;28020;Madrid;6;63;40,461517;-3,694175;NO;9;14;0;0;0;0;No;NO;;;44,155692;0082;063;0082;063;RM063D0082;;;;;;;;
2566;RM063D0083;Otro establecimiento administración pública;Pública;Público;Juzgados;Juzgados de Primera Instancia;CALLE;POETA JOAN MARAGALL;66;28020;Madrid;6;63;40,4643816;-3,6913751;NO;8;14;0;0;0;0;Sí;YES;;;44,1557567;0083;063;0083;063;RM063D0083;;;;;;;;
1343;RM064D0084;Transportes-Intercambiador uso mixto;Pública;Público;Comunidad de Madrid;Intercambiador Plaza Castilla;PASEO;CASTELLANA;S/N;28046;Madrid;6;64;40,467116;-3,6887576;NO;6;1;6;1;6;1;No;YES;;;44,1558736;0084;064;0084;064;RM064D0084;;;;;;;;
2583;RM062D0085;Centro comercial;Privada;Público;Mercado de San Enrique ;Mercado San Enrique ;CALLE;SAN ENRIQUE;16;28020;Madrid;6;62;40,4560237;-3,700055077;NO;9;21;9;21;0;0;No;NO;;;44,15607878;0085;062;0085;062;RM062D0085;;;;;;;;
2584;RM062D0086;Centro de trabajo (no administración pública);Privada;Privado;Orbis;Orbis;CALLE;LÉRIDA;61;28020;Madrid;6;62;40,45638688;-3,700055077;NO;7;15;0;0;0;0;Sí;NO;NOT VALID;it was RM062D0086;44,15644196;0086;062;0086;062;RM062D0086;;;;;;;;
2588;RM062D0087;Centro de trabajo (no administración pública);Pública;Público;Fundación monte madrid;Fundación monte madrid;CALLE;MERCEDES;2;28020;Madrid;6;62;40,45441925;-3,702145698;NO;9;21;0;0;0;0;No;NO;;;44,15656495;0087;062;0087;062;RM062D0087;;;;;;;;
2594;RM061D0088;Transportes-Metro;Pública;Público;Metro de Madrid;Estación de Metro Estrecho;CALLE;BRAVO MURILLO;181;28020;Madrid;6;61;40,45362078;-3,703080859;NO;6;2;6;2;6;2;No;YES;;;44,15670164;0088;061;0088;061;RM061D0088;;;;;;;;
2664;RM064D0089;Centro de trabajo (no administración pública);Privada;Privado;Empresas;Torre Kio Oeste Caixabank;PASEO;CASTELLANA;189;28046;Madrid;6;64;40,4670262;-3,6901097;NO;6;22;0;0;0;0;No;NO;;;44,1571359;0089;064;0089;064;RM064D0089;;;;;;;;
1141;RM061D0090;Otro establecimiento administración pública;Pública;Público;centro de mayores Tetuán;CENTRO DE MAYORES TETUÁN;CALLE;CAROLINAS;33;28039;Madrid;6;61;40,451096;-3,706404;NO;9;20;0;0;0;0;No;NO;;;44,1575;0090;061;0090;061;RM061D0090;;;;;;;;
2666;RM064D0091;Hotel, hostal, alojamiento;Privada;Público;Hotel Exe Plaza;Hotel Exe Plaza Recepción;PASEO;CASTELLANA;191;28029;Madrid;6;64;40,4674899;-3,6900621;24 horas;;;;;;;;YES;;;44,157552;0091;064;0091;064;RM064D0091;;;;;;;;
1804;RM063D0092;Hotel, hostal, alojamiento;Privada;Público;Apartamentos ;Aparta hotel ;CALLE;FRANCISCO MEDRANO;4;28020;Madrid;6;63;40,45870733;-3,699206386;NO;9;17;0;0;0;0;No;NO;;;44,15791372;0092;063;0092;063;RM063D0092;;;;;;;;
2568;RM063D0093;Centro deportivo;Pública;Público;Centro deportivo municipal;CDM. Triángulo de oro.;CALLE;BRAVO MURILLO;376;28020;Madrid;6;63;40,4651659;-3,6928114;NO;9;21;9;15;9;15;No;NO;;;44,1579773;0093;063;0093;063;RM063D0093;;;;;;;;
2582;RM062D0094;Centro comercial;Privada;Público;C&A;C&A Bravo Murillo;CALLE;BRAVO MURILLO;202;28020;Madrid;6;62;40,456623;-3,701973;NO;10;21;10;21;11;21;No;NO;;;44,158596;0094;062;0094;062;RM062D0094;;;;;;;;
1347;RM064D0095;Centro educativo;Privada;Público;Colegio Ntra Sra. del Pilar Salesianas;Colegio Ntra Sra. del Pilar Salesianas;CALLE;SAN BENITO;6;28029;Madrid;6;64;40,46845156;-3,690282083;NO;8;21;0;0;0;0;No;NO;;;44,15873364;0095;064;0095;064;RM064D0095;;;;;;;;
3444;RM066D0096;Transportes-Metro;Pública;Público;Comunidad de Madrid;Estación de Metro Tetuán;CALLE;BRAVO MURILLO;269;28020;Madrid;6;66;40,459854;-3,699243;NO;6;2;6;2;6;2;No;YES;;;44,159097;0096;066;0096;066;RM066D0096;;;;;;;;
3502;RM066D0097;Transportes-Metro;Pública;Público;Comunidad de Madrid;Estación Metro Tetuan;CALLE;BRAVO MURILLO;269;28020;Madrid;6;66;40,459858;-3,699245;NO;6;1;6;1;6;1;No;NO;;;44,159103;0097;066;0097;066;RM066D0097;;;;;;;;
1331;RM064D0098;Centro de trabajo (no administración pública);Privada;Público;CABEL;CABEL CLIMATIZACIÓN;CALLE;ANTONIO GONZÁLEZ ECHARTE;1;28029;Madrid;6;64;40,4670678;-3,6922317;NO;9;14;0;0;0;0;No;NO;;;44,1592995;0098;064;0098;064;RM064D0098;;;;;;;;
1144;RM061D0099;Centro educativo;Privada;Público;Salesianos estrecho;salesianos estrecho;CALLE;FRANCOS RODRÍGUEZ;5;28039;Madrid;6;61;40,455513;-3,704206;NO;8;21;0;0;0;0;No;NO;;;44,159719;0099;061;0099;061;RM061D0099;;;;;;;;
1337;RM064D0100;Otro establecimiento administración pública;Pública;Público;Metro de Madrid;Metro-Edificio;AVENIDA;ASTURIAS;4;28029;Madrid;6;64;40,4675585;-3,6921693;NO;6;8;0;0;0;0;No;NO;NOT VALID-DUPLICATED;it was RM064D0100 iqual to RM064D0101;44,1597278;0100;064;0100;064;RM064D0100;;;;;;;;
1341;RM064D0101;Otro establecimiento administración pública;Pública;Público;Metro de Madrid;Metro-Edificio;AVENIDA;ASTURIAS;4;28029;Madrid;6;64;40,4675585;-3,6921693;NO;6;20;0;0;0;0;No;NO;;;44,1597278;0101;064;0101;064;RM064D0101;;;;;;;;
2571;RM063D0102;Transportes-Metro;Pública;Público;Metro de Madrid;Estación de Metro Valdeacederas;CALLE;BRAVO MURILLO;324;28020;Madrid;6;63;40,4640808;-3,6957709;NO;6;2;6;2;6;2;No;YES;;;44,1598517;0102;063;0102;063;RM063D0102;;;;;;;;
1423;RM064D0103;Centro educativo;Pública;Público;Comunidad de Madrid;Colegio Público Pio XII;CALLE;DELFÍN;2;28029;Madrid;6;64;40,4669732;-3,6933653;NO;9;15;0;0;0;0;No;NO;;;44,1603385;0103;064;0103;064;RM064D0103;;;;;;;;
2701;RM064D0104;Otro establecimiento administración pública;Pública;Público;Ministerio de Defensa;Ministerio de defensa Complejo Castellana 233;PASEO;CASTELLANA;233;28046;Madrid;6;64;40,4724249;-3,6882207;NO;8;15;0;0;0;0;Sí;YES;;;44,1606456;0104;064;0104;064;RM064D0104;;;;;;;;
1469;RM065D0105;Centro educativo;Pública;Público;conservatorio joaquin turina;conservatorio joaquin turina;CALLE;CEUTA;18;28039;Madrid;6;65;40,46218;-3,698665;NO;9;21;0;0;0;0;No;NO;;;44,160845;0105;065;0105;065;RM065D0105;;;;;;;;
1431;RM066D0106;Otro establecimiento administración pública;Pública;Privado;UTE DEVAS;UTE DEVAS;CALLE;DOLORES;14;28039;Madrid;6;66;40,458793;-3,702633;NO;9;21;9;15;0;0;No;NO;;;44,161426;0106;066;0106;066;RM066D0106;;;;;;;;
1426;RM066D0107;Centro deportivo;Pública;Público;Ayuntamiento de Madrid;CDM PLAYA VICTORIA;CALLE;HIERBABUENA;2;28039;Madrid;6;66;40,459373;-3,702195;NO;8;22;9;15;9;15;No;NO;;;44,161568;0107;066;0107;066;RM066D0107;;;;;;;;
1332;RM064D0108;Centro educativo;Privada;Público;Fundación Montemadrid;Centro Formación Padre Piquer;CALLE;MÁRTIRES DE LA VENTILLA;34;28029;Madrid;6;64;40,4708323;-3,6911521;NO;8;21;0;0;0;0;No;NO;;;44,1619844;0108;064;0108;064;RM064D0108;;;;;;;;
1462;RM065D0109;Centro educativo;Pública;Público;instituto nuestra señora de la almudena;instituto nuestra señora de la almudena;PLAZA;REMONTA;17;28039;Madrid;6;65;40,464097;-3,698349;NO;8;21;0;0;0;0;No;NO;;;44,162446;0109;065;0109;065;RM065D0109;;;;;;;;
1456;RM065D0110;Centro educativo;Pública;Público;COLEGIO LAS VICTORIAS;COLEGIO LAS VICTORIAS;CALLE;MULLER;25;28039;Madrid;6;65;40,464033;-3,699241;NO;9;16;0;0;0;0;No;NO;;;44,163274;0110;065;0110;065;RM065D0110;;;;;;;;
1146;RM061D0111;Centro educativo;Pública;Público;colegio doctor federico rubio;colegio doctor federico rubio;AVENIDA;DOCTOR FEDERICO RUBIO Y GALÍ;53;28039;Madrid;6;61;40,45249;-3,711171;NO;9;16;0;0;0;0;No;NO;;;44,163661;0111;061;0111;061;RM061D0111;;;;;;;;
1339;RM064D0112;Centro de trabajo (no administración pública);Privada;Público;Comisión Española de Ayuda al Refugiado;CEAR AYUDA AL REFUGIADO;AVENIDA;ASTURIAS;33;28029;Madrid;6;64;40,4688174;-3,6951593;NO;8;15;0;0;0;0;No;NO;;;44,1639767;0112;064;0112;064;RM064D0112;;;;;;;;
1333;RM064D0113;Otro establecimiento administración pública;Pública;Público;Comunidad de Madrid;Dirección General Vivienda, Transpotes e Infraestructuras;AVENIDA;ASTURIAS;28;28029;Madrid;6;64;40,4692494;-3,6948938;NO;9;17;0;0;0;0;No;NO;;;44,1641432;0113;064;0113;064;RM064D0113;;;;;;;;
1348;RM064D0114;Otro establecimiento administración pública;Pública;Público;Comunidad de Madrid;Agencia de Vivienda Social;CALLE;EMILIA;12;28029;Madrid;6;64;40,46970322;-3,694590136;NO;9;14;0;0;0;0;No;NO;;;44,16429336;0114;064;0114;064;RM064D0114;;;;;;;;
1334;RM064D0115;Otro;Privada;Público;Fundación Esclerosis Múltiple;Fundación Esclerosis Múltiple;AVENIDA;ASTURIAS;35;28029;Madrid;6;64;40,4690572;-3,6954306;NO;9;21;0;0;0;0;No;NO;;;44,1644878;0115;064;0115;064;RM064D0115;;;;;;;;
1429;RM066D0116;Centro educativo;Privada;Público;COLEGIO MARIA AUXILIADORA;COLEGIO MARIA AUXILIADORA;CALLE;VILLAAMIL;18;28039;Madrid;6;66;40,458302;-3,706514;NO;8;17;0;0;0;0;No;NO;;;44,164816;0116;066;0116;066;RM066D0116;;;;;;;;
1452;RM065D0117;Otro establecimiento administración pública;Pública;Público;centro ocupacional;centro ocupacional las victorias Afanias;CALLE;FRAY JUNÍPERO SERRA;27;28039;Madrid;6;65;40,464471;-3,700387;NO;9;16;0;0;0;0;No;NO;;;44,164858;0117;065;0117;065;RM065D0117;;;;;;;;
1336;RM064D0118;Transportes-Metro;Pública;Público;Metro de Madrid;Estación de Metro Ventilla;AVENIDA;ASTURIAS;39;28029;Madrid;6;64;40,469431;-3,6957702;NO;6;2;6;2;6;2;No;YES;;;44,1652012;0118;064;0118;064;RM064D0118;;;;;;;;
1418;RM065D0119;Centro educativo;Pública;Público;Comunidad de Madrid;Centro Educación Personas Adultas Tetuán;CALLE;PINOS ALTA;63;28029;Madrid;6;65;40,468047;-3,6981282;NO;9;21;0;0;0;0;No;NO;;;44,1661752;0119;065;0119;065;RM065D0119;;;;;;;;
1470;RM065D0120;Centro educativo;Pública;Público;colegio juan ramon jimenez;colegio juan ramon jimenez;CALLE;MARQUÉS DE VIANA;58;28039;Madrid;6;65;40,463228;-3,703047;NO;9;15;0;0;0;0;No;NO;;;44,166275;0120;065;0120;065;RM065D0120;;;;;;;;
1346;RM064D0121;Centro deportivo;Pública;Público;Ayuntamiento de Madrid;CDM Antonio Díaz Miguel;CALLE;JOAQUÍN DICENTA;1;28029;Madrid;6;64;40,4711572;-3,69532216;NO;7;23;9;20;9;20;No;NO;;;44,16647936;0121;064;0121;064;RM064D0121;;;;;;;;
3054;RM064D0122;Otro establecimiento administración pública;Pública;Privado;Bomberos de Madrid;PARQUE 4 DE BOMBEROS;CALLE;MONTOYA;8;28029;Madrid;6;64;40,46877602;-3,698059357;24 horas;;;;;;;;YES;;;44,16683538;0122;064;0122;064;RM064D0122;;;;;;;;
1345;RM064D0123;Centro residencial de uso público;Privada;Público;ALBERTIA SERVICIOS SOCIOSANITARIOS;RESIDENCIA Y CENTRO DE DÍA ISABEL LA CATÓLICA;CALLE;JOAQUÍN DICENTA;27;28029;Madrid;6;64;40,472078;-3,6949022;24 horas;;;;;;;;YES;;;44,1669802;0123;064;0123;064;RM064D0123;;;;;;;;
1145;RM061D0124;Centro educativo;Pública;Público;colegio zuloaga;colegio zuloaga;CALLE;ALEJANDRO RODRÍGUEZ;34;28039;Madrid;6;61;40,45622;-3,711347;NO;8;17;0;0;0;0;No;NO;;;44,167567;0124;061;0124;061;RM061D0124;;;;;;;;
1421;RM064D0125;Centro educativo;Pública;Público;Comunidad de Madrid;IES Tetúan de las Victorias;CALLE;VÍA LÍMITE;14;28029;Madrid;6;64;40,4728847;-3,6974127;NO;9;14;0;0;0;0;No;NO;;;44,1702974;0125;064;0125;064;RM064D0125;;;;;;;;
1420;RM064D0126;Centro educativo;Pública;Público;Comunidad de Madrid;Colegio Público Felipe II;AVENIDA;ASTURIAS;70;28029;Madrid;6;64;40,4728811;-3,6995431;NO;9;16;10;14;0;0;No;NO;;;44,1724242;0126;064;0126;064;RM064D0126;;;;;;;;
516;RM074D0001;Centro de trabajo (no administración pública);Privada;Privado;Mutua Madrileña;Torres de Colon;PLAZA;COLÓN;2;28046;Madrid;7;74;40,42571;-3,6908899;24 horas;;;;;;;;YES;;;44,1165999;0001;074;0001;074;RM074D0001;;;;;;;;
1753;RM074D0002;Centro de trabajo (no administración pública);Privada;Público;CREDIT AGRICOLE;CASTELLANA 1;PASEO;CASTELLANA;1;28046;Madrid;7;74;40,4259727;-3,6907173;24 horas;;;;;;;;YES;;;44,11669;0002;074;0002;074;RM074D0002;;;;;;;;
1749;RM074D0003;Centro de trabajo (no administración pública);Privada;Público;EUROFUND;Castellana 13;PASEO;CASTELLANA;13;28046;Madrid;7;74;40,4279185;-3,6901812;24 horas;;;;;;;;YES;;;44,1180997;0003;074;0003;074;RM074D0003;;;;;;;;
3028;RM074D0004;Centro de trabajo (no administración pública);Privada;Privado;OFICINA CERO GENERATION;OFICINA CERO GENERATION;CALLE;GÉNOVA;27;28004;Madrid;7;74;40,426004;-3,692169;NO;8;20;0;0;0;0;No;NO;;;44,118173;0004;074;0004;074;RM074D0004;;;;;;;;
3025;RM074D0005;Centro de trabajo (no administración pública);Privada;Privado;EDIFICIO GMP;EDIFICIO GMP;CALLE;GÉNOVA;27;28004;Madrid;7;74;40,42593;-3,69234;NO;8;20;0;0;0;0;No;NO;;;44,11827;0005;074;0005;074;RM074D0005;;;;;;;;
3174;RM074D0006;Restaurante o similar;Privada;Público;BAR TOMATE;BAR TOMATE;CALLE;FERNANDO EL SANTO;26;28010;Madrid;7;74;40,427993;-3,690556;NO;20;1;20;2;23;1;No;NO;;;44,118549;0006;074;0006;074;RM074D0006;;;;;;;;
3166;RM074D0007;Otro establecimiento administración pública;Pública;Público;Comunidad de Madrid;OFICINA COMUNIDAD DE MADRID ALCALA GALIANO;CALLE;ALCALÁ GALIANO;4;28010;Madrid;7;74;40,42674;-3,691813;NO;9;14;0;0;0;0;No;NO;;;44,118553;0007;074;0007;074;RM074D0007;;;;;;;;
1745;RM074D0008;Centro de trabajo (no administración pública);Privada;Privado;ETERNA ASEGURADORA ;Castellana 21;PASEO;CASTELLANA;21;28046;Madrid;7;74;40,42886988;-3,69014978;24 horas;;;;;;;;YES;;;44,11901966;0008;074;0008;074;RM074D0008;;;;;;;;
3175;RM074D0009;Centro de trabajo (no administración pública);Privada;Público;Desconocido;EDIFICIO FORTUNY 5;CALLE;FORTUNY;5;28010;Madrid;7;74;40,429125;-3,69097;NO;9;20;0;0;0;0;No;NO;;;44,120095;0009;074;0009;074;RM074D0009;;;;;;;;
3026;RM074D0010;Centro de trabajo (no administración pública);Privada;Privado;CAIXA;CAIXA;CALLE;GÉNOVA;17;28004;Madrid;7;74;40,4267;-3,69352;NO;6;22;0;0;0;0;No;NO;;;44,12022;0010;074;0010;074;RM074D0010;;;;;;;;
3156;RM074D0011;Centro de trabajo (no administración pública);Privada;Privado;FEVER EVENTOS;OFICINAS FEVER EVENTOS;CALLE;FERNANDO EL SANTO;16;28010;Madrid;7;74;40,42808;-3,69243;NO;9;17;0;0;0;0;Sí;YES;;;44,12051;0011;074;0011;074;RM074D0011;;;;;;;;
1744;RM074D0012;Centro de trabajo (no administración pública);Privada;Público;Banco Bankinter;Banco Bankinter;PASEO;CASTELLANA;29;28046;Madrid;7;74;40,4306657;-3,6898717;24 horas;;;;;;;;YES;;;44,1205374;0012;074;0012;074;RM074D0012;;;;;;;;
3158;RM074D0013;Centro educativo;Privada;Público;INSTITUTO GOETHE;INSTITUTO GOETHE;CALLE;ZURBARÁN;21;28010;Madrid;7;74;40,429585;-3,691365;NO;9;21;10;14;0;0;No;NO;;;44,12095;0013;074;0013;074;RM074D0013;;;;;;;;
1743;RM074D0014;Centro de trabajo (no administración pública);Privada;Público;JPMORGAN CHASE BANK NA SUCURSAL EN ESPAÑA ;JP Morgan;PASEO;CASTELLANA;31;28046;Madrid;7;74;40,43139436;-3,689821903;24 horas;;;;;;;;YES;;;44,12121626;0014;074;0014;074;RM074D0014;;;;;;;;
3159;RM074D0015;Centro de trabajo (no administración pública);Privada;Privado;DEUTSCHE PFANDBRIEFBANK AG ;OFICINAS DEUTSCHE PFANDBRIEFBANK AG ;CALLE;MONTE ESQUINZA;30;28010;Madrid;7;74;40,429313;-3,691905;NO;9;17;0;0;0;0;No;NO;;;44,121218;0015;074;0015;074;RM074D0015;;;;;;;;
1742;RM074D0016;Centro de trabajo (no administración pública);Privada;Público;Mutua Madrileña;Mutua Madrileña;PASEO;CASTELLANA;31;28046;Madrid;7;74;40,43140337;-3,689821995;24 horas;;;;;;;;YES;;;44,12122537;0016;074;0016;074;RM074D0016;;;;;;;;
3157;RM074D0017;Otro establecimiento administración pública;Pública;Público;Ministerio de Fomento;Ministerio de Fomento;CALLE;ZURBANO;7;28010;Madrid;7;74;40,427865;-3,693888;NO;9;17;0;0;0;0;No;NO;;;44,121753;0017;074;0017;074;RM074D0017;;;;;;;;
1740;RM074D0018;Centro de trabajo (no administración pública);Privada;Público;Mutua Madrileña;MUTUA MADRILEÑA DEL AUTOMOVILISTA presidencia;PASEO;CASTELLANA;33;28046;Madrid;7;74;40,43275942;-3,689034149;24 horas;;;;;;;;YES;;;44,12179357;0018;074;0018;074;RM074D0018;;;;;;;;
1741;RM074D0019;Centro de trabajo (no administración pública);Privada;Público;Mutua Madrileña;PLANTA BAJA JUNTO A RECEPCIÓN MUTUA MADRILEÑA AUTOMOVILISTA;PASEO;CASTELLANA;33;28046;Madrid;7;74;40,43275942;-3,689034149;24 horas;;;;;;;;YES;;;44,12179357;0019;074;0019;074;RM074D0019;;;;;;;;
3173;RM074D0020;Centro de trabajo (no administración pública);Privada;Público;LUXURY RENTALS;LUXURY RENTALS;CALLE;FERNANDO EL SANTO;7;28010;Madrid;7;74;40,428264;-3,69394;NO;10;19;0;0;0;0;No;NO;;;44,122204;0020;074;0020;074;RM074D0020;;;;;;;;
3150;RM074D0021;Centro de trabajo (no administración pública);Privada;Público;Mutua Madrileña;OFICINAS MUTUA MADRILEÑA DEL AUTOMOVILISTA;CALLE;FORTUNY;20;28010;Madrid;7;74;40,432415;-3,69019;NO;9;19;0;0;0;0;No;NO;;;44,122605;0021;074;0021;074;RM074D0021;;;;;;;;
1739;RM074D0022;Restaurante o similar;Privada;Público;LUZI BOMBOM ;Restaurante;PASEO;CASTELLANA;35;28046;Madrid;7;74;40,43375936;-3,689044356;24 horas;;;;;;;;YES;;;44,12280372;0022;074;0022;074;RM074D0022;;;;;;;;
3169;RM074D0023;Centro de trabajo (no administración pública);Privada;Público;RAMON Y CAJAL ABOGADOS;RAMON Y CAJAL ABOGADOS;CALLE;ALMAGRO;18;28010;Madrid;7;74;40,429017;-3,694041;NO;9;21;0;0;0;0;No;NO;;;44,123058;0023;074;0023;074;RM074D0023;;;;;;;;
3171;RM074D0024;Centro de trabajo (no administración pública);Privada;Público;RAMON Y CAJAL ABOGADOS;RAMON Y CAJAL ABOGADOS;CALLE;ALMAGRO;18;28010;Madrid;7;74;40,429017;-3,694041;NO;9;21;0;0;0;0;No;NO;;;44,123058;0024;074;0024;074;RM074D0024;;;;;;;;
3139;RM074D0025;Centro de trabajo (no administración pública);Privada;Público;PORTOBELLO CAPITAL;PORTOBELLO CAPITAL;CALLE;ALMAGRO;36;28010;Madrid;7;74;40,431029;-3,69214;NO;9;17;0;0;0;0;No;NO;;;44,123169;0025;074;0025;074;RM074D0025;;;;;;;;
3138;RM074D0026;Centro educativo;Privada;Público;COLEGIO OFICIAL INGENIEROS CAMINOS, CANALES Y PUERTOS;COLEGIO OFICIAL INGENIEROS CAMINOS, CANALES Y PUERTOS;CALLE;ALMAGRO;42;28010;Madrid;7;74;40,432071;-3,691308;NO;9;17;0;0;0;0;No;NO;;;44,123379;0026;074;0026;074;RM074D0026;;;;;;;;
3155;RM074D0027;Centro de trabajo (no administración pública);Privada;Privado;ABOGADOS CUATRECASAS;OFICINAS CUATRECASAS;CALLE;ALMAGRO;9;28010;Madrid;7;74;40,42972;-3,693708;NO;9;14;0;0;0;0;No;NO;;;44,123428;0027;074;0027;074;RM074D0027;;;;;;;;
3167;RM074D0028;Centro educativo;Privada;Público;UNIVERSIDAD CAMILO JOSE CELA;ESCUELA DE POSTGRADO UNIVERSIDAD CAMILO JOSE CELA;CALLE;ALMAGRO;5;28010;Madrid;7;74;40,428511;-3,694977;NO;10;17;0;0;0;0;No;NO;;;44,123488;0028;074;0028;074;RM074D0028;;;;;;;;
3172;RM074D0029;Centro de trabajo (no administración pública);Privada;Privado;BOLLO FRUIT;OFICINAS BOLLO NATURAL FRUIT;CALLE;ALMAGRO;3;28010;Madrid;7;74;40,428358;-3,69514;NO;9;18;0;0;0;0;No;NO;;;44,123498;0029;074;0029;074;RM074D0029;;;;;;;;
3141;RM074D0030;Centro de trabajo (no administración pública);Privada;Privado;NAZCA CAPITAL;OFICINA NAZCA CAPITAL;CALLE;ALMAGRO;23;28010;Madrid;7;74;40,431243;-3,692484;NO;9;17;0;0;0;0;No;NO;;;44,123727;0030;074;0030;074;RM074D0030;;;;;;;;
3153;RM074D0031;Centro educativo;Pública;Público;Comunidad de Madrid;I.E.S. FORTUNY;CALLE;FORTUNY;24;28010;Madrid;7;74;40,433738;-3,689994;NO;8;15;0;0;0;0;No;NO;;;44,123732;0031;074;0031;074;RM074D0031;;;;;;;;
1738;RM074D0032;Centro de trabajo (no administración pública);Privada;Privado;ABERTIS INFRAESTRUCTURAS ;DLA PIPER;PASEO;CASTELLANA;39;28046;Madrid;7;74;40,4344875;-3,68931117;24 horas;;;;;;;;YES;;;44,12379867;0032;074;0032;074;RM074D0032;;;;;;;;
3042;RM073D0033;Hotel, hostal, alojamiento;Privada;Público;HOTEL SARDINERO;HOTEL SARDINERO;PLAZA;ALONSO MARTÍNEZ;3;28004;Madrid;7;73;40,428101;-3,695994;24 horas;;;;;;;;YES;;;44,124095;0033;073;0033;073;RM073D0033;;;;;;;;
3127;RM074D0034;Transportes-Metro;Pública;Público;Metro de Madrid;Estación de Metro Rubén Darío;GLORIETA;RUBÉN DARÍO;3;28010;Madrid;7;74;40,433187;-3,690995;NO;6;2;6;2;6;2;No;YES;;;44,124182;0034;074;0034;074;RM074D0034;;;;;;;;
3124;RM074D0035;Hotel, hostal, alojamiento;Privada;Público;HOTEL SANTO MAURO;HOTEL SANTO MAURO;CALLE;ZURBANO;36;28010;Madrid;7;74;40,431013;-3,693178;24 horas;;;;;;;;YES;;;44,124191;0035;074;0035;074;RM074D0035;;;;;;;;
1737;RM074D0036;Centro de trabajo (no administración pública);Privada;Público;HERMANOS REVILLA S.A.;Hall principal HERMANOS REVILLA S.A.;PASEO;CASTELLANA;41;28046;Madrid;7;74;40,43493715;-3,689445453;NO;0;0;0;0;0;0;No;NO;;;44,1243826;0036;074;0036;074;RM074D0036;;;;;;;;
3140;RM074D0037;Otro establecimiento administración pública;Pública;Público;GOBIERNO DE ESPAÑA;MINISTERIO DE AGRICULTURA, PESCA Y ALIMENTACIÓN;CALLE;ALMAGRO;33;28010;Madrid;7;74;40,432653;-3,691744;24 horas;;;;;;;;YES;;;44,124397;0037;074;0037;074;RM074D0037;;;;;;;;
3036;RM073D0038;Viviendas;Privada;Privado;COMUNIDAD DE PROPIETARIOS, CALLE SAGASTA, 31;COMUNIDAD DE PROPIETARIOS, CALLE SAGASTA, 31;CALLE;SAGASTA;31;28004;Madrid;7;73;40,428022;-3,696917;NO;9;20;0;0;0;0;No;NO;;;44,124939;0038;073;0038;073;RM073D0038;;;;;;;;
3163;RM073D0039;Hotel, hostal, alojamiento;Privada;Público;MINOR HOTELS;HOTEL AVANI ALONSO MARTINEZ;CALLE;SANTA ENGRACIA;5;28010;Madrid;7;73;40,428736;-3,696207;24 horas;;;;;;;;YES;;;44,124943;0039;073;0039;073;RM073D0039;;;;;;;;
2182;RM074D0040;Centro de trabajo (no administración pública);Privada;Público;Edificio Wework;Edificio Wework;PASEO;CASTELLANA;43;28046;Madrid;7;74;40,43555789;-3,689593277;NO;9;18;0;0;0;0;No;NO;;;44,12515117;0040;074;0040;074;RM074D0040;;;;;;;;
3164;RM073D0041;Otro establecimiento administración pública;Pública;Público;MINISTERIO POLITICA TERRITORIAL Y MEMORIA DEMOCRATICA;MINISTERIO POLITICA TERRITORIAL Y MEMORIA DEMOCRATICA;CALLE;SANTA ENGRACIA;7;28010;Madrid;7;73;40,428943;-3,696299;NO;9;14;0;0;0;0;No;NO;;;44,125242;0041;073;0041;073;RM073D0041;;;;;;;;
3133;RM074D0042;Centro de trabajo (no administración pública);Privada;Público;SINDICATO COMISIONES OBRERAS;OFICINAS SINDICATO CCOO;CALLE;FERNÁNDEZ DE LA HOZ;12;28010;Madrid;7;74;40,430522;-3,695103;NO;9;17;0;0;0;0;No;NO;;;44,125625;0042;074;0042;074;RM074D0042;;;;;;;;
3142;RM074D0043;Otro;Privada;Público;Desconocido;GARAJE MIGUEL ANGEL 7;CALLE;MIGUEL ÁNGEL;7;28010;Madrid;7;74;40,434465;-3,691397;NO;8;20;8;20;8;20;No;NO;;;44,125862;0043;074;0043;074;RM074D0043;;;;;;;;
3176;RM073D0044;Otro establecimiento administración pública;Pública;Público;GOBIERNO DE ESPAÑA;MINISTERIO DE POLITICA TERRITORIAL;CALLE;JOSÉ MARAÑÓN;12;28010;Madrid;7;73;40,429128;-3,696847;NO;9;20;0;0;0;0;No;NO;;;44,125975;0044;073;0044;073;RM073D0044;;;;;;;;
3143;RM074D0045;Centro de trabajo (no administración pública);Privada;Público;ASSISA;OFICINAS ASSISA CALLE MIGUEL ANGEL;CALLE;MIGUEL ÁNGEL;9;28010;Madrid;7;74;40,434793;-3,691379;NO;9;14;0;0;0;0;No;NO;;;44,126172;0045;074;0045;074;RM074D0045;;;;;;;;
2009;RM074D0046;Hotel, hostal, alojamiento;Privada;Público;Hotel intercontinental ;Recepción hotel intercontinental ;PASEO;CASTELLANA;49;28046;Madrid;7;74;40,43638336;-3,690155859;24 horas;;;;;;;;YES;;;44,12653922;0046;074;0046;074;RM074D0046;;;;;;;;
3125;RM074D0047;Centro de trabajo (no administración pública);Privada;Privado;AZUAGA SEGUROS;AZUAGA SEGUROS;CALLE;ZURBANO;46;28010;Madrid;7;74;40,433545;-3,693145;NO;8;19;0;0;0;0;No;NO;;;44,12669;0047;074;0047;074;RM074D0047;;;;;;;;
153;RM074D0048;Centro de trabajo (no administración pública);Privada;Privado;Prallariz;Prallariz;CALLE;MIGUEL ÁNGEL;11;28010;Madrid;7;74;40,4354818;-3,6913506;NO;7;23;0;0;0;0;No;NO;;;44,1268324;0048;074;0048;074;RM074D0048;;;;;;;;
142;RM074D0049;Centro de trabajo (no administración pública);Privada;Público;ASISA;ASiSa;PASEO;GENERAL MARTÍNEZ CAMPOS;46;28010;Madrid;7;74;40,4351107;-3,6918287;NO;7;21;7;15;0;0;No;NO;;;44,1269394;0049;074;0049;074;RM074D0049;;;;;;;;
3148;RM074D0050;Otro;Privada;Privado;REAL ASOCIACION HIDALGOS DE ESPAÑA;REAL ASOCIACION HIDALGOS DE ESPAÑA;CALLE;GENERAL ARRANDO;13;28010;Madrid;7;74;40,431776;-3,695173;NO;8;15;0;0;0;0;No;NO;;;44,126949;0050;074;0050;074;RM074D0050;;;;;;;;
3154;RM073D0051;Centro educativo;Pública;Público;Comunidad de Madrid;I.E.S.SANTA ENGRACIA;CALLE;NICASIO GALLEGO;21;28010;Madrid;7;73;40,429682;-3,697393;NO;10;18;0;0;0;0;No;NO;;;44,127075;0051;073;0051;073;RM073D0051;;;;;;;;
143;RM074D0052;Centro de trabajo (no administración pública);Privada;Privado;EMEIS;EMEIS;PASEO;GENERAL MARTÍNEZ CAMPOS;46;28010;Madrid;7;74;40,4352488;-3,6918726;NO;7;21;7;15;0;0;No;NO;;;44,1271214;0052;074;0052;074;RM074D0052;;;;;;;;
3152;RM073D0053;Otro establecimiento administración pública;Pública;Público;FISCALÍA ESPECIAL CONTRA CORRUPCIÓN Y CRIMINALIDAD ORGANIZADA ;FISCALÍA ESPECIAL CONTRA CORRUPCIÓN Y CRIMINALIDAD ORGANIZADA ;CALLE;MANUEL SILVELA;4;28010;Madrid;7;73;40,428822;-3,6983;NO;9;14;0;0;0;0;No;NO;;;44,127122;0053;073;0053;073;RM073D0053;;;;;;;;
169;RM074D0054;Otro establecimiento administración pública;Pública;Público;Ministerio de Política Territorial y Memoria Democratica;Ministerio de Política Territorial y Memoria Democrática ;CALLE;MIGUEL ÁNGEL;21;28010;Madrid;7;74;40,4360435;-3,6913784;24 horas;;;;;;;;YES;;;44,1274219;0054;074;0054;074;RM074D0054;;;;;;;;
154;RM074D0055;Centro de trabajo (no administración pública);Privada;Privado;McKinsey & Company;McKinsey & Company;CALLE;MIGUEL ÁNGEL;23;28010;Madrid;7;74;40,4362341;-3,6913754;24 horas;;;;;;;;YES;;;44,1276095;0055;074;0055;074;RM074D0055;;;;;;;;
147;RM074D0056;Otro establecimiento administración pública;Pública;Público;Museo Sorolla;Museo Sorolla;PASEO;GENERAL MARTÍNEZ CAMPOS;37;28010;Madrid;7;74;40,4352603;-3,6924798;Closed;;;;;;;;NO;;;44,1277401;0056;074;0056;074;RM074D0056;;;;;;;;
164;RM074D0057;Otro establecimiento administración pública;Pública;Público;Delegación del Gobierno ;Delegación del Gobierno;CALLE;MIGUEL ÁNGEL;25;28010;Madrid;7;74;40,4366934;-3,6910478;24 horas;;;;;;;;YES;;;44,1277412;0057;074;0057;074;RM074D0057;;;;;;;;
3149;RM074D0058;Centro de trabajo (no administración pública);Privada;Privado;ASEFARMA GESTION S.L.;OFICINAS ASEFARMA GESTION;CALLE;GENERAL ARRANDO;9;28010;Madrid;7;74;40,431775;-3,695967;NO;8;20;0;0;0;0;No;NO;;;44,127742;0058;074;0058;074;RM074D0058;;;;;;;;
3151;RM074D0059;Centro educativo;Pública;Público;COLEGIO BLANCA DE CASTILLA;COLEGIO BLANCA DE CASTILLA;PASEO;EDUARDO DATO;2;28010;Madrid;7;74;40,432631;-3,695357;NO;9;16;0;0;0;0;No;NO;;;44,127988;0059;074;0059;074;RM074D0059;;;;;;;;
3165;RM073D0060;Centro residencial de uso público;Privada;Público;GRUPO BALLESOL;RESIDENCIA BALLESOL FRANCISCO DE ROJAS;CALLE;FRANCISCO DE ROJAS;4;28010;Madrid;7;73;40,428949;-3,699417;24 horas;;;;;;;;YES;;;44,128366;0060;073;0060;073;RM073D0060;;;;;;;;
3132;RM074D0061;Centro de trabajo (no administración pública);Privada;Público;ASEFARMA GESTION S.L.;OFICINAS ASEFARMA GESTION S.L.;CALLE;SANTA ENGRACIA;32;28010;Madrid;7;74;40,431395;-3,697019;NO;8;20;0;0;0;0;No;NO;;;44,128414;0061;074;0061;074;RM074D0061;;;;;;;;
135;RM074D0062;Centro deportivo;Privada;Público;SYNERGYM;SYNERGYM;CALLE;RAFAEL CALVO;15;28010;Madrid;7;74;40,434032;-3,6943838;NO;6;23;9;18;9;14;No;NO;;;44,1284158;0062;074;0062;074;RM074D0062;;;;;;;;
3038;RM073D0063;Otro establecimiento administración pública;Pública;Público;CENTRO DE MAYORES SAGASTA;CENTRO DE MAYORES SAGASTA;CALLE;SAGASTA;13;28004;Madrid;7;73;40,42880183;-3,699969375;NO;9;20;0;0;0;0;No;NO;;;44,12877121;0063;073;0063;073;RM073D0063;;;;;;;;
138;RM074D0064;Otro establecimiento administración pública;Pública;Público;Gestion Tributaria de la Comunidad de Madrid ;Conserjería de Economía, hacienda y empleo;PASEO;GENERAL MARTÍNEZ CAMPOS;30;28010;Madrid;7;74;40,4350304;-3,694075;NO;9;14;0;0;0;0;No;NO;;;44,1291054;0064;074;0064;074;RM074D0064;;;;;;;;
149;RM074D0065;Centro educativo;Privada;Público;British Council;British Council;PASEO;GENERAL MARTÍNEZ CAMPOS;31;28010;Madrid;7;74;40,4353169;-3,6937921;NO;8;22;8;22;0;0;No;NO;;;44,129109;0065;074;0065;074;RM074D0065;;;;;;;;
3122;RM074D0066;Otro establecimiento administración pública;Pública;Público;Comunidad de Madrid;CONSEJERIA DE ECONOMIA, HACIENDA Y EMPLEO;PLAZA;CHAMBERÍ;8;28010;Madrid;7;74;40,432511;-3,696715;NO;9;14;0;0;0;0;No;NO;;;44,129226;0066;074;0066;074;RM074D0066;;;;;;;;
157;RM074D0067;Transportes-Metro;Pública;Público;Metro de Madrid;Estación de Metro Gregorio Marañon andén 2;CALLE;MIGUEL ÁNGEL;33;28010;Madrid;7;74;40,4379517;-3,6913503;NO;6;2;6;2;6;2;No;YES;;;44,129302;0067;074;0067;074;RM074D0067;;;;;;;;
160;RM074D0068;Transportes-Metro;Pública;Público;Metro de Madrid;Estación de Metro Gregorio Marañon anden 1;CALLE;MIGUEL ÁNGEL;33;28010;Madrid;7;74;40,4379517;-3,6913503;NO;6;2;6;2;6;2;No;YES;;;44,129302;0068;074;0068;074;RM074D0068;;;;;;;;
132;RM074D0069;Centro educativo;Privada;Público;Colegio María Inmaculada Hijas de la Caridad;Colegio María Inmaculada  ;CALLE;FERNÁNDEZ DE LA HOZ;25;28010;Madrid;7;74;40,4344894;-3,6949015;NO;8;19;0;0;0;0;No;NO;;;44,1293909;0069;074;0069;074;RM074D0069;;;;;;;;
129;RM074D0070;Otro establecimiento administración pública;Pública;Público;Tribunal Superior de Justicia de Madrid;Tribunal superior de justicia sala de lo social;PASEO;GENERAL MARTÍNEZ CAMPOS;27;28010;Madrid;7;74;40,4352108;-3,6942219;NO;9;15;0;0;0;0;No;NO;;;44,1294327;0070;074;0070;074;RM074D0070;;;;;;;;
3144;RM074D0071;Centro educativo;Privada;Público;MARISTAS CHAMBERI;CLEGIO CHAMBERI MARISTAS;CALLE;RAFAEL CALVO;12;28010;Madrid;7;74;40,433756;-3,695782;NO;8;18;0;0;0;0;No;NO;;;44,129538;0071;074;0071;074;RM074D0071;;;;;;;;
3123;RM073D0072;Transportes-Metro;Pública;Público;Metro de Madrid;Metro-Museo Chamberí;CALLE;SANTA ENGRACIA;41;28010;Madrid;7;73;40,432238;-3,697727;NO;16;20;10;20;10;14;No;NO;;;44,129965;0072;073;0072;073;RM073D0072;;;;;;;;
2184;RM075D0073;Centro de trabajo (no administración pública);Privada;Público;EDR sucursal españa;EDR sucursal españa;PASEO;CASTELLANA;55;28046;Madrid;7;75;40,43863723;-3,691393357;NO;7;20;0;0;0;0;Sí;YES;;;44,13003059;0073;075;0073;075;RM075D0073;;;;;;;;
2620;RM075D0074;Centro de trabajo (no administración pública);Privada;Público;Edmon de rothschild europe ;EDR sucursal España ;PASEO;CASTELLANA;55;28046;Madrid;7;75;40,43863723;-3,691393357;NO;8;21;0;0;0;0;No;NO;;;44,13003059;0074;075;0074;075;RM075D0074;;;;;;;;
3098;RM074D0075;Otro;Privada;Público;DISCOTECA OPIUM;DISCOTECA OPIUM;CALLE;JOSÉ ABASCAL;56;28003;Madrid;7;74;40,437978;-3,69212;NO;0;5;0;6;0;5;No;NO;;;44,130098;0075;074;0075;074;RM074D0075;;;;;;;;
127;RM074D0076;Centro de trabajo (no administración pública);Privada;Público;Inversores Tirema;Fundación Tatiana;PASEO;GENERAL MARTÍNEZ CAMPOS;25;28010;Madrid;7;74;40,4351993;-3,6949692;NO;9;19;0;0;0;0;No;NO;;;44,1301685;0076;074;0076;074;RM074D0076;;;;;;;;
3100;RM074D0077;Centro de trabajo (no administración pública);Privada;Público;Desconocido;EDIFICION JOSE ABASCAL 56;CALLE;JOSÉ ABASCAL;56;28003;Madrid;7;74;40,437996;-3,692335;NO;9;19;9;19;9;19;No;NO;;;44,130331;0077;074;0077;074;RM074D0077;;;;;;;;
3146;RM074D0078;Otro;Privada;Público;CENTRO DENTAL SDS;CENTRO DENTAL SDS;CALLE;RAFAEL CALVO;5;28010;Madrid;7;74;40,433734;-3,69666;NO;10;19;0;0;0;0;No;NO;;;44,130394;0078;074;0078;074;RM074D0078;;;;;;;;
178;RM074D0079;Viviendas;Privada;Privado;Comunidad de propietarios;comunidad de propietarios ;CALLE;ZURBANO;84;28010;Madrid;7;74;40,4376317;-3,6928654;NO;9;20;0;0;0;0;No;NO;;;44,1304971;0079;074;0079;074;RM074D0079;;;;;;;;
3145;RM074D0080;Otro establecimiento administración pública;Pública;Público;Ayuntamiento de Madrid;CENTRO DE DIA MUNICIPAL MARIA TERESA LEON;CALLE;RAFAEL CALVO;8;28010;Madrid;7;74;40,433602;-3,696921;NO;9;18;0;0;0;0;No;NO;;;44,130523;0080;074;0080;074;RM074D0080;;;;;;;;
3147;RM074D0081;Centro de trabajo (no administración pública);Privada;Público;COPERNICUS SERVICING;OFICINAS COPERNICUS SERVICING;CALLE;RAFAEL CALVO;5;28010;Madrid;7;74;40,43371;-3,696823;NO;9;17;0;0;0;0;No;NO;;;44,130533;0081;074;0081;074;RM074D0081;;;;;;;;
198;RM073D0082;Centro de trabajo (no administración pública);Privada;Privado;GMP;DEA GMP;CALLE;LUCHANA;23;28010;Madrid;7;73;40,43115425;-3,699793345;NO;7;21;0;0;0;0;Sí;YES;;;44,1309476;0082;073;0082;073;RM073D0082;;;;;;;;
3137;RM073D0083;Otro;Privada;Público;Yelmo Cines;Cine Yelmo Palafox;CALLE;LUCHANA;15;28010;Madrid;7;73;40,430131;-3,700866;NO;16;23;12;23;12;23;No;NO;;;44,130997;0083;073;0083;073;RM073D0083;;;;;;;;
3041;RM073D0084;Transportes-Metro;Pública;Público;Metro de Madrid;Estación de Metro Bilbao;GLORIETA;BILBAO;5;28004;Madrid;7;73;40,429181;-3,70199;NO;6;2;6;2;6;2;No;YES;;;44,131171;0084;073;0084;073;RM073D0084;;;;;;;;
2965;RM073D0085;Transportes-Metro;Pública;Público;Metro de Madrid;Estación de Metro Bilbao;GLORIETA;BILBAO;5;28004;Madrid;7;73;40,4293806;-3,7019025;NO;6;2;6;2;6;2;No;YES;;;44,1312831;0085;073;0085;073;RM073D0085;;;;;;;;
215;RM075D0086;Centro de trabajo (no administración pública);Privada;Público;Roca;Roca Madrid Galery;CALLE;JOSÉ ABASCAL;57;28003;Madrid;7;75;40,4383039;-3,6929874;NO;10;19;0;0;0;0;No;NO;;;44,1312913;0086;075;0086;075;RM075D0086;;;;;;;;
3092;RM075D0087;Hotel, hostal, alojamiento;Privada;Público;Hoteles NH;HOTEL NH ZURBANO;CALLE;ZURBANO;79;28003;Madrid;7;75;40,438619;-3,692914;24 horas;;;;;;;;YES;;;44,131533;0087;075;0087;075;RM075D0087;;;;;;;;
3096;RM074D0088;Centro deportivo;Privada;Público;GIMNASIO METROPOLITAN;GIMNASIO METROPOLITAN;CALLE;JOSÉ ABASCAL;46;28003;Madrid;7;74;40,438057;-3,693794;NO;7;22;9;22;9;21;No;NO;;;44,131851;0088;074;0088;074;RM074D0088;;;;;;;;
3121;RM075D0089;Hotel, hostal, alojamiento;Privada;Público;Hoteles NH;HOTEL NH ZURBANO;CALLE;ZURBANO;81;28003;Madrid;7;75;40,43904;-3,692864;24 horas;;;;;;;;YES;;;44,131904;0089;075;0089;075;RM075D0089;;;;;;;;
179;RM073D0090;Viviendas;Privada;Público;Ballesol Olavide;DEA BALLESOL ;CALLE;JUAN DE AUSTRIA;9;28010;Madrid;7;73;40,43249851;-3,699477168;24 horas;;;;;;;;YES;;;44,13197568;0090;073;0090;073;RM073D0090;;;;;;;;
186;RM073D0091;Centro de trabajo (no administración pública);Privada;Público;MUTUA MADRID ;DEA MUTUA MADRID PLANTA BAJA ;CALLE;TRAFALGAR;11;28010;Madrid;7;73;40,43151817;-3,700693122;NO;8;18;0;0;0;0;No;NO;;;44,13221129;0091;073;0091;073;RM073D0091;;;;;;;;
131;RM074D0092;Centro educativo;Privada;Público;CEF;DEA CEF ;PASEO;GENERAL MARTÍNEZ CAMPOS;5;28010;Madrid;7;74;40,43483266;-3,69785074;NO;9;21;9;14;0;0;No;NO;;;44,1326834;0092;074;0092;074;RM074D0092;;;;;;;;
128;RM074D0093;Centro educativo;Privada;Público;Colegio Concertado;DEA colegio Sagrado Corazón ;PASEO;GENERAL MARTÍNEZ CAMPOS;6;28010;Madrid;7;74;40,43483252;-3,697874319;NO;8;20;0;0;0;0;No;NO;;;44,13270684;0093;074;0093;074;RM074D0093;;;;;;;;
3107;RM075D0094;Centro de trabajo (no administración pública);Privada;Público;BARCALYS BANK;OFICINAS BARCLAYS BANK;CALLE;JOSÉ ABASCAL;51;28003;Madrid;7;75;40,438349;-3,694434;NO;8;16;0;0;0;0;No;NO;;;44,132783;0094;075;0094;075;RM075D0094;;;;;;;;
3130;RM073D0095;Centro de trabajo (no administración pública);Privada;Público;PELAYO MUTUA DE SEGUROS;OFICINAS PELAYO MUTUA DE SEGUROS;CALLE;SANTA ENGRACIA;69;28010;Madrid;7;73;40,434409;-3,698628;NO;9;17;0;0;0;0;No;NO;;;44,133037;0095;073;0095;073;RM073D0095;;;;;;;;
3131;RM073D0096;Centro de trabajo (no administración pública);Privada;Público;PELAYO MUTUA DE SEGUROS;PELAYO MUTUA DE SEGUROS;CALLE;SANTA ENGRACIA;67;28010;Madrid;7;73;40,434437;-3,698652;NO;9;17;0;0;0;0;No;NO;;;44,133089;0096;073;0096;073;RM073D0096;;;;;;;;
125;RM074D0097;Transportes-Metro;Pública;Público;Metro de Madrid;Estación de Metro Iglesia;CALLE;SANTA ENGRACIA;58;28010;Madrid;7;74;40,43504687;-3,698183079;NO;6;2;6;2;6;2;No;YES;;;44,13322995;0097;074;0097;074;RM074D0097;;;;;;;;
3103;RM075D0098;Hotel, hostal, alojamiento;Privada;Público;Hoteles NH;HOTEL NH COLLECTION ABASCAL;CALLE;JOSÉ ABASCAL;47;28003;Madrid;7;75;40,438352;-3,695146;24 horas;;;;;;;;YES;;;44,133498;0098;075;0098;075;RM075D0098;;;;;;;;
208;RM073D0099;Centro educativo;Privada;Público;DUKE UNIVERSITY;DEA DUKE;CALLE;FUENCARRAL;123;28010;Madrid;7;73;40,43063754;-3,703289435;NO;8;17;0;0;0;0;No;NO;;;44,13392698;0099;073;0099;073;RM073D0099;;;;;;;;
3099;RM075D0100;Centro de trabajo (no administración pública);Privada;Público;Desconocido;EDIFICIO JOSE ABASCAL 45;CALLE;JOSÉ ABASCAL;45;28003;Madrid;7;75;40,438375;-3,695555;NO;9;20;0;0;0;0;No;NO;;;44,13393;0100;075;0100;075;RM075D0100;;;;;;;;
121;RM074D0101;Centro comercial;Privada;Público;Mercado Chamberí ;Mercado Chamberí;CALLE;ALONSO CANO;10;28010;Madrid;7;74;40,4361871;-3,6978295;NO;9;20;0;0;0;0;No;NO;;;44,1340166;0101;074;0101;074;RM074D0101;;;;;;;;
123;RM074D0102;Centro comercial;Privada;Público;Mercado Chamberí ;Fitup Smart Gym;CALLE;ALONSO CANO;10;28010;Madrid;7;74;40,4361871;-3,6978295;NO;7;23;9;20;9;15;No;NO;;;44,1340166;0102;074;0102;074;RM074D0102;;;;;;;;
210;RM073D0103;Centro de trabajo (no administración pública);Privada;Privado;Jiménez Vázquez abogados ;DEA oficina abogados ;CALLE;FUENCARRAL;132;28010;Madrid;7;73;40,43101747;-3,703034025;NO;9;21;0;0;0;0;No;NO;;;44,1340515;0103;073;0103;073;RM073D0103;;;;;;;;
119;RM074D0104;Centro educativo;Privada;Público;Colegio La Inmaculada Marillac;Colegio La Inmaculada Marillac;CALLE;GARCÍA DE PAREDES;37;28010;Madrid;7;74;40,4367414;-3,6975535;NO;9;16;0;0;0;0;No;NO;;;44,1342949;0104;074;0104;074;RM074D0104;;;;;;;;
137;RM073D0105;Centro deportivo;Privada;Público;Gimnasio ;DEA Go Bigg;CALLE;ELOY GONZALO;34;28010;Madrid;7;73;40,43448724;-3,699851478;NO;7;22;10;14;10;14;No;NO;;;44,13433872;0105;073;0105;073;RM073D0105;;;;;;;;
176;RM073D0106;Transportes-Metro;Privada;Privado;Metro de Madrid;Metro-Oficinas Quevedo;CALLE;GONZALO DE CÓRDOBA;12;28010;Madrid;7;73;40,43234422;-3,702635204;24 horas;;;;;;;;YES;;;44,13497942;0106;073;0106;073;RM073D0106;;;;;;;;
139;RM073D0107;Centro de trabajo (no administración pública);Privada;Privado;Wework;DEA Wework planta 3;CALLE;ELOY GONZALO;27;28010;Madrid;7;73;40,4346456;-3,700477995;NO;9;18;0;0;0;0;No;NO;;;44,1351236;0107;073;0107;073;RM073D0107;;;;;;;;
144;RM073D0108;Centro de trabajo (no administración pública);Privada;Privado;Oficina ;DEA WEWORK CANTINA ;CALLE;ELOY GONZALO;27;28010;Madrid;7;73;40,4346456;-3,700477995;NO;9;18;0;0;0;0;No;NO;;;44,1351236;0108;073;0108;073;RM073D0108;;;;;;;;
191;RM073D0109;Otro establecimiento administración pública;Pública;Público;CGPJ;DEA PODER JUDICIAL ;CALLE;TRAFALGAR;27;28010;Madrid;7;73;40,43359383;-3,70158712;NO;8;21;0;0;0;0;No;NO;;;44,13518095;0109;073;0109;073;RM073D0109;;;;;;;;
3109;RM075D0110;Otro establecimiento administración pública;Pública;Público;GOBIERNO DE ESPAÑA;MINISTERIO PARA LA TRANSICIÓN ECOLOGICA Y EL RETO DEMOGRÁFICO;PLAZA;SAN JUAN DE LA CRUZ;10;28003;Madrid;7;75;40,441777;-3,693645;NO;9;17;9;15;0;0;Sí;YES;;;44,135422;0110;075;0110;075;RM075D0110;;;;;;;;
3104;RM075D0111;Otro establecimiento administración pública;Pública;Público;GOBIERNO DE ESPAÑA;MINISTERIO DE INCLUSIÓN, SEGURIDAD SOCIAL Y MIGRACIOANES;CALLE;JOSÉ ABASCAL;39;28003;Madrid;7;75;40,438469;-3,697069;NO;9;17;0;0;0;0;Sí;YES;;;44,135538;0111;075;0111;075;RM075D0111;;;;;;;;
3445;RM072D0112;Transportes-Metro;Pública;Público;Comunidad de Madrid;Estación de Metro San Bernardo;GLORIETA;RUIZ GIMÉNEZ;2;28015;Madrid;7;72;40,429879;-3,706047;NO;6;2;6;2;6;2;No;YES;;;44,135926;0112;072;0112;072;RM072D0112;;;;;;;;
172;RM073D0113;Centro de trabajo (no administración pública);Privada;Privado;Telefonica ;DEA TELEFONICA;CALLE;JORDÁN;11;28010;Madrid;7;73;40,43298189;-3,702960166;NO;7;23;0;0;0;0;No;NO;;;44,13594206;0113;073;0113;073;RM073D0113;;;;;;;;
3112;RM075D0114;Otro establecimiento administración pública;Pública;Público;Comunidad de Madrid;CENTRO DE MAYORES ALONSO CANO;CALLE;ALONSO CANO;18;28003;Madrid;7;75;40,439138;-3,697458;NO;9;20;9;20;9;20;No;NO;;;44,136596;0114;075;0114;075;RM075D0114;;;;;;;;
3101;RM074D0115;Transportes-Metro;Pública;Público;Metro de Madrid;Estación de Metro Alonso Cano;CALLE;JOSÉ ABASCAL;24;28003;Madrid;7;74;40,438301;-3,698301;NO;6;2;6;2;6;2;No;YES;;;44,136602;0115;074;0115;074;RM074D0115;;;;;;;;
161;RM073D0116;Centro de trabajo (no administración pública);Privada;Público;Oficina ;DEA HAVAS CANTINA ;CALLE;ELOY GONZALO;10;28010;Madrid;7;73;40,43370213;-3,703038406;NO;8;20;0;0;0;0;No;NO;;;44,13674054;0116;073;0116;073;RM073D0116;;;;;;;;
162;RM073D0117;Centro de trabajo (no administración pública);Privada;Público;Havas;HAVAS HALL;CALLE;ELOY GONZALO;10;28010;Madrid;7;73;40,43370213;-3,703038406;NO;8;20;0;0;0;0;No;NO;;;44,13674054;0117;073;0117;073;RM073D0117;;;;;;;;
3119;RM075D0118;Otro;Privada;Privado;CLINICA ESTETICA NEXBEL;CLINICA ESTETICA NEXBEL;CALLE;ALONSO CANO;20;28003;Madrid;7;75;40,43916;-3,697644;NO;10;20;0;0;0;0;No;NO;;;44,136804;0118;075;0118;075;RM075D0118;;;;;;;;
3193;RM072D0119;Viviendas;Privada;Privado;Comunidad de propietarios;EDIFICIO VIVIENDAS ALBERTO AGUILERA 10;CALLE;ALBERTO AGUILERA;10;28015;Madrid;7;72;40,429952;-3,707093;NO;9;21;9;21;9;21;No;NO;;;44,137045;0119;072;0119;072;RM072D0119;;;;;;;;
2011;RM075D0120;Otro establecimiento administración pública;Pública;Público;Ministerio de Trabajo y Economía Social;Junto a puerta entrada carga y descarga;PASEO;CASTELLANA;63;28046;Madrid;7;75;40,44270004;-3,694441814;NO;7;21;0;0;0;0;Sí;YES;;;44,13714185;0120;075;0120;075;RM075D0120;;;;;;;;
1999;RM075D0121;Centro educativo;Pública;Público;Jardín infantil nuevos ministerios ;Jardín infantil interior recinto ministerios ;PASEO;CASTELLANA;67;28046;Madrid;7;75;40,443786;-3,6934538;NO;8;17;0;0;0;0;No;NO;;;44,1372398;0121;075;0121;075;RM075D0121;;;;;;;;
2001;RM075D0122;Otro establecimiento administración pública;Pública;Público;Ministerio de Fomento;Ministerio de Fomento;PASEO;CASTELLANA;67;28046;Madrid;7;75;40,443786;-3,6934538;NO;8;21;0;0;0;0;Sí;YES;;;44,1372398;0122;075;0122;075;RM075D0122;;;;;;;;
3110;RM075D0123;Otro establecimiento administración pública;Pública;Público;Comunidad de Madrid;CENTRO DE SALUD ESPRONCEDA;CALLE;ESPRONCEDA;24;28003;Madrid;7;75;40,440542;-3,69675;NO;8;21;0;0;0;0;No;NO;;;44,137292;0123;075;0123;075;RM075D0123;;;;;;;;
2562;RM072D0124;Viviendas;Privada;Privado;San Bernardo 107;San Bernardo 107;CALLE;SAN BERNARDO;107;28015;Madrid;7;72;40,4321168;-3,7052756;24 horas;;;;;;;;YES;;;44,1373924;0124;072;0124;072;RM072D0124;;;;;;;;
3102;RM074D0125;Centro de trabajo (no administración pública);Privada;Público;AGENCIA NEGOCIADORA DEL ALQUILER;OFICINA TRANQUILER;CALLE;JOSÉ ABASCAL;18;28003;Madrid;7;74;40,438319;-3,699114;NO;9;19;0;0;0;0;No;NO;;;44,137433;0125;074;0125;074;RM074D0125;;;;;;;;
1986;RM075D0126;Transportes-Metro;Pública;Público;Metro de Madrid;Estación de Metro Nuevos Ministerios vestíbulo Orense;PASEO;CASTELLANA;67;28046;Madrid;7;75;40,445936;-3,691678;NO;6;2;6;2;6;2;No;YES;;;44,137614;0126;075;0126;075;RM075D0126;;;;;;;;
1988;RM075D0127;Transportes-Metro;Pública;Público;Metro de Madrid;Estación de Metro Nuevos Ministerios línea 8;PASEO;CASTELLANA;67;28046;Madrid;7;75;40,445936;-3,691678;NO;6;2;6;2;6;2;No;YES;;;44,137614;0127;075;0127;075;RM075D0127;;;;;;;;
1992;RM075D0128;Transportes-Metro;Pública;Público;Metro de Madrid;Estación de Metro Nuevos Ministerios pasillo líneas 6 y 10;PASEO;CASTELLANA;67;28046;Madrid;7;75;40,445936;-3,691678;NO;6;2;6;2;6;2;No;YES;;;44,137614;0128;075;0128;075;RM075D0128;;;;;;;;
1995;RM075D0129;Transportes-Metro;Pública;Público;Metro de Madrid;Estación de Metro Nuevos Ministerios vestíbulo línea 8;PASEO;CASTELLANA;67;28046;Madrid;7;75;40,445936;-3,691678;NO;6;2;6;2;6;2;No;YES;;;44,137614;0129;075;0129;075;RM075D0129;;;;;;;;
3094;RM075D0130;Hotel, hostal, alojamiento;Privada;Público;Hoteles NH;HOTEL NH CHAMBERÍ;CALLE;BRETÓN DE LOS HERREROS;29;28003;Madrid;7;75;40,439617;-3,698237;24 horas;;;;;;;;YES;;;44,137854;0130;075;0130;075;RM075D0130;;;;;;;;
3108;RM074D0131;Centro educativo;Privada;Público;CENTRO DE ESTUDIOS FINANCIEROS;CENTRO DE ESTUDIOS FINANCIEROS JOSE ABASCAL;CALLE;JOSÉ ABASCAL;14;28003;Madrid;7;74;40,438342;-3,699749;NO;9;21;9;14;0;0;No;NO;;;44,138091;0131;074;0131;074;RM074D0131;;;;;;;;
2513;RM072D0132;Centro de trabajo (no administración pública);Privada;Público;Empresarios agrupados ACCEM;Edificio Magallanes 3;CALLE;MAGALLANES;3;28015;Madrid;7;72;40,4326899;-3,7054282;24 horas;;;;;;;;YES;;;44,1381181;0132;072;0132;072;RM072D0132;;;;;;;;
2515;RM072D0133;Centro de trabajo (no administración pública);Privada;Privado;Empresarios Agrupados ACCEM;Edificio Magallanes 3;CALLE;MAGALLANES;3;28015;Madrid;7;72;40,4326899;-3,7054282;24 horas;;;;;;;;YES;;;44,1381181;0133;072;0133;072;RM072D0133;;;;;;;;
117;RM073D0134;Viviendas;Privada;Privado;Comunidad de propietarios;Comunidad de propietarios 113;CALLE;SANTA ENGRACIA;113;28010;Madrid;7;73;40,4379632;-3,7001794;NO;9;20;0;0;0;0;No;NO;;;44,1381426;0134;073;0134;073;RM073D0134;;;;;;;;
2517;RM072D0135;Transportes-Metro;Pública;Público;Metro de Madrid;Estación de Metro Quevedo;GLORIETA;QUEVEDO;2;28015;Madrid;7;72;40,4334333;-3,7047124;NO;6;2;6;2;6;2;No;YES;;;44,1381457;0135;072;0135;072;RM072D0135;;;;;;;;
2512;RM072D0136;Hotel, hostal, alojamiento;Privada;Público;Gran hotel conde duque;Gran Hotel Conde Duque;PLAZA;CONDE DEL VALLE DE SÚCHIL;5;28015;Madrid;7;72;40,4308599;-3,7077108;24 horas;;;;;;;;YES;;;44,1385707;0136;072;0136;072;RM072D0136;;;;;;;;
3097;RM073D0137;Otro establecimiento administración pública;Pública;Público;Canal de Isabel II;OFICINAS CANAL DE ISABEL II;CALLE;JOSÉ ABASCAL;10;28003;Madrid;7;73;40,438381;-3,70066;NO;9;18;0;0;0;0;No;NO;;;44,139041;0137;073;0137;073;RM073D0137;;;;;;;;
3105;RM073D0138;Hotel, hostal, alojamiento;Privada;Público;EMPRESA LIBERE;APARTAMENTOS LIBERE;CALLE;JOSÉ ABASCAL;8;28003;Madrid;7;73;40,438405;-3,700844;24 horas;;;;;;;;YES;;;44,139249;0138;073;0138;073;RM073D0138;;;;;;;;
2546;RM072D0139;Centro educativo;Privada;Público;UAX;UAX Arapiles;CALLE;ARAPILES;13;28015;Madrid;7;72;40,4328005;-3,7065145;NO;8;21;8;21;0;0;Sí;YES;;;44,139315;0139;072;0139;072;RM072D0139;;;;;;;;
2547;RM072D0140;Centro educativo;Privada;Público;UAX;UAX Arapiles;CALLE;ARAPILES;13;28015;Madrid;7;72;40,4328005;-3,7065145;NO;8;21;8;21;0;0;Sí;YES;;;44,139315;0140;072;0140;072;RM072D0140;;;;;;;;
167;RM073D0141;Viviendas;Privada;Privado;Comunidad de propietarios;DEA Viriato residencial ;CALLE;VIRIATO;2;28010;Madrid;7;73;40,43590432;-3,703863084;24 horas;;;;;;;;YES;;;44,1397674;0141;073;0141;073;RM073D0141;;;;;;;;
1663;RM075D0142;Centro de trabajo (no administración pública);Pública;Público;Canal de Isabel II;Canal de Isabel II;CALLE;SANTA ENGRACIA;125;28003;Madrid;7;75;40,4392228;-3,7006726;24 horas;;;;;;;;YES;;;44,1398954;0142;075;0142;075;RM075D0142;;;;;;;;
2542;RM072D0143;Centro comercial;Privada;Público;El Corte Inglés;Corte inglés arapiles;CALLE;ARAPILES;10;28015;Madrid;7;72;40,4328829;-3,7070687;NO;10;22;10;22;11;21;Sí;YES;;;44,1399516;0143;072;0143;072;RM072D0143;;;;;;;;
88;RM075D0144;Centro educativo;Privada;Público;Centro María Inmaculada ;Centro Educativo María Inmaculada;CALLE;RÍOS ROSAS;35;28003;Madrid;7;75;40,441934;-3,6981896;NO;9;17;0;0;0;0;No;NO;;;44,1401236;0144;075;0144;075;RM075D0144;;;;;;;;
115;RM073D0145;Centro educativo;Pública;Público;Comunidad de Madrid;CEIP Rufino Blanco;CALLE;GENERAL ÁLVAREZ DE CASTRO;46;28010;Madrid;7;73;40,4381722;-3,7023953;NO;8;16;0;0;0;0;No;NO;;;44,1405675;0145;073;0145;073;RM073D0145;;;;;;;;
92;RM075D0146;Centro residencial de uso público;Pública;Público;Centro Integrado Santa Engracia;Centro Residencial de Mayores Santa Engracia;CALLE;SANTA ENGRACIA;120;28003;Madrid;7;75;40,4403629;-3,7002069;24 horas;;;;;;;;YES;;;44,1405698;0146;075;0146;075;RM075D0146;;;;;;;;
2549;RM072D0147;Centro educativo;Privada;Público;UNIE ;UNIE Arapiles;CALLE;ARAPILES;14;28015;Madrid;7;72;40,4329472;-3,7077097;NO;8;22;8;15;0;0;No;NO;;;44,1406569;0147;072;0147;072;RM072D0147;;;;;;;;
94;RM075D0148;Otro establecimiento administración pública;Pública;Público;Consorcio Regional de Transportes de Madrid;Consorcio Regional de Transportes de Madrid;PLAZA;DESCUBRIDOR DIEGO DE ORDÁS;3;28003;Madrid;7;75;40,4407617;-3,7001033;NO;8;20;0;0;0;0;No;NO;;;44,140865;0148;075;0148;075;RM075D0148;;;;;;;;
2518;RM072D0149;Centro de trabajo (no administración pública);Privada;Privado;APIEM;Edificio Magallanes 36;CALLE;MAGALLANES;36;28015;Madrid;7;72;40,4354188;-3,7055837;NO;8;22;0;0;0;0;No;NO;;;44,1410025;0149;072;0149;072;RM072D0149;;;;;;;;
96;RM075D0150;Centro de trabajo (no administración pública);Privada;Privado;Edificio Colonial;Edificio Colonial;PLAZA;DESCUBRIDOR DIEGO DE ORDÁS;3;28003;Madrid;7;75;40,4408911;-3,7001754;NO;7;22;0;0;0;0;No;NO;;;44,1410665;0150;075;0150;075;RM075D0150;;;;;;;;
2520;RM072D0151;Centro de trabajo (no administración pública);Privada;Público;APIEM;Oficina APIEM;CALLE;MAGALLANES;38;28015;Madrid;7;72;40,4354966;-3,70558;NO;8;16;0;0;0;0;No;NO;;;44,1410766;0151;072;0151;072;RM072D0151;;;;;;;;
3051;RM075D0152;Otro establecimiento administración pública;Pública;Privado;Bomberos de Madrid;PARQUE 1 DE BOMBEROS ;CALLE;SANTA ENGRACIA;118;28003;Madrid;7;75;40,440311;-3,700915;24 horas;;;;;;;;YES;;;44,141226;0152;075;0152;075;RM075D0152;;;;;;;;
89;RM075D0153;Otro establecimiento administración pública;Pública;Público;Ayuntamiento de Madrid;Centro de Mayores Santa engracia;CALLE;SANTA ENGRACIA;118;28003;Madrid;7;75;40,4405002;-3,7007407;NO;11;21;11;21;11;21;No;NO;;;44,1412409;0153;075;0153;075;RM075D0153;;;;;;;;
3120;RM075D0154;Otro establecimiento administración pública;Pública;Público;Ayuntamiento de Madrid;CENTRO DE MAYORES SANTA ENGRACIA;CALLE;SANTA ENGRACIA;118;28003;Madrid;7;75;40,4405;-3,700761;NO;9;20;9;20;9;20;No;NO;;;44,141261;0154;075;0154;075;RM075D0154;;;;;;;;
87;RM075D0155;Otro establecimiento administración pública;Pública;Público;Museo Geominero;Museo Geominero;CALLE;RÍOS ROSAS;23;28003;Madrid;7;75;40,4420241;-3,6994126;NO;9;14;0;0;0;0;No;NO;;;44,1414367;0155;075;0155;075;RM075D0155;;;;;;;;
2994;RM072D0156;Centro educativo;Privada;Público;Universidad Pontificia Comillas;Universidad Pontificia de Comillas;CALLE;ALBERTO AGUILERA;32;28015;Madrid;7;72;40,43020142;-3,711254461;NO;8;21;0;0;0;0;No;NO;;;44,14145588;0156;072;0156;072;RM072D0156;;;;;;;;
2986;RM072D0157;Otro establecimiento administración pública;Pública;Público;Ayuntamiento de Madrid;Comedor social Santa Isabel;CALLE;GALILEO;14;28015;Madrid;7;72;40,43128867;-3,71025202;NO;9;16;0;0;0;0;No;NO;;;44,14154069;0157;072;0157;072;RM072D0157;;;;;;;;
2553;RM073D0158;Centro deportivo;Privada;Público;Any time fitness;And time fitness gimnasio bravo murillo;CALLE;BRAVO MURILLO;36;28015;Madrid;7;73;40,4375179;-3,7041176;NO;10;21;12;13;12;13;No;NO;;;44,1416355;0158;073;0158;073;RM073D0158;;;;;;;;
82;RM075D0159;Centro de trabajo (no administración pública);Privada;Privado;CCOO;CCOO;CALLE;CRISTÓBAL BORDIÚ;33;28003;Madrid;7;75;40,4431646;-3,6986509;NO;9;20;0;0;0;0;No;NO;;;44,1418155;0159;075;0159;075;RM075D0159;;;;;;;;
1672;RM073D0160;Otro establecimiento administración pública;Pública;Público;Ministerio de Agricultura, Pesca y Alimentación;FEGA fondo español de garantía agraria ;CALLE;JOSÉ ABASCAL;4;28003;Madrid;7;73;40,4385568;-3,7033089;NO;7;19;0;0;0;0;No;NO;;;44,1418657;0160;073;0160;073;RM073D0160;;;;;;;;
2559;RM072D0161;Centro educativo;Pública;Público;Ayuntamiento de Madrid;CEIP San Cristóbal aula de música ;CALLE;BRAVO MURILLO;39;28015;Madrid;7;72;40,4370259;-3,7050178;NO;9;16;0;0;0;0;No;NO;;;44,1420437;0161;072;0161;072;RM072D0161;;;;;;;;
2557;RM072D0162;Centro residencial de uso público;Privada;Público;Poblado de San Cristóbal;Poblado de San Cristóbal;CALLE;BRAVO MURILLO;39;28015;Madrid;7;72;40,4366651;-3,7054811;24 horas;;;;;;;;YES;;;44,1421462;0162;072;0162;072;RM072D0162;;;;;;;;
2555;RM073D0163;Centro educativo;Privada;Público;UNED;UNED Bravo Murillo;CALLE;BRAVO MURILLO;38;28015;Madrid;7;73;40,4380589;-3,7041223;NO;7;21;0;0;0;0;No;NO;;;44,1421812;0163;073;0163;073;RM073D0163;;;;;;;;
2558;RM072D0164;Centro educativo;Pública;Público;Ayuntamiento de Madrid;CEIP San Cristóbal edificio principal;CALLE;BRAVO MURILLO;39;28015;Madrid;7;72;40,437288;-3,7049977;NO;9;16;0;0;0;0;No;NO;;;44,1422857;0164;072;0164;072;RM072D0164;;;;;;;;
86;RM075D0165;Centro educativo;Pública;Público;La ETSI DE MINAS Y ENERGIA;La ETSI;CALLE;RÍOS ROSAS;21;28003;Madrid;7;75;40,4421228;-3,7001633;NO;8;20;0;0;0;0;No;NO;;;44,1422861;0165;075;0165;075;RM075D0165;;;;;;;;
2551;RM073D0166;Transportes-Metro;Pública;Público;Metro de Madrid;Estación de Metro Canal;CALLE;BRAVO MURILLO;40;28003;Madrid;7;73;40,4383279;-3,7041018;NO;6;2;6;2;6;2;No;YES;;;44,1424297;0166;073;0166;073;RM073D0166;;;;;;;;
85;RM075D0167;Centro de trabajo (no administración pública);Privada;Privado;Oficinas de Isabel II;Oficinas Canal de Isabel II;CALLE;RÍOS ROSAS;24;28003;Madrid;7;75;40,4419307;-3,7009492;NO;7;21;0;0;0;0;No;NO;;;44,1428799;0167;075;0167;075;RM075D0167;;;;;;;;
84;RM075D0168;Transportes-Metro;Pública;Público;Metro de Madrid;Estación de Metro Ríos Rosas;CALLE;RÍOS ROSAS;22;28003;Madrid;7;75;40,4419439;-3,7011034;NO;6;2;6;2;6;2;No;YES;;;44,1430473;0168;075;0168;075;RM075D0168;;;;;;;;
2978;RM071D0169;Centro educativo;Privada;Público;Universidad Pontificia Comillas;Universidad Pontificia de Comillas;CALLE;FRANCISCO RICCI;3;28015;Madrid;7;71;40,43103413;-3,712088496;NO;7;21;0;0;0;0;No;NO;;;44,14312263;0169;071;0169;071;RM071D0169;;;;;;;;
2537;RM072D0170;Centro educativo;Pública;Público;Ayuntamiento de Madrid;CEIP Fernando el Católico ;CALLE;FERNANDO EL CATÓLICO;16;28015;Madrid;7;72;40,4340451;-3,709087;NO;8;20;0;0;0;0;No;NO;;;44,1431321;0170;072;0170;072;RM072D0170;;;;;;;;
2521;RM072D0171;Centro educativo;Pública;Público;Ayuntamiento de Madrid;Centro de mayores Antonio Mingote ;CALLE;VALLEHERMOSO;45;28015;Madrid;7;72;40,4346899;-3,7086948;NO;9;21;9;21;9;21;No;NO;;;44,1433847;0171;072;0171;072;RM072D0171;;;;;;;;
2523;RM072D0172;Centro educativo;Pública;Público;Ayuntamiento de Madrid;Centro de mayores Antonio Mingote Planta 1;CALLE;VALLEHERMOSO;45;28015;Madrid;7;72;40,4346899;-3,7086948;NO;9;21;9;21;9;21;No;NO;;;44,1433847;0172;072;0172;072;RM072D0172;;;;;;;;
2524;RM072D0173;Centro educativo;Pública;Público;Ayuntamiento de Madrid;Centro de mayores Antonio Mingote planta 2;CALLE;VALLEHERMOSO;45;28015;Madrid;7;72;40,4346899;-3,7086948;NO;9;21;9;21;9;21;No;NO;;;44,1433847;0173;072;0173;072;RM072D0173;;;;;;;;
2538;RM072D0174;Centro educativo;Pública;Público;Ayuntamiento de Madrid;Escuela infantil Fernando el Católico;CALLE;FERNANDO EL CATÓLICO;16;28015;Madrid;7;72;40,4340859;-3,7096245;NO;8;17;0;0;0;0;No;NO;;;44,1437104;0174;072;0174;072;RM072D0174;;;;;;;;
76;RM075D0175;Centro de trabajo (no administración pública);Privada;Privado;Edificio Gemininis I;Edificio Geminis I;CALLE;RAIMUNDO FERNÁNDEZ VILLAVERDE;42;28003;Madrid;7;75;40,4461227;-3,6979297;24 horas;;;;;;;;YES;;;44,1440524;0175;075;0175;075;RM075D0175;;;;;;;;
2990;RM072D0176;Otro establecimiento administración pública;Pública;Público;Ayuntamiento de Madrid;Centro Cultural Galileo;CALLE;GALILEO;43;28015;Madrid;7;72;40,433832;-3,710375;NO;7;22;7;22;7;22;No;NO;;;44,144207;0176;072;0176;072;RM072D0176;;;;;;;;
83;RM075D0177;Centro de trabajo (no administración pública);Privada;Público;Globant>gut;Globant>gut;CALLE;CRISTÓBAL BORDIÚ;13;28003;Madrid;7;75;40,4431868;-3,7010468;NO;9;21;0;0;0;0;No;NO;;;44,1442336;0177;075;0177;075;RM075D0177;;;;;;;;
1675;RM072D0178;Otro establecimiento administración pública;Pública;Público;Canal de Isabel II;Teatro del Canal de Isabel II;CALLE;CEA BERMÚDEZ;1;28003;Madrid;7;72;40,438617;-3,7057209;24 horas;;;;;;;;YES;;;44,1443379;0178;072;0178;072;RM072D0178;;;;;;;;
2989;RM072D0179;Otro establecimiento administración pública;Pública;Público;Ayuntamiento de Madrid;Auditorio Ayuntamiento de Madrid;CALLE;FERNANDO EL CATÓLICO;35;28015;Madrid;7;72;40,43399673;-3,710846432;NO;7;22;7;22;7;22;No;NO;;;44,14484316;0179;072;0179;072;RM072D0179;;;;;;;;
77;RM075D0180;Otro establecimiento administración pública;Pública;Público;Agencia tributaria madrid;Agencia tributaria ;CALLE;RAIMUNDO FERNÁNDEZ VILLAVERDE;32;28003;Madrid;7;75;40,4461829;-3,6988209;NO;9;17;0;0;0;0;No;NO;;;44,1450038;0180;075;0180;075;RM075D0180;;;;;;;;
1679;RM072D0181;Centro deportivo;Pública;Público;Ayuntamiento de Madrid;CDM Cea Bermudez;CALLE;CEA BERMÚDEZ;3;28003;Madrid;7;72;40,4386588;-3,7063545;NO;7;23;9;21;9;21;No;NO;;;44,1450133;0181;072;0181;072;RM072D0181;;;;;;;;
3117;RM075D0182;Otro establecimiento administración pública;Pública;Público;Ayuntamiento de Madrid;OFICINA AGENCIA TRIBUTARIA AYUNTAMIENTO DE MADRID;CALLE;RAIMUNDO FERNÁNDEZ VILLAVERDE;32;28003;Madrid;7;75;40,44613948;-3,698958561;NO;9;14;0;0;0;0;No;NO;;;44,14509804;0182;075;0182;075;RM075D0182;;;;;;;;
2981;RM072D0183;Otro establecimiento administración pública;Pública;Público;Ayuntamiento de Madrid;Sala de estudio Fernando Vizcaíno Casas;CALLE;BLASCO DE GARAY;38;28015;Madrid;7;72;40,43385827;-3,711387311;NO;9;21;9;21;9;21;No;NO;;;44,14524558;0183;072;0183;072;RM072D0183;;;;;;;;
79;RM075D0184;Otro establecimiento administración pública;Pública;Público;Comunidad de Madrid;Centro Base 1 de valoración y orientación de la discapacidad ;CALLE;MAUDES;26;28003;Madrid;7;75;40,4452312;-3,7000517;NO;8;21;0;0;0;0;No;NO;;;44,1452829;0184;075;0184;075;RM075D0184;;;;;;;;
1686;RM072D0185;Otro establecimiento administración pública;Pública;Público;Ministerio de Hacienda;Parque movil;CALLE;CEA BERMÚDEZ;5;28003;Madrid;7;72;40,4386795;-3,7070915;24 horas;;;;;;;;YES;;;44,145771;0185;072;0185;072;RM072D0185;;;;;;;;
81;RM075D0186;Centro educativo;Pública;Público;Colegio Verbo Encarnado;Colegio Verbo Encarnado;CALLE;ALENZA;28;28003;Madrid;7;75;40,4456389;-3,7003072;24 horas;;;;;;;;YES;;;44,1459461;0186;075;0186;075;RM075D0186;;;;;;;;
1684;RM072D0187;Otro establecimiento administración pública;Pública;Público;Ministerio de Hacienda;Parque movil;CALLE;CEA BERMÚDEZ;5;28003;Madrid;7;72;40,4386982;-3,7074485;NO;7;18;0;0;0;0;No;NO;;;44,1461467;0187;072;0187;072;RM072D0187;;;;;;;;
80;RM075D0188;Otro establecimiento administración pública;Pública;Público;Comunidad de Madrid;Conserjería de transportes, vivienda e infraestructura ;CALLE;MAUDES;17;28003;Madrid;7;75;40,4453184;-3,701028;NO;7;21;0;0;0;0;Sí;YES;;;44,1463464;0188;075;0188;075;RM075D0188;;;;;;;;
2903;RM071D0189;Transportes-Metro;Pública;Público;Metro de Madrid;Estación de Metro Argüelles línea 6;CALLE;ALBERTO AGUILERA;70;28015;Madrid;7;71;40,43068;-3,7157;NO;6;2;6;2;6;2;No;YES;;;44,14638;0189;071;0189;071;RM071D0189;;;;;;;;
99;RM075D0190;Centro educativo;Privada;Público;Colegio Divina Pastora;Colegio Divina Pastora;CALLE;SANTA ENGRACIA;142;28003;Madrid;7;75;40,444021;-3,7024348;NO;9;17;0;0;0;0;No;NO;;;44,1464558;0190;075;0190;075;RM075D0190;;;;;;;;
1639;RM076D0191;Centro deportivo;Pública;Público;Canal de Isabel II;Centro deportivo Canal Isabel II;AVENIDA;FILIPINAS;54;28003;Madrid;7;76;40,4418097;-3,7051325;NO;8;22;8;22;8;22;No;NO;;;44,1469422;0191;076;0191;076;RM076D0191;;;;;;;;
2988;RM071D0192;Centro educativo;Privada;Público;La Salle;Colegio La Salle San Rafael;CALLE;FERNANDO EL CATÓLICO;49;28015;Madrid;7;71;40,43415526;-3,71289956;NO;8;18;0;0;0;0;No;NO;;;44,14705482;0192;071;0192;071;RM071D0192;;;;;;;;
1635;RM076D0193;Otro;Privada;Público;Parque Santander;Parque Santander;AVENIDA;FILIPINAS;S/N;28003;Madrid;7;76;40,4420733;-3,7049926;NO;6;0;6;0;6;0;No;NO;;;44,1470659;0193;076;0193;076;RM076D0193;;;;;;;;
1637;RM076D0194;Centro deportivo;Pública;Público;Canal de Isabel II;Parque Santander, edificio gimnasio ;AVENIDA;FILIPINAS;S/N;28003;Madrid;7;76;40,442106;-3,7049866;NO;9;23;9;23;9;23;No;NO;;;44,1470926;0194;076;0194;076;RM076D0194;;;;;;;;
2984;RM071D0195;Centro educativo;Privada;Público;Universidad Pontificia de Salamanca;Facultad de Enfermería Universidad Pontificia de Salamanca;CALLE;GAZTAMBIDE;12;28015;Madrid;7;71;40,43210362;-3,715424454;NO;8;21;0;0;0;0;No;NO;;;44,14752807;0195;071;0195;071;RM071D0195;;;;;;;;
1600;RM076D0196;Centro educativo;Pública;Público;Comunidad de Madrid;Colegio Claudio Moyano ;CALLE;CEA BERMÚDEZ;26;28003;Madrid;7;76;40,438911;-3,7090267;NO;9;16;0;0;0;0;No;NO;;;44,1479377;0196;076;0196;076;RM076D0196;;;;;;;;
2525;RM072D0197;Centro comercial;Privada;Público;Supermercados DIA ;Supermercado DÍA Blasco de Garay 74;CALLE;BLASCO DE GARAY;74;28015;Madrid;7;72;40,4369688;-3,71121;NO;9;21;9;21;10;20;No;NO;;;44,1481788;0197;072;0197;072;RM072D0197;;;;;;;;
2982;RM071D0198;Centro educativo;Privada;Público;TRAZOS - Escuela Superior de Artes Digitales;TRAZOS - Escuela Superior de Artes Digitales;CALLE;GAZTAMBIDE;29;28015;Madrid;7;71;40,43340809;-3,715721236;NO;9;22;0;0;0;0;No;NO;;;44,14912933;0198;071;0198;071;RM071D0198;;;;;;;;
3114;RM076D0199;Centro educativo;Privada;Público;FUNDACION FEDERICO FLIEDNER;COLEIO EL PORVENIR;CALLE;BRAVO MURILLO;85;28003;Madrid;7;76;40,444527;-3,704665;NO;8;18;0;0;0;0;No;NO;;;44,149192;0199;076;0199;076;RM076D0199;;;;;;;;
71;RM075D0200;Centro deportivo;Privada;Público;Basic Fit;Basic Fit Raimundo Fdez Villaverde;CALLE;RAIMUNDO FERNÁNDEZ VILLAVERDE;10;28003;Madrid;7;75;40,4466445;-3,7025894;NO;7;22;8;21;8;21;No;NO;;;44,1492339;0200;075;0200;075;RM075D0200;;;;;;;;
2991;RM071D0201;Centro comercial;Privada;Público;Ayuntamiento de Madrid;Mercado Guzmán el Bueno;CALLE;ANDRÉS MELLADO;43;28015;Madrid;7;71;40,434936;-3,71439;NO;9;22;9;22;12;16;No;NO;;;44,149326;0201;071;0201;071;RM071D0201;;;;;;;;
102;RM075D0202;Otro establecimiento administración pública;Pública;Público;Departamento de Servicios Sanitarios Calidad y Consumo Ayuntamiento de Madrid;OMIC;CALLE;RAIMUNDO FERNÁNDEZ VILLAVERDE;8;28003;Madrid;7;75;40,4465028;-3,7028455;NO;9;14;0;0;0;0;No;NO;;;44,1493483;0202;075;0202;075;RM075D0202;;;;;;;;
1687;RM076D0203;Centro deportivo;Privada;Público;Go Fit;Go Fit estadio vallehermoso ;AVENIDA;FILIPINAS;7;28003;Madrid;7;76;40,4406127;-3,7088674;NO;6;0;9;22;9;22;No;NO;;;44,1494801;0203;076;0203;076;RM076D0203;;;;;;;;
101;RM075D0204;Centro educativo;Pública;Público;Colegio cervantes;Colegio Cervantes;CALLE;RAIMUNDO FERNÁNDEZ VILLAVERDE;4;28003;Madrid;7;75;40,4466891;-3,7031724;NO;9;17;0;0;0;0;No;NO;;;44,1498615;0204;075;0204;075;RM075D0204;;;;;;;;
2526;RM071D0205;Centro educativo;Privada;Público;Colegio DECROLY;Colegio DECROLY;CALLE;GUZMÁN EL BUENO;60;28015;Madrid;7;71;40,4369874;-3,7129306;NO;8;16;0;0;0;0;No;NO;;;44,149918;0205;071;0205;071;RM071D0205;;;;;;;;
1605;RM076D0206;Viviendas;Privada;Privado;Comunidad de propietarios;Avda Filipinas 18;AVENIDA;FILIPINAS;18;28003;Madrid;7;76;40,4399181;-3,7102659;NO;9;21;9;21;9;21;No;NO;;;44,150184;0206;076;0206;076;RM076D0206;;;;;;;;
1601;RM076D0207;Centro educativo;Pública;Público;Comunidad de Madrid;Colegio Asunción Rincón ;AVENIDA;FILIPINAS;5;28003;Madrid;7;76;40,4398819;-3,7108677;NO;9;16;0;0;0;0;No;NO;;;44,1507496;0207;076;0207;076;RM076D0207;;;;;;;;
2985;RM071D0208;Hotel, hostal, alojamiento;Privada;Público;Hotel Exe Moncloa;Hotel Exe Moncloa;CALLE;ARCIPRESTE DE HITA;10;28015;Madrid;7;71;40,43374853;-3,717481543;24 horas;;;;;;;;YES;;;44,15123007;0208;071;0208;071;RM071D0208;;;;;;;;
2983;RM071D0209;Transportes-Metro;Pública;Público;Metro de Madrid;Estación de Metro Moncloa;CALLE;ARCIPRESTE DE HITA;10;28015;Madrid;7;71;40,43364761;-3,717775218;NO;6;2;6;2;6;2;No;YES;;;44,15142283;0209;071;0209;071;RM071D0209;;;;;;;;
1533;RM076D0210;Transportes-Metro;Pública;Público;Metro de Madrid;Estación de Metro Cuatro Caminos vestíbulo;GLORIETA;CUATRO CAMINOS;1;28020;Madrid;7;76;40,44688208;-3,704555413;NO;6;2;6;2;6;2;No;YES;;;44,15143749;0210;076;0210;076;RM076D0210;;;;;;;;
2592;RM076D0211;Transportes-Metro;Privada;Público;Metro de Madrid;Estación de Metro Cuatro Caminos línea 6;GLORIETA;CUATRO CAMINOS;1;28020;Madrid;7;76;40,44688208;-3,704555413;NO;6;2;6;2;6;2;No;YES;;;44,15143749;0211;076;0211;076;RM076D0211;;;;;;;;
1608;RM076D0212;Centro educativo;Pública;Público;Comunidad de Madrid;IES Islas Filipinas ;CALLE;JESÚS MAESTRO;3;28003;Madrid;7;76;40,4406349;-3,7109699;NO;8;21;0;0;0;0;No;NO;;;44,1516048;0212;076;0212;076;RM076D0212;;;;;;;;
1609;RM076D0213;Centro educativo;Pública;Público;Comunidad de Madrid;Escuela oficial de idiomas;CALLE;JESÚS MAESTRO;5;28003;Madrid;7;76;40,4406349;-3,7109699;NO;7;22;0;0;0;0;No;NO;;;44,1516048;0213;076;0213;076;RM076D0213;;;;;;;;
2987;RM071D0214;Centro educativo;Privada;Público;CENTRO DE ESTUDIOS DIAZ BALAGUER;CENTRO DE ESTUDIOS DIAZ BALAGUER;CALLE;FERNANDO EL CATÓLICO;77;28015;Madrid;7;71;40,43421733;-3,717427576;NO;8;20;0;0;0;0;No;NO;;;44,15164491;0214;071;0214;071;RM071D0214;;;;;;;;
1619;RM076D0215;Hotel, hostal, alojamiento;Privada;Público;Sirena Campus;Resa residencia universitaria;CALLE;MELQUÍADES ÁLVAREZ;21;28003;Madrid;7;76;40,4423966;-3,7101338;24 horas;;;;;;;;YES;;;44,1525304;0215;076;0215;076;RM076D0215;;;;;;;;
2527;RM071D0216;Centro educativo;Privada;Público;CEV;CEV;CALLE;GAZTAMBIDE;65;28015;Madrid;7;71;40,4373505;-3,715404;NO;9;20;0;0;0;0;No;NO;;;44,1527545;0216;071;0216;071;RM071D0216;;;;;;;;
2529;RM071D0217;Centro deportivo;Privada;Público;gimnasio SCG;gimnasio SCG;CALLE;GAZTAMBIDE;65;28015;Madrid;7;71;40,4373666;-3,7154026;NO;9;21;9;14;9;14;No;NO;;;44,1527692;0217;071;0217;071;RM071D0217;;;;;;;;
2980;RM071D0218;Centro deportivo;Privada;Público;Holiday Gym;Holiday Gym;CALLE;ISAAC PERAL;4;28015;Madrid;7;71;40,43498752;-3,718166751;NO;7;23;9;15;9;15;No;NO;;;44,15315427;0218;071;0218;071;RM071D0218;;;;;;;;
1689;RM076D0219;Centro educativo;Pública;Público;Comunidad de Madrid;IES Joaquín Turina;CALLE;GUZMÁN EL BUENO;94;28003;Madrid;7;76;40,4406206;-3,7126373;NO;8;21;0;0;0;0;No;NO;;;44,1532579;0219;076;0219;076;RM076D0219;;;;;;;;
1613;RM076D0220;Centro educativo;Privada;Público;Fundación Escuela Teresiana ;Colegio Jesús Maestro ;CALLE;MELQUÍADES ÁLVAREZ;8;28003;Madrid;7;76;40,4412519;-3,7120274;NO;8;19;0;0;0;0;No;NO;;;44,1532793;0220;076;0220;076;RM076D0220;;;;;;;;
2532;RM071D0221;Centro educativo;Privada;Público;Institutos Nebrija;Institutos Nebrija;CALLE;JOAQUÍN MARÍA LÓPEZ;62;28015;Madrid;7;71;40,4378479;-3,716155;NO;8;22;8;15;0;0;No;NO;;;44,1540029;0221;071;0221;071;RM071D0221;;;;;;;;
1598;RM076D0222;Transportes-Metro;Pública;Público;Metro de Madrid;Estación de Metro Islas Filipinas;CALLE;CEA BERMÚDEZ;64;28003;Madrid;7;76;40,439233;-3,7150707;NO;6;2;6;2;6;2;No;YES;;;44,1543037;0222;076;0222;076;RM076D0222;;;;;;;;
1623;RM076D0223;Centro educativo;Privada;Público;Universidad Nebrija;Universidad de Nebrija;PASEO;SAN FRANCISCO DE SALES;48;28003;Madrid;7;76;40,4434308;-3,7111265;NO;8;21;0;0;0;0;No;NO;;;44,1545573;0223;076;0223;076;RM076D0223;;;;;;;;
1599;RM076D0224;Otro;Privada;Privado;Corporación Fisiogestión;Corporación Fisiogestión;CALLE;GAZTAMBIDE;79;28003;Madrid;7;76;40,4393473;-3,7152283;NO;8;21;0;0;0;0;No;NO;;;44,1545756;0224;076;0224;076;RM076D0224;;;;;;;;
1579;RM076D0225;Centro educativo;Privada;Público;COAMI;Colegio Amor Misericordioso ;PASEO;SAN FRANCISCO DE SALES;42;28003;Madrid;7;76;40,4426163;-3,7123315;NO;7;17;0;0;0;0;No;NO;;;44,1549478;0225;076;0225;076;RM076D0225;;;;;;;;
1580;RM076D0226;Otro;Privada;Privado;Vino Selección ;Vino Selección. Parque de las Naciones;CALLE;GUZMÁN EL BUENO;133;28003;Madrid;7;76;40,4432537;-3,7125991;NO;8;20;0;0;0;0;No;NO;;;44,1558528;0226;076;0226;076;RM076D0226;;;;;;;;
1581;RM076D0227;Centro de trabajo (no administración pública);Privada;Público;Sanitas;Sanitas Dental;CALLE;GUZMÁN EL BUENO;135;28003;Madrid;7;76;40,4435515;-3,712533;NO;9;21;0;0;0;0;No;NO;;;44,1560845;0227;076;0227;076;RM076D0227;;;;;;;;
1582;RM076D0228;Otro establecimiento administración pública;Pública;Público;Ministerio de Hacienda;Administración hacienda, grandes contribuyentes ;CALLE;GUZMÁN EL BUENO;137;28003;Madrid;7;76;40,4442297;-3,7125055;NO;7;19;0;0;0;0;No;NO;;;44,1567352;0228;076;0228;076;RM076D0228;;;;;;;;
1578;RM076D0229;Centro educativo;Pública;Público;Fundación Santo Domingo ;Colegio Santa Maria de Yermo;CALLE;GAZTAMBIDE;91;28003;Madrid;7;76;40,4411162;-3,7163954;NO;8;20;0;0;0;0;No;NO;;;44,1575116;0229;076;0229;076;RM076D0229;;;;;;;;
1540;RM076D0230;Otro establecimiento administración pública;Pública;Público;Ministerio de Hacienda;Delegación de Hacienda;CALLE;GUZMÁN EL BUENO;139;28003;Madrid;7;76;40,4454988;-3,7123999;NO;9;14;0;0;0;0;No;NO;;;44,1578987;0230;076;0230;076;RM076D0230;;;;;;;;
1576;RM076D0231;Otro establecimiento administración pública;Pública;Público;Ministerio de Justicia;Tribunal Constitucional ;CALLE;DOMENICO SCARLATTI;6;28003;Madrid;7;76;40,4412665;-3,7174153;24 horas;;;;;;;;YES;;;44,1586818;0231;076;0231;076;RM076D0231;;;;;;;;
1570;RM076D0232;Centro educativo;Privada;Público;CEU;CEU Vicerrectorado de Estudiantes ;CALLE;JULIÁN ROMEA;18;28003;Madrid;7;76;40,4428095;-3,7161379;NO;8;22;0;0;0;0;No;NO;;;44,1589474;0232;076;0232;076;RM076D0232;;;;;;;;
1558;RM076D0233;Hotel, hostal, alojamiento;Privada;Público;SIRESA HOYSE;Residencia Resa Moncloa ;CALLE;POETA ÁNGELA FIGUERA;11;28003;Madrid;7;76;40,4448194;-3,7143076;24 horas;;;;;;;;YES;;;44,159127;0233;076;0233;076;RM076D0233;;;;;;;;
1553;RM076D0234;Transportes-Metro;Pública;Público;Metro de Madrid;Estación de Metro Guzmán el Bueno acceso;CALLE;MAESTRO ÁNGEL LLORCA;17;28003;Madrid;7;76;40,4455455;-3,7140179;NO;6;2;6;2;6;2;No;YES;;;44,1595634;0234;076;0234;076;RM076D0234;;;;;;;;
1554;RM076D0235;Transportes-Metro;Pública;Público;Metro de Madrid;Estación de Metro Guzmán el Bueno línea 7;CALLE;MAESTRO ÁNGEL LLORCA;17;28003;Madrid;7;76;40,4455455;-3,7140179;NO;6;2;6;2;6;2;No;YES;;;44,1595634;0235;076;0235;076;RM076D0235;;;;;;;;
1572;RM076D0236;Centro educativo;Privada;Público;CEU;Universidad San Pablo CEU;CALLE;JULIÁN ROMEA;20;28003;Madrid;7;76;40,4427372;-3,7172912;NO;8;22;0;0;0;0;No;NO;;;44,1600284;0236;076;0236;076;RM076D0236;;;;;;;;
1571;RM076D0237;Centro educativo;Privada;Público;CEU;Facultad de ciencias económicas y empresariales ;CALLE;JULIÁN ROMEA;23;28003;Madrid;7;76;40,4427462;-3,7173767;NO;8;22;0;0;0;0;No;NO;;;44,1601229;0237;076;0237;076;RM076D0237;;;;;;;;
1563;RM076D0238;Centro educativo;Privada;Público;Saint Louis University;Saint Louis University;CALLE;AMAPOLAS;3;28003;Madrid;7;76;40,4442455;-3,7160179;NO;7;21;0;0;0;0;No;NO;;;44,1602634;0238;076;0238;076;RM076D0238;;;;;;;;
1559;RM076D0239;Centro educativo;Privada;Público;FEM Prívate School;FEM School;CALLE;POETA ÁNGELA FIGUERA;8;28003;Madrid;7;76;40,4449479;-3,7154553;NO;8;19;9;13;0;0;No;NO;;;44,1604032;0239;076;0239;076;RM076D0239;;;;;;;;
1242;RM076D0240;Otro;Privada;Privado;Fundacion San Pabo CEU;Rectorado Universidad San Pablo. Planta baja;CALLE;ISAAC PERAL;58;28040;Madrid;7;76;40,4422096;-3,7184925;NO;8;21;0;0;0;0;Sí;YES;;;44,1607021;0240;076;0240;076;RM076D0240;;;;;;;;
1243;RM076D0241;Otro;Privada;Privado;Fundacion San Pabo CEU;Rectorado Universidad San Pablo. Primera planta;CALLE;ISAAC PERAL;58;28040;Madrid;7;76;40,4422096;-3,7184925;NO;8;21;0;0;0;0;Sí;YES;;;44,1607021;0241;076;0241;076;RM076D0241;;;;;;;;
1575;RM076D0242;Centro educativo;Privada;Público;CEU;Biblioteca universidad san Pablo CEU;CALLE;JULIÁN ROMEA;22;28003;Madrid;7;76;40,4428641;-3,7178518;NO;8;22;0;0;0;0;No;NO;;;44,1607159;0242;076;0242;076;RM076D0242;;;;;;;;
2014;RM076D0243;Centro educativo;Privada;Público;CEU;Rectorado universidad CEU;CALLE;ISAAC PERAL;58;28040;Madrid;7;76;40,4421014;-3,7186535;24 horas;;;;;;;;YES;;;44,1607549;0243;076;0243;076;RM076D0243;;;;;;;;
1565;RM076D0244;Centro educativo;Privada;Público;FEM school ;FEM preschool;CALLE;OLIVOS;9;28003;Madrid;7;76;40,4443568;-3,7173757;NO;9;17;0;0;0;0;No;NO;;;44,1617325;0244;076;0244;076;RM076D0244;;;;;;;;
1567;RM076D0245;Centro educativo;Privada;Público;FEM;Little FEM;CALLE;POETA ÁNGELA FIGUERA;37;28003;Madrid;7;76;40,4452136;-3,7185633;NO;8;17;0;0;0;0;No;NO;;;44,1637769;0245;076;0245;076;RM076D0245;;;;;;;;
1227;RM076D0246;Centro educativo;Privada;Público;Universidad CEU San Pablo;Facultad de humanidades. Cafeteria;PASEO;JUAN XXIII;8;28040;Madrid;7;76;40,4448482;-3,719434;NO;8;21;0;0;0;0;No;NO;;;44,1642822;0246;076;0246;076;RM076D0246;;;;;;;;
1225;RM076D0247;Centro educativo;Privada;Público;Universidad CEU San Pablo;Facultad de humanidades CEU. Planta semisotano;PASEO;JUAN XXIII;6;28040;Madrid;7;76;40,4449686;-3,7194524;NO;8;21;0;0;0;0;No;NO;;;44,164421;0247;076;0247;076;RM076D0247;;;;;;;;
1226;RM076D0248;Centro educativo;Privada;Público;Universidad CEU San Pablo;Facultad de humanidades CEU. Planta semisotano;PASEO;JUAN XXIII;6;28040;Madrid;7;76;40,4448173;-3,7198357;NO;8;21;0;0;0;0;No;NO;;;44,164653;0248;076;0248;076;RM076D0248;;;;;;;;
1231;RM076D0249;Centro educativo;Pública;Público;Comunidad de Madrid;Instituto San Isidoro de Sevilla;PLAZA;MARQUÉS DE COMILLAS;1;28040;Madrid;7;76;40,4454886;-3,7191768;NO;9;18;0;0;0;0;No;NO;;;44,1646654;0249;076;0249;076;RM076D0249;;;;;;;;
3350;RM086D0001;Centro comercial;Privada;Público;Fundación Jardines de España;Fundación Jardines de España;AVENIDA;BURGOS;85;28050;Madrid;8;86;40,4873565;-3,6736575;NO;9;16;0;0;0;0;No;NO;;;44,161014;0001;086;0001;086;RM086D0001;;;;;;;;
1061;RM086D0002;Centro de trabajo (no administración pública);Privada;Privado;BBVA;BBVA acceso Avda de Burgis;CALLE;OLMEDA;S/N;28050;Madrid;8;86;40,4996309;-3,6627143;24 horas;;;;;;;;YES;;;44,1623452;0002;086;0002;086;RM086D0002;;;;;;;;
1064;RM086D0003;Hotel, hostal, alojamiento;Privada;Público;Hoteles NH;NH Las Tablas;AVENIDA;BURGOS;131;28050;Madrid;8;86;40,4981629;-3,6644038;24 horas;;;;;;;;YES;;;44,1625667;0003;086;0003;086;RM086D0003;;;;;;;;
2698;RM085D0004;Centro de trabajo (no administración pública);Privada;Privado;Pontegadea (Torre Foster, también conocida como torre Cepsa);Torre Cepsa Vestíbulo ;PASEO;CASTELLANA;259 A;28046;Madrid;8;85;40,4756639;-3,6874047;NO;7;19;0;0;0;0;Sí;YES;;;44,1630686;0004;085;0004;085;RM085D0004;;;;;;;;
1025;RM086D0005;Centro de trabajo (no administración pública);Privada;Privado;Cae ser Seguros;Caeser Seguros;AVENIDA;BURGOS;109;28050;Madrid;8;86;40,496367;-3,6669271;NO;8;17;0;0;0;0;Sí;YES;;;44,1632941;0005;086;0005;086;RM086D0005;;;;;;;;
3349;RM086D0006;Centro comercial;Privada;Público;Porche;Porche Av Burgos;AVENIDA;BURGOS;87;28050;Madrid;8;86;40,490257;-3,6730714;24 horas;;;;;;;;YES;;;44,1633284;0006;086;0006;086;RM086D0006;;;;;;;;
1066;RM086D0007;Centro de trabajo (no administración pública);Privada;Privado;Edificio empresarial ;Edificio Cobendai;CALLE;QUINTANAPALLA;2;28050;Madrid;8;86;40,4976543;-3,6656926;24 horas;;;;;;;;YES;;;44,1633469;0007;086;0007;086;RM086D0007;;;;;;;;
2340;RM086D0008;Centro de trabajo (no administración pública);Privada;Privado;Tornini;Gorbea 5, nombre del edificio ;CALLE;QUINTANAVIDES;2;28050;Madrid;8;86;40,497074;-3,667164;NO;7;23;0;0;0;0;No;NO;;;44,164238;0008;086;0008;086;RM086D0008;;;;;;;;
2359;RM086D0009;Centro de trabajo (no administración pública);Privada;Privado;Renault ;Renault Concesionario ;AVENIDA;BURGOS;93;28050;Madrid;8;86;40,49442;-3,669829;NO;8;8;10;13;0;0;No;NO;;;44,164249;0009;086;0009;086;RM086D0009;;;;;;;;
2696;RM085D0010;Hotel, hostal, alojamiento;Privada;Público;Hotel Eurostars Madrid Tower;Vestíbulo Hotel Eurostars Madrid Tower;PASEO;CASTELLANA;259 B;28046;Madrid;8;85;40,4766228;-3,687686;24 horas;;;;;;;;YES;;;44,1643088;0010;085;0010;085;RM085D0010;;;;;;;;
3348;RM086D0011;Centro de trabajo (no administración pública);Privada;Privado;Varios;Oficinas Av Burgos 89;AVENIDA;BURGOS;89;28050;Madrid;8;86;40,4918873;-3,6725041;NO;9;16;0;0;0;0;Sí;YES;;;44,1643914;0011;086;0011;086;RM086D0011;;;;;;;;
2029;RM086D0012;Centro educativo;Pública;Público;Colegio El Valle;Colegio El Valle de las Tablas;CALLE;PALAS DE REY;4;28050;Madrid;8;86;40,5040429;-3,6603959;NO;13;23;0;0;0;0;No;NO;;;44,1644388;0012;086;0012;086;RM086D0012;;;;;;;;
1093;RM086D0013;Centro de trabajo (no administración pública);Privada;Privado;Ricoh España;Ricoh España;CALLE;PUERTO DE SOMPORT;21;28050;Madrid;8;86;40,4957347;-3,6688526;NO;8;17;0;0;0;0;No;NO;;;44,1645873;0013;086;0013;086;RM086D0013;;;;;;;;
1550;RM086D0014;Otro;Privada;Privado;MERCEDES BENZ TALLER Y CONCESIONARIO;MERCEDES BENZ TALLER Y CONCESIONARIO;CALLE;ISLA DE JAVA;5;28034;Madrid;8;86;40,4858119;-3,6788981;NO;6;19;9;14;0;0;No;NO;;;44,16471;0014;086;0014;086;RM086D0014;;;;;;;;
1024;RM085D0015;Otro establecimiento administración pública;Pública;Público;Instituto Carlos III;Instituto Carlos III;AVENIDA;MONFORTE DE LEMOS;5;28029;Madrid;8;85;40,47538;-3,6899371;NO;7;21;0;0;0;0;No;NO;;;44,1653171;0015;085;0015;085;RM085D0015;;;;;;;;
2360;RM086D0016;Centro de trabajo (no administración pública);Privada;Privado;ABBOTT;Laboratorios;AVENIDA;BURGOS;91;28050;Madrid;8;86;40,493988;-3,671423;24 horas;;;;;;;;YES;;;44,165411;0016;086;0016;086;RM086D0016;;;;;;;;
2361;RM086D0017;Centro de trabajo (no administración pública);Privada;Privado;ABBOTT;ABBOTT laboratorios;AVENIDA;BURGOS;91;28050;Madrid;8;86;40,493988;-3,671423;24 horas;;;;;;;;YES;;;44,165411;0017;086;0017;086;RM086D0017;;;;;;;;
2362;RM086D0018;Centro de trabajo (no administración pública);Privada;Privado;ABBVIE;Complejo ABBOTT;AVENIDA;BURGOS;91;28050;Madrid;8;86;40,493988;-3,671423;24 horas;;;;;;;;YES;;;44,165411;0018;086;0018;086;RM086D0018;;;;;;;;
2363;RM086D0019;Centro de trabajo (no administración pública);Privada;Privado;ABBVIE;Edificio 2;AVENIDA;BURGOS;91;28050;Madrid;8;86;40,493988;-3,671423;24 horas;;;;;;;;YES;;;44,165411;0019;086;0019;086;RM086D0019;;;;;;;;
2692;RM085D0020;Centro de trabajo (no administración pública);Privada;Privado;Torre Emperador Castellana;Vestíbulo Torre Emperador Castellana;PASEO;CASTELLANA;259 D;28046;Madrid;8;85;40,4788707;-3,6866517;NO;7;19;7;19;7;19;Sí;YES;;;44,1655224;0020;085;0020;085;RM085D0020;;;;;;;;
2694;RM085D0021;Centro de trabajo (no administración pública);Privada;Privado;KPMG;Torre de cristal KPMG;PASEO;CASTELLANA;259 C;28046;Madrid;8;85;40,4788707;-3,6866517;NO;7;19;0;0;0;0;Sí;YES;;;44,1655224;0021;085;0021;085;RM085D0021;;;;;;;;
2690;RM085D0022;Transportes-Metro;Pública;Público;Metro de Madrid;Estación de Metro Begoña acceso La Paz;PASEO;CASTELLANA;S/N;28046;Madrid;8;85;40,480156;-3,6859024;NO;6;2;6;2;6;2;No;YES;;;44,1660584;0022;085;0022;085;RM085D0022;;;;;;;;
2027;RM086D0023;Centro educativo;Privada;Público;Colegio El Valle - Las tablas;Secretaría colegio El Valle - Las Tablas;CALLE;CEBREIRO;S/N;28050;Madrid;8;86;40,504877;-3,6614765;NO;9;18;0;0;0;0;No;NO;;;44,1663535;0023;086;0023;086;RM086D0023;;;;;;;;
2025;RM086D0024;Centro deportivo;Privada;Público;Colegio El Valle;Polideportivo colegio El valle - las tablas;CALLE;CEBREIRO;2;28050;Madrid;8;86;40,5040541;-3,6624417;NO;16;22;0;0;0;0;No;NO;;;44,1664958;0024;086;0024;086;RM086D0024;;;;;;;;
1058;RM086D0025;Centro de trabajo (no administración pública);Privada;Privado;BBVA;BBVA edificio Asia ;CALLE;SAUCEDA;28;28050;Madrid;8;86;40,5022591;-3,6643438;24 horas;;;;;;;;YES;;;44,1666029;0025;086;0025;086;RM086D0025;;;;;;;;
1038;RM086D0026;Centro de trabajo (no administración pública);Privada;Privado;BBVA;BBVA business center América del norte;CALLE;AZUL;4;28050;Madrid;8;86;40,5011552;-3,6660017;24 horas;;;;;;;;YES;;;44,1671569;0026;086;0026;086;RM086D0026;;;;;;;;
1042;RM086D0027;Centro de trabajo (no administración pública);Privada;Privado;BBVA;BBVA edificio Oceanía, restaurante;CALLE;AZUL;4;28050;Madrid;8;86;40,5011552;-3,6660017;24 horas;;;;;;;;YES;;;44,1671569;0027;086;0027;086;RM086D0027;;;;;;;;
1044;RM086D0028;Centro de trabajo (no administración pública);Privada;Privado;BBVA;BBVA auditorio;CALLE;AZUL;4;28050;Madrid;8;86;40,5011552;-3,6660017;24 horas;;;;;;;;YES;;;44,1671569;0028;086;0028;086;RM086D0028;;;;;;;;
1046;RM086D0029;Centro de trabajo (no administración pública);Privada;Privado;BBVA;BBVA edificio África ;CALLE;AZUL;4;28050;Madrid;8;86;40,5011552;-3,6660017;24 horas;;;;;;;;YES;;;44,1671569;0029;086;0029;086;RM086D0029;;;;;;;;
1048;RM086D0030;Centro de trabajo (no administración pública);Privada;Privado;BBVA;BBVA edificio América del sur;CALLE;AZUL;4;28050;Madrid;8;86;40,5011552;-3,6660017;24 horas;;;;;;;;YES;;;44,1671569;0030;086;0030;086;RM086D0030;;;;;;;;
1050;RM086D0031;Centro de trabajo (no administración pública);Privada;Privado;BBVA;BBVA edificio Asia;CALLE;AZULEJO;4;28050;Madrid;8;86;40,5011552;-3,6660017;24 horas;;;;;;;;YES;;;44,1671569;0031;086;0031;086;RM086D0031;;;;;;;;
1031;RM086D0032;Centro de trabajo (no administración pública);Privada;Privado;BBVA;BBVA edificio La Isla;CALLE;AZUL;17;28050;Madrid;8;86;40,5012435;-3,6661818;NO;7;21;9;15;9;15;Sí;YES;;;44,1674253;0032;086;0032;086;RM086D0032;;;;;;;;
2352;RM086D0033;Centro de trabajo (no administración pública);Privada;Privado;Merlin;Edificio 3 ;CALLE;QUINTANAVIDES;11;28050;Madrid;8;86;40,49834946;-3,669095783;24 horas;;;;;;;;YES;;;44,16744525;0033;086;0033;086;RM086D0033;;;;;;;;
2034;RM086D0034;Centro educativo;Pública;Público;Colegio Las Tablas Valverde;Colegio Las Tablas Valverde;PASEO;TIERRA DE MELIDE;24;28050;Madrid;8;86;40,5059681;-3,6614943;NO;9;18;0;0;0;0;No;NO;;;44,1674624;0034;086;0034;086;RM086D0034;;;;;;;;
2342;RM086D0035;Centro de trabajo (no administración pública);Privada;Privado;Merlin;Garita entrada principal ;CALLE;QUINTANAVIDES;11;28050;Madrid;8;86;40,498569;-3,669183;24 horas;;;;;;;;YES;;;44,167752;0035;086;0035;086;RM086D0035;;;;;;;;
2345;RM086D0036;Centro de trabajo (no administración pública);Privada;Privado;Merlin;11-21 edificio 1;CALLE;QUINTANAVIDES;11;28050;Madrid;8;86;40,498569;-3,669183;24 horas;;;;;;;;YES;;;44,167752;0036;086;0036;086;RM086D0036;;;;;;;;
2348;RM086D0037;Centro de trabajo (no administración pública);Privada;Privado;Construcia;Construcia;CALLE;QUINTANAVIDES;11;28050;Madrid;8;86;40,498569;-3,669183;NO;8;18;0;0;0;0;No;NO;;;44,167752;0037;086;0037;086;RM086D0037;;;;;;;;
2350;RM086D0038;Centro de trabajo (no administración pública);Privada;Privado;Merlin;Edificio 2;CALLE;QUINTANAVIDES;11;28050;Madrid;8;86;40,498569;-3,669183;24 horas;;;;;;;;YES;;;44,167752;0038;086;0038;086;RM086D0038;;;;;;;;
2355;RM086D0039;Centro de trabajo (no administración pública);Privada;Privado;Clece;Empresa Clece;CALLE;QUINTANAVIDES;11;28050;Madrid;8;86;40,498569;-3,669183;NO;8;16;0;0;0;0;No;NO;;;44,167752;0039;086;0039;086;RM086D0039;;;;;;;;
2356;RM086D0040;Centro de trabajo (no administración pública);Privada;Privado;Merlin;Edificio 4;CALLE;QUINTANAVIDES;11;28050;Madrid;8;86;40,498569;-3,669183;24 horas;;;;;;;;YES;;;44,167752;0040;086;0040;086;RM086D0040;;;;;;;;
2354;RM086D0041;Centro de trabajo (no administración pública);Privada;Privado;Clece;Oficinas Clece;CALLE;QUINTANAVIDES;11;28050;Madrid;8;86;40,498669;-3,669183;NO;8;16;0;0;0;0;No;NO;;;44,167852;0041;086;0041;086;RM086D0041;;;;;;;;
1095;RM086D0042;Centro de trabajo (no administración pública);Privada;Público;Adecúa centro empresarial ;Adecúa centro empresarial;CARRETERA;FUENCARRAL A HORTALEZA;6;28050;Madrid;8;86;40,4938161;-3,6742213;24 horas;;;;;;;;YES;;;44,1680374;0042;086;0042;086;RM086D0042;;;;;;;;
2334;RM086D0043;Centro de trabajo (no administración pública);Privada;Público;Oxxeo;Oxxeo hall;CALLE;PUERTO DE SOMPORT;9;28050;Madrid;8;86;40,49633623;-3,6721244;24 horas;;;;;;;;YES;;;44,16846063;0043;086;0043;086;RM086D0043;;;;;;;;
2335;RM086D0044;Centro de trabajo (no administración pública);Privada;Público;GMP ;ARQBOREA;CALLE;QUINTANADUEÑAS;6;28050;Madrid;8;86;40,497155;-3,671319;24 horas;;;;;;;;YES;;;44,168474;0044;086;0044;086;RM086D0044;;;;;;;;
2336;RM086D0045;Centro de trabajo (no administración pública);Privada;Privado;BP;BP. Edificio B;CALLE;QUINTANADUEÑAS;6;28050;Madrid;8;86;40,497155;-3,671319;NO;7;21;0;0;0;0;Sí;YES;;;44,168474;0045;086;0045;086;RM086D0045;;;;;;;;
2337;RM086D0046;Centro de trabajo (no administración pública);Privada;Privado;Bristol Myers;Bryston Myers;CALLE;QUINTANADUEÑAS;6;28050;Madrid;8;86;40,497155;-3,671319;NO;8;17;0;0;0;0;Sí;YES;;;44,168474;0046;086;0046;086;RM086D0046;;;;;;;;
2358;RM086D0047;Centro de trabajo (no administración pública);Privada;Privado;Serveo;Edificio 5;CALLE;QUINTANAVIDES;11;28050;Madrid;8;86;40,498569;-3,6699183;NO;8;20;0;0;0;0;No;NO;;;44,1684873;0047;086;0047;086;RM086D0047;;;;;;;;
2339;RM086D0048;Centro de trabajo (no administración pública);Privada;Público;Inmobiliaria Colonial;Venta de coches;CALLE;PUERTO DE SOMPORT;8;28050;Madrid;8;86;40,495311;-3,673342;24 horas;;;;;;;;YES;;;44,168653;0048;086;0048;086;RM086D0048;;;;;;;;
2338;RM086D0049;Centro de trabajo (no administración pública);Privada;Privado;Capgemini;Capgemini;CALLE;PUERTO DE SOMPORT;9;28050;Madrid;8;86;40,496432;-3,672564;NO;7;22;0;0;0;0;No;NO;;;44,168996;0049;086;0049;086;RM086D0049;;;;;;;;
3547;RM086D0050;Otro establecimiento administración pública;Pública;Público;Comunidad de propietarios;DIRECCIÓN GENERAL DE DEPORTES COMUNIDAD DE MADRID;AVENIDA;SALAS DE LOS INFANTES;1;28034;Madrid;8;86;40,486036;-3,683983;NO;8;20;0;0;0;0;No;NO;;;44,170019;0050;086;0050;086;RM086D0050;;;;;;;;
1027;RM085D0051;Otro establecimiento administración pública;Pública;Público;Centro Nacional de Investigaciones Oncológicas ;CNIO ;CALLE;MELCHOR FERNÁNDEZ ALMAGRO;3;28029;Madrid;8;85;40,4763676;-3,6939936;NO;8;15;0;0;0;0;No;NO;;;44,1703612;0051;085;0051;085;RM085D0051;;;;;;;;
1548;RM086D0052;Otro;Privada;Privado;Iberia / PYD / LVMH / Farlabo;Iberia / PYD / LVMH / Farlabo;CALLE;ISLA DE JAVA;33;28034;Madrid;8;86;40,4886987;-3,6819592;24 horas;;;;;;;;YES;;;44,1706579;0052;086;0052;086;RM086D0052;;;;;;;;
1069;RM086D0053;Centro educativo;Pública;Público;UNED;UNED Las Tablas;AVENIDA;SANTO DOMINGO DE LA CALZADA;9;28050;Madrid;8;86;40,5049362;-3,6657513;NO;9;22;0;0;0;0;No;NO;;;44,1706875;0053;086;0053;086;RM086D0053;;;;;;;;
1562;RM086D0054;Transportes-Metro;Pública;Público;Metro de Madrid;Estación de Metro Begoña;CALLE;SAN MODESTO;10;28034;Madrid;8;86;40,4837684;-3,6871862;NO;6;2;6;2;6;2;No;YES;;;44,1709546;0054;086;0054;086;RM086D0054;;;;;;;;
1564;RM086D0055;Centro educativo;Privada;Público;COLEGIO SAN JOSÉ DE BEGOÑA;COLEGIO SAN JOSÉ DE BEGOÑA;CALLE;MARCOS DE ORUETA;15;28034;Madrid;8;86;40,4840531;-3,6874681;NO;8;13;0;0;0;0;No;NO;;;44,1715212;0055;086;0055;086;RM086D0055;;;;;;;;
1073;RM085D0056;Centro educativo;Pública;Público;UAM;UAM Medicina Edificio Aulas ;CALLE;ARZOBISPO MORCILLO;4;28029;Madrid;8;85;40,4815208;-3,6908263;NO;8;17;0;0;0;0;No;NO;;;44,1723471;0056;085;0056;085;RM085D0056;;;;;;;;
1074;RM085D0057;Centro educativo;Pública;Público;UAM;UAM Medicina Conserjería Recepción ;CALLE;ARZOBISPO MORCILLO;4;28029;Madrid;8;85;40,4815208;-3,6908263;NO;8;17;0;0;0;0;No;NO;;;44,1723471;0057;085;0057;085;RM085D0057;;;;;;;;
1071;RM085D0058;Centro deportivo;Pública;Público;Ayuntamiento de Madrid;CDM Vicente del Bosque;AVENIDA;MONFORTE DE LEMOS;13;28029;Madrid;8;85;40,4787914;-3,6937672;NO;9;21;9;21;9;21;No;NO;;;44,1725586;0058;085;0058;085;RM085D0058;;;;;;;;
1532;RM086D0059;Otro establecimiento administración pública;Pública;Público;AGENCIA TRIBUTARIA ;AGENCIA TRIBUTARIA ;AVENIDA;LLANO CASTELLANO;17;28034;Madrid;8;86;40,4875024;-3,6851804;NO;9;14;0;0;0;0;No;NO;;;44,1726828;0059;086;0059;086;RM086D0059;;;;;;;;
1534;RM086D0060;Otro establecimiento administración pública;Pública;Público;LOTERÍAS Y APUESTAS DEL ESTADO;LOTERÍAS Y APUESTAS DEL ESTADO;CALLE;MANUEL TOVAR;13;28034;Madrid;8;86;40,4871544;-3,6859952;NO;8;16;0;0;0;0;Sí;YES;;;44,1731496;0060;086;0060;086;RM086D0060;;;;;;;;
1092;RM086D0061;Otro;Privada;Público;HM Hospitales;HM Poñiclinici Las Tablas;CALLE;SIERRA DE ATAPUERCA;5;28050;Madrid;8;86;40,5004111;-3,6730921;NO;8;15;0;0;0;0;No;NO;;;44,1735032;0061;086;0061;086;RM086D0061;;;;;;;;
1552;RM086D0062;Otro;Privada;Privado;REDSYS SERVICIOS DE PROCESAMIENTO S.L;REDSYS;CALLE;FRANCISCO SANCHA;12;28034;Madrid;8;86;40,4869264;-3,6867874;NO;8;15;0;0;0;0;No;NO;;;44,1737138;0062;086;0062;086;RM086D0062;;;;;;;;
1529;RM086D0063;Otro;Privada;Privado;TENDAM RETAIL;TENDAM RETAIL;AVENIDA;LLANO CASTELLANO;51;28034;Madrid;8;86;40,4885661;-3,6853518;24 horas;;;;;;;;YES;;;44,1739179;0063;086;0063;086;RM086D0063;;;;;;;;
1530;RM086D0064;Otro;Privada;Privado;TENDAM RETAIL;TENDAM RETAIL;AVENIDA;LLANO CASTELLANO;51;28034;Madrid;8;86;40,4885661;-3,6853518;24 horas;;;;;;;;YES;;;44,1739179;0064;086;0064;086;RM086D0064;;;;;;;;
2036;RM086D0065;Centro de trabajo (no administración pública);Privada;Privado;Dragados;Dragados;CALLE;VILAR DE DONAS;1;28050;Madrid;8;86;40,5085762;-3,6654485;NO;10;14;0;0;0;0;No;NO;;;44,1740247;0065;086;0065;086;RM086D0065;;;;;;;;
1029;RM085D0066;Otro establecimiento administración pública;Pública;Público;INSTITUTO INVESTIGACIONES BIOMEDICAS ALBERTO SOLÍS;INSTITUTO INVESTIGACIONES BIOMEDICAS ALBERTO SOLÍS;CALLE;ARTURO DUPERIER;4;28029;Madrid;8;85;40,482911;-3,691782;24 horas;;;;;;;;YES;;;44,174693;0066;085;0066;085;RM085D0066;;;;;;;;
1091;RM086D0067;Centro educativo;Pública;Público;Comunidad de Madrid;Instituto Malala Yousafzai ;AVENIDA;CAMINO DE SANTIAGO;14;28050;Madrid;8;86;40,5011552;-3,6740239;NO;9;17;0;0;0;0;No;NO;;;44,1751791;0067;086;0067;086;RM086D0067;;;;;;;;
2044;RM086D0068;Centro de trabajo (no administración pública);Privada;Público;Lantania;Lantania;CALLE;SOBRADO;2;28050;Madrid;8;86;40,5100394;-3,6653198;NO;9;18;0;0;0;0;No;NO;;;44,1753592;0068;086;0068;086;RM086D0068;;;;;;;;
1072;RM086D0069;Centro educativo;Pública;Público;Comunidad de Madrid;Colegio Gabriela Mistral;CALLE;MIRALLOS;3;28050;Madrid;8;86;40,5080969;-3,6672694;NO;8;16;0;0;0;0;No;NO;;;44,1753663;0069;086;0069;086;RM086D0069;;;;;;;;
1077;RM086D0070;Centro de trabajo (no administración pública);Privada;Privado;Cogesa;Cogesa;CALLE;REDECILLA DEL CAMINO;9;28050;Madrid;8;86;40,5067604;-3,6689203;NO;8;15;0;0;0;0;No;NO;;;44,1756807;0070;086;0070;086;RM086D0070;;;;;;;;
1078;RM086D0071;Viviendas;Privada;Privado;Comunidad de propietarios;Comunidad de propietarios Redecilla del Camino;CALLE;REDECILLA DEL CAMINO;9;28050;Madrid;8;86;40,5064726;-3,6692458;24 horas;;;;;;;;YES;;;44,1757184;0071;086;0071;086;RM086D0071;;;;;;;;
1076;RM085D0072;Otro;Privada;Privado;Geoquest y Freyssinet;Geoquest y Freyssinet;CALLE;MELCHOR FERNÁNDEZ ALMAGRO;23;28029;Madrid;8;85;40,4776617;-3,6982393;NO;8;15;0;0;0;0;No;NO;;;44,175901;0072;085;0072;085;RM085D0072;;;;;;;;
1555;RM086D0073;Centro residencial de uso público;Pública;Público;Centro de Mayores Virgen de Begoña;Centro de Mayores Virgen de Begoña;CALLE;VIRGEN DE ARÁNZAZU;28;28034;Madrid;8;86;40,4868696;-3,6893618;NO;9;20;0;0;0;0;No;NO;;;44,1762314;0073;086;0073;086;RM086D0073;;;;;;;;
1030;RM085D0074;Viviendas;Privada;Privado;Bloque Viviendas Julio Palacios 1-3-5;Bloque Viviendas Julio Palacios 1-3-5;CALLE;JULIO PALACIOS;3;28029;Madrid;8;85;40,4823647;-3,6940395;24 horas;;;;;;;;YES;;;44,1764042;0074;085;0074;085;RM085D0074;;;;;;;;
1089;RM086D0075;Centro deportivo;Privada;Público;Las Tablas Soports;Las Tablas Sports;AVENIDA;CAMINO DE SANTIAGO;25;28050;Madrid;8;86;40,5027402;-3,6738405;NO;10;22;0;0;0;0;No;NO;;;44,1765807;0075;086;0075;086;RM086D0075;;;;;;;;
1560;RM086D0076;Centro educativo;Pública;Público;CENTRO EDUCATIVO TERAPÉUTICO HOSPITAL DE DÍA NORTE;CENTRO EDUCATIVO TERAPÉUTICO HOSPITAL DE DÍA NORTE;CALLE;VIRGEN DE ARÁNZAZU;5;28034;Madrid;8;86;40,4856505;-3,6911799;NO;9;16;0;0;0;0;No;NO;;;44,1768304;0076;086;0076;086;RM086D0076;;;;;;;;
1561;RM086D0077;Centro educativo;Pública;Público;Colegio Enrique Granados;Colegio Enrique Granados ;CALLE;VIRGEN DE ARÁNZAZU;5;28034;Madrid;8;86;40,4856505;-3,6911799;NO;9;16;0;0;0;0;No;NO;;;44,1768304;0077;086;0077;086;RM086D0077;;;;;;;;
1541;RM086D0078;Otro;Privada;Privado;Bankinter. Edificio Nueva Castellana ;Bankinter. Edificio Nueva Castellana.;CALLE;LABASTIDA;10;28034;Madrid;8;86;40,4898698;-3,6870058;24 horas;;;;;;;;YES;;;44,1768756;0078;086;0078;086;RM086D0078;;;;;;;;
1543;RM086D0079;Otro;Privada;Privado;MASID. Madrid Science Innovation District;MASID;CALLE;LABASTIDA;11;28034;Madrid;8;86;40,4898262;-3,6871647;NO;8;22;0;0;0;0;No;NO;;;44,1769909;0079;086;0079;086;RM086D0079;;;;;;;;
1090;RM086D0080;Centro educativo;Pública;Público;Comunidad de Madrid;Colegio Leopoldo Calvo-Sotelo;CALLE;PUENTE LA REINA;S/N;28050;Madrid;8;86;40,5020934;-3,6750005;NO;9;16;0;0;0;0;No;NO;;;44,1770939;0080;086;0080;086;RM086D0080;;;;;;;;
1035;RM085D0081;Viviendas;Privada;Privado;Comunidad de Propietarios Julio Palacios 29-31;Comunidad de Propietarios Julio Palacios 29-31;CALLE;JULIO PALACIOS;29;28029;Madrid;8;85;40,483233;-3,6939084;24 horas;;;;;;;;YES;;;44,1771414;0081;085;0081;085;RM085D0081;;;;;;;;
1544;RM086D0082;Centro educativo;Privada;Público;Comunidad de Madrid;CES Fuencarral;CALLE;LABASTIDA;13;28034;Madrid;8;86;40,4902746;-3,6871651;NO;8;20;0;0;0;0;No;NO;;;44,1774397;0082;086;0082;086;RM086D0082;;;;;;;;
2030;RM086D0083;Transportes-Metro;Pública;Público;Metro de Madrid;Estación de Metro Las Tablas;CALLE;PALAS DE REY;38;28050;Madrid;8;86;40,5082343;-3,6692331;NO;6;2;6;2;6;2;No;YES;;;44,1774674;0083;086;0083;086;RM086D0083;;;;;;;;
1033;RM085D0084;Viviendas;Privada;Privado;Julio Palacios 11 Edificio Roncesvalles;Julio Palacios 11 Edificio Roncesvalles;CALLE;JULIO PALACIOS;11;28029;Madrid;8;85;40,4826184;-3,6951463;24 horas;;;;;;;;YES;;;44,1777647;0084;085;0084;085;RM085D0084;;;;;;;;
1517;RM086D0085;Hotel, hostal, alojamiento;Privada;Público;HOTEL VILLAMADRID;HOTEL VILLAMADRID;CALLE;XAUDARÓ;2;28034;Madrid;8;86;40,489946;-3,6879526;24 horas;;;;;;;;YES;;;44,1778986;0085;086;0085;086;RM086D0085;;;;;;;;
1068;RM085D0086;Centro educativo;Pública;Público;COLEGIO BREOGAN ;COLEGIO BREOGAN ;CALLE;GINZO DE LIMIA;2;28029;Madrid;8;85;40,4754469;-3,7026564;NO;9;14;0;0;0;0;No;NO;;;44,1781033;0086;085;0086;085;RM085D0086;;;;;;;;
1084;RM086D0087;Centro de trabajo (no administración pública);Privada;Privado;Dragados;Dragados;AVENIDA;CAMINO DE SANTIAGO;50;28050;Madrid;8;86;40,5078525;-3,6705035;24 horas;;;;;;;;YES;;;44,178356;0087;086;0087;086;RM086D0087;;;;;;;;
1087;RM086D0088;Centro de trabajo (no administración pública);Privada;Privado;Dragados;Dragados;AVENIDA;CAMINO DE SANTIAGO;50;28050;Madrid;8;86;40,5078525;-3,6705035;24 horas;;;;;;;;YES;;;44,178356;0088;086;0088;086;RM086D0088;;;;;;;;
1020;RM085D0089;Centro educativo;Pública;Público;COLEGIO CAMILO JOSÉ CELA;COLEGIO CAMILO JOSÉ CELA;CALLE;MELCHOR FERNÁNDEZ ALMAGRO;22;28029;Madrid;8;85;40,4777343;-3,7008082;NO;9;15;0;0;0;0;No;NO;;;44,1785425;0089;085;0089;085;RM085D0089;;;;;;;;
1080;RM086D0090;Centro de trabajo (no administración pública);Privada;Privado;FCC;FCC centro de control;AVENIDA;CAMINO DE SANTIAGO;40;28050;Madrid;8;86;40,5067553;-3,6718452;24 horas;;;;;;;;YES;;;44,1786005;0090;086;0090;086;RM086D0090;;;;;;;;
420;RM086D0091;Transportes-Metro;Pública;Público;Metro de Madrid;Estación de Metro Ronda de la Comunicación vestíbulo ascensor 2;RONDA;COMUNICACIÓN;S/N;28050;Madrid;8;86;40,5158237;-3,6627985;NO;6;2;6;2;6;2;No;YES;;;44,1786222;0091;086;0091;086;RM086D0091;;;;;;;;
1525;RM086D0092;Otro;Privada;Privado;T-SYSTEMS;T-SYSTEMS;CALLE;ORDUÑA;2;28034;Madrid;8;86;40,4898121;-3,6888886;NO;8;20;0;0;0;0;No;NO;;;44,1787007;0092;086;0092;086;RM086D0092;;;;;;;;
1037;RM085D0093;Centro educativo;Pública;Público;Colegio Rabindranath Tagore;Colegio Rabindranath Tagore;CALLE;JULIO PALACIOS;35;28029;Madrid;8;85;40,4831045;-3,6958922;NO;8;15;0;0;0;0;No;NO;;;44,1789967;0093;085;0093;085;RM085D0093;;;;;;;;
2292;RM084D0094;Transportes-Metro;Pública;Público;Metro de Madrid;Estación de Metro Barrio del Pilar;CALLE;GINZO DE LIMIA;11;28029;Madrid;8;84;40,476244;-3,703319;NO;6;2;6;2;6;2;No;YES;;;44,179563;0094;084;0094;084;RM084D0094;;;;;;;;
1288;RM086D0095;Centro de trabajo (no administración pública);Privada;Privado;Empresa;De frente a la entrada ;CALLE;ISLAS JARVI;2;28034;Madrid;8;86;40,492653;-3,686927;NO;10;21;0;0;0;0;No;NO;;;44,17958;0095;086;0095;086;RM086D0095;;;;;;;;
2045;RM086D0096;Viviendas;Privada;Privado;Comunidad de viviendas;Comunidad de viviendas;CALLE;LIGONDE;2;28050;Madrid;8;86;40,51094;-3,6687131;24 horas;;;;;;;;YES;;;44,1796531;0096;086;0096;086;RM086D0096;;;;;;;;
2052;RM086D0097;Viviendas;Privada;Privado;Comunidad de propietarios, calle de la jacaranda 10;Comunidad de Vecinos;CALLE;TRIACASTELA;1;28050;Madrid;8;86;40,5102425;-3,6695513;24 horas;;;;;;;;YES;;;44,1797938;0097;086;0097;086;RM086D0097;;;;;;;;
2046;RM086D0098;Viviendas;Privada;Privado;Comunidad de propietarios, calle de la jacaranda 10;Comunidad de vecinos;CALLE;LIGONDE;3;28050;Madrid;8;86;40,5111367;-3,6687526;24 horas;;;;;;;;YES;;;44,1798893;0098;086;0098;086;RM086D0098;;;;;;;;
2051;RM086D0099;Centro educativo;Pública;Público;Colegio Josep Tarradellas;Colegio Josep Tarradellas;CALLE;TRIACASTELA;1;28050;Madrid;8;86;40,5097455;-3,670361;NO;9;17;0;0;0;0;No;NO;;;44,1801065;0099;086;0099;086;RM086D0099;;;;;;;;
2050;RM086D0100;Centro deportivo;Privada;Público;Vivagym;Vivagym gimnasio;CALLE;HOSPITAL DE ÓRBIGO;12;28050;Madrid;8;86;40,5122142;-3,6685109;NO;6;23;6;23;6;23;No;NO;;;44,1807251;0100;086;0100;086;RM086D0100;;;;;;;;
3495;RM086D0101;Centro educativo;Pública;Público;Comunidad de Madrid;CPEE Francisco del Pozo;CALLEJÓN;DÓMINE;6;28034;Madrid;8;86;40,494307;-3,686423;NO;9;14;0;0;0;0;No;NO;;;44,18073;0101;086;0101;086;RM086D0101;;;;;;;;
1519;RM086D0102;Otro establecimiento administración pública;Pública;Público;LOTERÍAS Y APUESTAS DEL ESTADO;LOTERÍAS Y APUESTAS DEL ESTADO;CALLE;XAUDARÓ;15;28034;Madrid;8;86;40,4892967;-3,6914516;24 horas;;;;;;;;YES;;;44,1807483;0102;086;0102;086;RM086D0102;;;;;;;;
1320;RM086D0103;Viviendas;Privada;Privado;Comunidad de propietarios, calle de la jacaranda 10;Urbanización en el hall ;CALLE;ZAMARRAMALA;51;28034;Madrid;8;86;40,49195858;-3,688836908;24 horas;;;;;;;;YES;;;44,18079549;0103;086;0103;086;RM086D0103;;;;;;;;
1088;RM086D0104;Viviendas;Privada;Privado;Comunidad de propietarios;Comunidad de vecinos las tablas de la castellana;CALLE;SAN JUAN DE ORTEGA;24;28050;Madrid;8;86;40,5051241;-3,6757653;24 horas;;;;;;;;YES;;;44,1808894;0104;086;0104;086;RM086D0104;;;;;;;;
1515;RM086D0105;Otro;Privada;Privado;MARKTEL;MARKTEL;CALLE;SALVATIERRA;5;28034;Madrid;8;86;40,4899745;-3,6913324;NO;8;23;0;0;0;0;No;NO;;;44,1813069;0105;086;0105;086;RM086D0105;;;;;;;;
1070;RM085D0106;Centro educativo;Pública;Público;Comunidad de Madrid;CEIP Príncipe Felipe;AVENIDA;MONFORTE DE LEMOS;24;28029;Madrid;8;85;40,4804151;-3,7009002;NO;9;14;0;0;0;0;No;NO;;;44,1813153;0106;085;0106;085;RM085D0106;;;;;;;;
2293;RM085D0107;Transportes-Metro;Pública;Público;Metro de Madrid;Estación de Metro Barrio del Pilar;CALLE;GINZO DE LIMIA;38;28029;Madrid;8;85;40,47807421;-3,703517765;NO;6;2;6;2;6;2;No;YES;;;44,18159198;0107;085;0107;085;RM085D0107;;;;;;;;
1568;RM086D0108;Otro;Privada;Privado;ISGF informes comerciales;ISGF informes comerciales;CALLE;LEZAMA;2;28034;Madrid;8;86;40,4903664;-3,6917622;NO;8;22;0;0;0;0;No;NO;;;44,1821286;0108;086;0108;086;RM086D0108;;;;;;;;
1283;RM086D0109;Centro residencial de uso público;Pública;Público;Ayuntamiento de Madrid;Centro de día municipal Fray Luis de León Sala comedor 1ª planta;CALLE;MANRESA;1;28034;Madrid;8;86;40,491712;-3,690615;NO;8;18;0;0;0;0;No;NO;;;44,182327;0109;086;0109;086;RM086D0109;;;;;;;;
1511;RM086D0110;Otro;Privada;Público;BMW;CONCESIONARIO CAETANO CUZCO BMW ;CALLE;SALVATIERRA;11;28034;Madrid;8;86;40,4899605;-3,6926677;NO;10;20;11;14;0;0;No;NO;;;44,1826282;0110;086;0110;086;RM086D0110;;;;;;;;
1566;RM086D0111;Transportes-Renfe;Pública;Público;ADIF;Estación de Cercanías Ramón y Cajal;CALLE;SAN MODESTO;S/N;28034;Madrid;8;86;40,4881237;-3,694811;NO;5;0;6;0;6;0;No;YES;;;44,1829347;0111;086;0111;086;RM086D0111;;;;;;;;
1292;RM086D0112;Otro establecimiento administración pública;Pública;Público;Ayuntamiento de Madrid;Ayuntamiento Fuencarral (en la entrada);PLAZA;ISLAS AZORES;1;28034;Madrid;8;86;40,49503585;-3,687959728;NO;8;22;8;14;0;0;No;NO;;;44,18299558;0112;086;0112;086;RM086D0112;;;;;;;;
2309;RM084D0113;Centro educativo;Pública;Público;Comunidad de Madrid;CEIP JORGE GUILLÉN;AVENIDA;EL FERROL;47;28029;Madrid;8;84;40,475312;-3,707817;NO;8;16;0;0;0;0;No;NO;;;44,183129;0113;084;0113;084;RM084D0113;;;;;;;;
2039;RM086D0114;Centro educativo;Pública;Público;Colegio Blas de Lezo;Colegio Blas de Lezo;CALLE;FRÓMISTA;27;28050;Madrid;8;86;40,5113376;-3,6720347;NO;8;18;0;0;0;0;No;NO;;;44,1833723;0114;086;0114;086;RM086D0114;;;;;;;;
1311;RM086D0115;Centro educativo;Privada;Público;Colegio Sagrado Corazón;Colegio sagrado corazón en la recepción de la entrada ;PLAZA;MADRE MARÍA ANA MOGAS;12;28034;Madrid;8;86;40,49433539;-3,689097225;NO;7;19;0;0;0;0;No;NO;;;44,18343262;0115;086;0115;086;RM086D0115;;;;;;;;
1040;RM085D0116;Centro educativo;Pública;Público;INSTITUTO PRINCIPE FELIPE;IES PRÍNCIPE FELIPE EDIFICIO B;CALLE;FINISTERRE;11;28029;Madrid;8;85;40,480553;-3,7029115;NO;8;20;0;0;0;0;No;NO;;;44,1834645;0116;085;0116;085;RM085D0116;;;;;;;;
1546;RM086D0117;Otro;Privada;Privado;MADISON // Telecyl S.A;MADISON // Telecyl S.A;CALLE;LA ESTRADA;12;28034;Madrid;8;86;40,4898181;-3,6936469;NO;8;21;0;0;0;0;No;NO;;;44,183465;0117;086;0117;086;RM086D0117;;;;;;;;
3531;RM086D0118;Transportes-Renfe;Pública;Público;ADIF;Estación de Cercanías Fuencarral;CALLE;ANTONIO CABEZÓN;S/N;28034;Madrid;8;86;40,501612;-3,682485;NO;5;0;6;0;6;0;No;YES;;;44,184097;0118;086;0118;086;RM086D0118;;;;;;;;
2313;RM084D0119;Centro educativo;Pública;Público;Comunidad de Madrid;IES Gregorio Marañon;AVENIDA;EL FERROL;43;28029;Madrid;8;84;40,474345;-3,709938;NO;8;20;0;0;0;0;No;NO;;;44,184283;0119;084;0119;084;RM084D0119;;;;;;;;
2307;RM084D0120;Centro educativo;Privada;Público;Colegio Virgen del Pilar;Colegio Virgen del Pilar;CALLE;MELCHOR FERNÁNDEZ ALMAGRO;70;28029;Madrid;8;84;40,47600276;-3,708375329;NO;9;16;0;0;0;0;No;NO;;;44,18437809;0120;084;0120;084;RM084D0120;;;;;;;;
2298;RM084D0121;Centro comercial;Privada;Público;Primark;Primark La Vaguada;AVENIDA;MONFORTE DE LEMOS;36;28029;Madrid;8;84;40,479676;-3,704914;NO;10;22;10;22;10;22;No;NO;;;44,18459;0121;084;0121;084;RM084D0121;;;;;;;;
1043;RM085D0122;Otro establecimiento administración pública;Pública;Público;Instituto de mayores y servicios sociales;IMSERSO;CALLE;GINZO DE LIMIA;58;28029;Madrid;8;85;40,4811794;-3,7039838;NO;9;14;0;0;0;0;No;NO;;;44,1851632;0122;085;0122;085;RM085D0122;;;;;;;;
1052;RM084D0123;Centro comercial;Privada;Público;CC LA VAGUADA;CENTRO COMERCIAL LA VAGUADA;AVENIDA;MONFORTE DE LEMOS;36;28029;Madrid;8;84;40,4792033;-3,7062759;NO;10;22;10;22;11;21;No;NO;;;44,1854792;0123;084;0123;084;RM084D0123;;;;;;;;
2296;RM084D0124;Centro comercial;Privada;Público;CC La Vaguada;CC La Vaguada;AVENIDA;MONFORTE DE LEMOS;36;28029;Madrid;8;84;40,47926868;-3,706289198;NO;9;22;9;22;9;22;No;NO;;;44,18555788;0124;084;0124;084;RM084D0124;;;;;;;;
413;RM086D0125;Centro deportivo;Privada;Público;Crossfit Las Tablas;Crossfit Las Tablas;CALLE;ISABEL COLBRAND;10;28050;Madrid;8;86;40,5128436;-3,6728165;NO;6;21;6;21;6;21;No;NO;;;44,1856601;0125;086;0125;086;RM086D0125;;;;;;;;
397;RM086D0126;Centro de trabajo (no administración pública);Privada;Público;Famosa;Famosa planta 2 Zona común frente al office;CALLE;MARÍA TUBAU;3;28050;Madrid;8;86;40,51355079;-3,672402521;NO;9;19;0;0;0;0;No;NO;;;44,18595331;0126;086;0126;086;RM086D0126;;;;;;;;
3506;RM086D0127;Centro educativo;Pública;Público;Comunidad de Madrid;CEIP Vasco Núñez de Balboa;CALLE;NUESTRA SEÑORA DE VALVERDE;149;28034;Madrid;8;86;40,499516;-3,686534;NO;9;14;0;0;0;0;No;NO;;;44,18605;0127;086;0127;086;RM086D0127;;;;;;;;
416;RM086D0128;Centro de trabajo (no administración pública);Privada;Público;BBVA;Edificio BBVA recepción ;CALLE;ISABEL COLBRAND;4;28050;Madrid;8;86;40,514531;-3,671633;24 horas;;;;;;;;YES;;;44,186164;0128;086;0128;086;RM086D0128;;;;;;;;
2043;RM086D0129;Viviendas;Privada;Privado;Comunidad de propietarios;Comunidad de vecinos;CALLE;FRÓMISTA;5;28050;Madrid;8;86;40,5092555;-3,6773703;NO;7;23;0;0;0;0;No;NO;;;44,1866258;0129;086;0129;086;RM086D0129;;;;;;;;
2302;RM084D0130;Centro educativo;Privada;Público;Escuela Infantil Conde de Elda;Escuela Infantil Conde de Elda;CALLE;PONFERRADA;14;28029;Madrid;8;84;40,474668;-3,712019;NO;7;17;0;0;0;0;No;NO;;;44,186687;0130;084;0130;084;RM084D0130;;;;;;;;
1054;RM084D0131;Centro comercial;Privada;Público;CC LA VAGUADA ;CENTRO COMERCIAL LA VAGUADA ;AVENIDA;MONFORTE DE LEMOS;36;28029;Madrid;8;84;40,4787381;-3,7081023;NO;10;22;10;22;11;21;No;NO;;;44,1868404;0131;084;0131;084;RM084D0131;;;;;;;;
2311;RM084D0132;Centro educativo;Pública;Público;Comunidad de Madrid;CEPA José Luis Sampedro;CALLE;CHANTADA;34;28029;Madrid;8;84;40,473373;-3,713653;NO;9;21;0;0;0;0;No;NO;;;44,187026;0132;084;0132;084;RM084D0132;;;;;;;;
2299;RM084D0133;Centro deportivo;Privada;Público;FITNESS PARK MADRID;FITNESS PARK MADRID- LA VAGUADA;PASEO;VAGUADA;3;28029;Madrid;8;84;40,481035;-3,706001;NO;6;1;6;1;6;1;No;NO;;;44,187036;0133;084;0133;084;RM084D0133;;;;;;;;
1051;RM084D0134;Centro deportivo;Privada;Público;Gimnasio Fitness Park ;Gimnasio Fitness Park en interior de LA VAGUADA ;PASEO;VAGUADA;3;28029;Madrid;8;84;40,4809236;-3,7061138;NO;6;1;6;1;6;1;No;NO;;;44,1870374;0134;084;0134;084;RM084D0134;;;;;;;;
2304;RM084D0135;Centro de trabajo (no administración pública);Privada;Público;Fundacion A LA PAR;Fundación A LA PAR;CALLE;PONFERRADA;14;28029;Madrid;8;84;40,474781;-3,712259;NO;9;15;0;0;0;0;No;NO;;;44,18704;0135;084;0135;084;RM084D0135;;;;;;;;
2305;RM084D0136;Otro establecimiento administración pública;Pública;Público;Ayuntamiento de Madrid;Centro Mayores Conde de Elda;CALLE;PONFERRADA;16;28029;Madrid;8;84;40,474781;-3,712259;NO;10;20;16;20;16;20;No;NO;;;44,18704;0136;084;0136;084;RM084D0136;;;;;;;;
2317;RM084D0137;Centro educativo;Privada;Público;Colegio Nuestra Señora de la Vega;Colegio Nuestra Señora de la Vega;CALLE;SARRIA;10;28029;Madrid;8;84;40,47400449;-3,713068954;NO;9;18;0;0;0;0;No;NO;;;44,18707344;0137;084;0137;084;RM084D0137;;;;;;;;
2300;RM084D0138;Centro comercial;Privada;Público;CC La Vaguada;CC La Vaguada;AVENIDA;MONFORTE DE LEMOS;36;28029;Madrid;8;84;40,478911;-3,708376;NO;9;22;9;22;9;22;No;NO;;;44,187287;0138;084;0138;084;RM084D0138;;;;;;;;
403;RM086D0139;Centro de trabajo (no administración pública);Privada;Público;JAKALA;Planta 3B JAKALA;CALLE;MARÍA TUBAU;11;28050;Madrid;8;86;40,5124915;-3,6748258;NO;9;19;0;0;0;0;No;NO;;;44,1873173;0139;086;0139;086;RM086D0139;;;;;;;;
3500;RM086D0140;Centro educativo;Pública;Público;Comunidad de Madrid;CEIP Republica de Paraguay;CALLE;MANRESA;60;28034;Madrid;8;86;40,492102;-3,695225;NO;8;17;0;0;0;0;No;NO;;;44,187327;0140;086;0140;086;RM086D0140;;;;;;;;
657;RM085D0141;Otro;Pública;Público;Centro de Mayores Vocal Vecino Justo Sierra;Centro de Mayores Vocal Vecino Justo Sierra;CALLE;FERMÍN CABALLERO;17;28034;Madrid;8;85;40,4860735;-3,701429;NO;8;20;0;0;0;0;No;NO;;;44,1875025;0141;085;0141;085;RM085D0141;;;;;;;;
660;RM085D0142;Viviendas;Privada;Privado;Comunidad de propietarios;Bajo 18;CALLE;FERMÍN CABALLERO;18;28034;Madrid;8;85;40,4862273;-3,7013163;24 horas;;;;;;;;YES;;;44,1875436;0142;085;0142;085;RM085D0142;;;;;;;;
402;RM086D0143;Centro de trabajo (no administración pública);Privada;Privado;Mapfre;Edificio MAPFRE Edificio B 1° Planta ;CALLE;MARÍA TUBAU;10;28050;Madrid;8;86;40,5133763;-3,6742616;NO;9;19;0;0;0;0;No;NO;;;44,1876379;0143;086;0143;086;RM086D0143;;;;;;;;
640;RM085D0144;Centro educativo;Pública;Público;Comunidad de Madrid;IES Dámaso Alonso;CALLE;ALFREDO MARQUERÍE;21;28034;Madrid;8;85;40,4871584;-3,7005635;NO;8;17;0;0;0;0;No;NO;;;44,1877219;0144;085;0144;085;RM085D0144;;;;;;;;
2314;RM084D0145;Otro establecimiento administración pública;Pública;Público;Ayuntamiento de Madrid;Centro de Mayores La Vaguada;AVENIDA;MONFORTE DE LEMOS;38;28029;Madrid;8;84;40,479034;-3,708726;NO;9;9;10;20;10;20;No;NO;;;44,18776;0145;084;0145;084;RM084D0145;;;;;;;;
2315;RM084D0146;Otro establecimiento administración pública;Pública;Público;Ayuntamiento de Madrid;Centro Salud Comunitaria Fuencarral;AVENIDA;MONFORTE DE LEMOS;38;28029;Madrid;8;84;40,47860903;-3,709432181;NO;8;21;0;0;0;0;No;NO;;;44,18804121;0146;084;0146;084;RM084D0146;;;;;;;;
706;RM084D0147;Otro establecimiento administración pública;Pública;Público;Ayuntamiento de Madrid;Centro Municipal de mayores la Vaguada;AVENIDA;MONFORTE DE LEMOS;38;28029;Madrid;8;84;40,47916057;-3,709080998;NO;9;21;9;21;9;21;No;NO;;;44,18824157;0147;084;0147;084;RM084D0147;;;;;;;;
1305;RM086D0148;Transportes-Metro;Pública;Público;Metro de Madrid;Estación de Metro Fuencarral;CALLE;MOLINS DE REY;4;28034;Madrid;8;86;40,495018;-3,693224;NO;6;2;6;2;6;2;No;YES;;;44,188242;0148;086;0148;086;RM086D0148;;;;;;;;
2297;RM084D0149;Otro establecimiento administración pública;Pública;Público;Ayuntamiento de Madrid;Junta Distrito Fuencarral El Pardo;AVENIDA;MONFORTE DE LEMOS;40;28029;Madrid;8;84;40,47856204;-3,709723577;NO;8;14;0;0;0;0;No;NO;;;44,18828562;0149;084;0149;084;RM084D0149;;;;;;;;
2294;RM084D0150;Centro deportivo;Pública;Público;Ayuntamiento de Madrid;CDM María Jesús Rosa (la vaguada);AVENIDA;MONFORTE DE LEMOS;38;28029;Madrid;8;84;40,47940289;-3,709375004;NO;9;20;0;0;0;0;No;NO;;;44,18877789;0150;084;0150;084;RM084D0150;;;;;;;;
529;RM083D0151;Otro establecimiento administración pública;Pública;Público;Ayuntamiento de Madrid;Centro servicios sociales san Vicente de Paul ;CALLE;BUITRAGO DEL LOZOYA;22;28035;Madrid;8;83;40,47248415;-3,71651346;24 horas;;;;;;;;YES;;;44,18899761;0151;083;0151;083;RM083D0151;;;;;;;;
3550;RM083D0152;Otro establecimiento administración pública;Pública;Público;Ayuntamiento de Madrid;Centro de Servicios Sociales San Vicente de Paúl;CALLE;BUITRAGO DE LOZOYA;22;28035;Madrid;8;83;40,472517;-3,716558;NO;8;20;0;0;0;0;No;NO;;;44,189075;0152;083;0152;083;RM083D0152;;;;;;;;
3505;RM086D0153;Centro educativo;Pública;Público;Comunidad de Madrid;CEPA Fuencarral;CALLE;BRAILLE;10;28034;Madrid;8;86;40,49601;-3,693412;NO;9;14;0;0;0;0;No;NO;;;44,189422;0153;086;0153;086;RM086D0153;;;;;;;;
2308;RM084D0154;Centro educativo;Pública;Público;Comunidad de Madrid;CEIP Luis de Góngora;CALLE;SARRIA;49;28029;Madrid;8;84;40,47475392;-3,714698601;NO;9;17;0;0;0;0;No;NO;;;44,18945252;0154;084;0154;084;RM084D0154;;;;;;;;
527;RM083D0155;Viviendas;Privada;Privado;Comunidad de propietarios Candido Mateos 4;Comunidad de propietarios Candido Mateos 4;CALLE;CÁNDIDO MATEOS;4;28035;Madrid;8;83;40,47129366;-3,718175907;24 horas;;;;;;;;YES;;;44,18946957;0155;083;0155;083;RM083D0155;;;;;;;;
410;RM086D0156;Centro de trabajo (no administración pública);Privada;Público;CONMPLEJO CASTELLANA NORTE;Edificio A Huawei;CALLE;ISABEL COLBRAND;22;28050;Madrid;8;86;40,5102785;-3,6793745;NO;8;22;0;0;0;0;No;NO;;;44,189653;0156;086;0156;086;RM086D0156;;;;;;;;
412;RM086D0157;Centro de trabajo (no administración pública);Privada;Público;COMPLEJO CASTELLANA NORTE;Complejo Castellana Norte Edificio B;CALLE;ISABEL COLBRAND;22;28050;Madrid;8;86;40,509996;-3,6796585;NO;8;22;0;0;0;0;No;NO;;;44,1896545;0157;086;0157;086;RM086D0157;;;;;;;;
532;RM083D0158;Centro deportivo;Pública;Público;Vivagym;Viva Gym;CAMINO;GANAPANES;27;28035;Madrid;8;83;40,47411898;-3,715834816;NO;6;22;6;22;6;22;No;NO;;;44,1899538;0158;083;0158;083;RM083D0158;;;;;;;;
409;RM086D0159;Centro de trabajo (no administración pública);Privada;Privado;BANCO SABADELL;Edificio C Recepción Banco Sabadell;CALLE;ISABEL COLBRAND;22;28050;Madrid;8;86;40,5096713;-3,6803706;NO;8;22;0;0;0;0;No;NO;;;44,1900419;0159;086;0159;086;RM086D0159;;;;;;;;
643;RM085D0160;Hotel, hostal, alojamiento;Privada;Público;Hotel Eurostar;Hotel Eurostar;CALLE;ALFREDO MARQUERÍE;43;28034;Madrid;8;85;40,48657931;-3,70394839;24 horas;;;;;;;;YES;;;44,1905277;0160;085;0160;085;RM085D0160;;;;;;;;
653;RM084D0161;Transportes-Metro;Pública;Público;Metro de Madrid;Estación de Metro Herrera Oria;CALLE;GINZO DE LIMIA;S/N;28034;Madrid;8;84;40,48374162;-3,706875658;NO;6;2;6;2;6;2;No;YES;;;44,19061728;0161;084;0161;084;RM084D0161;;;;;;;;
2291;RM084D0162;Transportes-Metro;Pública;Público;Metro de Madrid;Estación de Metro Herrera Oria;CALLE;GINZO DE LIMIA;47;28034;Madrid;8;84;40,48374162;-3,706875658;NO;6;2;6;2;6;2;No;YES;;;44,19061728;0162;084;0162;084;RM084D0162;;;;;;;;
675;RM084D0163;Centro educativo;Privada;Público;Colegio Valdeluz;Colegio Valdeluz;CALLE;FERMÍN CABALLERO;53;28034;Madrid;8;84;40,4829961;-3,7076347;NO;8;20;0;0;0;0;No;NO;;;44,1906308;0163;084;0163;084;RM084D0163;;;;;;;;
647;RM085D0164;Centro educativo;Pública;Público;Colegio Lorenzo Luzuriaga;Colegio Lorenzo Luzuriaga;CALLE;VALENCIA DE DON JUAN;19;28034;Madrid;8;85;40,48528241;-3,705357961;NO;8;18;0;0;0;0;No;NO;;;44,19064037;0164;085;0164;085;RM085D0164;;;;;;;;
524;RM083D0165;Centro deportivo;Pública;Público;Ayuntamiento de Madrid;Centro deportivo la cabrera ;CALLE;LA CABRERA;2;28035;Madrid;8;83;40,47178465;-3,718900728;NO;7;22;9;14;0;0;No;NO;NOT VALID;it was RM083D0165;44,19068538;0165;083;0165;083;RM083D0165;;;;;;;;
3528;RM086D0166;Otro establecimiento administración pública;Pública;Público;Ayuntamiento de Madrid;Servicios sociales Badalona;CALLE;BADALONA;122;28034;Madrid;8;86;40,493613;-3,69711;NO;8;20;0;0;0;0;No;NO;;;44,190723;0166;086;0166;086;RM086D0166;;;;;;;;
394;RM086D0167;Centro de trabajo (no administración pública);Privada;Privado;Las Tablas Merlín ;Las Tablas Garita Seguridad;CALLE;FEDERICO MOMPOU;5;28050;Madrid;8;86;40,51124757;-3,679556044;24 horas;;;;;;;;YES;;;44,19080361;0167;086;0167;086;RM086D0167;;;;;;;;
395;RM086D0168;Centro de trabajo (no administración pública);Privada;Privado;Las Tablas Merlín ;Las Tablas Edificio 3;CALLE;FEDERICO MOMPOU;5;28050;Madrid;8;86;40,51124757;-3,679556044;24 horas;;;;;;;;YES;;;44,19080361;0168;086;0168;086;RM086D0168;;;;;;;;
392;RM086D0169;Centro de trabajo (no administración pública);Privada;Privado;Mediaset;Edificio B Mediaset;CALLE;FEDERICO MOMPOU;5;28050;Madrid;8;86;40,51124074;-3,679945471;24 horas;;;;;;;;YES;;;44,19118621;0169;086;0169;086;RM086D0169;;;;;;;;
3549;RM083D0170;Centro deportivo;Pública;Público;Ayuntamiento de Madrid;Instalación Deportiva  La Cabrera;CALLE;CABRERA;S/N;28035;Madrid;8;83;40,472192;-3,719065;NO;16;23;9;22;9;22;No;NO;;;44,191257;0170;083;0170;083;RM083D0170;;;;;;;;
389;RM086D0171;Centro de trabajo (no administración pública);Privada;Privado;Mediaset;Recepción Control de accesos MEDIASET;CALLE;FEDERICO MOMPOU;5;28050;Madrid;8;86;40,51173347;-3,679655377;24 horas;;;;;;;;YES;;;44,19138885;0171;086;0171;086;RM086D0171;;;;;;;;
391;RM086D0172;Centro de trabajo (no administración pública);Privada;Privado;Mediaset;Mediaset España Edificio A (zona Vending);CALLE;FEDERICO MOMPOU;5;28050;Madrid;8;86;40,51173347;-3,679655377;24 horas;;;;;;;;YES;;;44,19138885;0172;086;0172;086;RM086D0172;;;;;;;;
3504;RM086D0173;Centro educativo;Pública;Público;Comunidad de Madrid;CEIP José Bergamín;CALLE;BRAILLE;19;28034;Madrid;8;86;40,495413;-3,696156;NO;9;16;0;0;0;0;No;NO;;;44,191569;0173;086;0173;086;RM086D0173;;;;;;;;
654;RM085D0174;Otro establecimiento administración pública;Pública;Público;Centro de Mayores Ginzo de Limia;Centro de Mayores Ginzo de Limia;CALLE;GINZO DE LIMIA;66;28034;Madrid;8;85;40,4844785;-3,707178359;NO;9;20;9;19;0;0;No;NO;;;44,19165686;0174;085;0174;085;RM085D0174;;;;;;;;
645;RM085D0175;Viviendas;Privada;Privado;Comunidad de propietarios;Urbanización Aldebaran;CALLE;ALFREDO MARQUERÍE;53;28034;Madrid;8;85;40,48559179;-3,706328717;24 horas;;;;;;;;YES;;;44,19192051;0175;085;0175;085;RM085D0175;;;;;;;;
533;RM083D0176;Transportes-Metro;Pública;Público;Metro de Madrid;Estación de Metro Peñagrande;CAMINO;GANAPANES;33;28035;Madrid;8;83;40,47606325;-3,716103209;NO;6;2;6;2;6;2;No;YES;;;44,19216646;0176;083;0176;083;RM083D0176;;;;;;;;
3498;RM086D0177;Centro educativo;Privada;Público;Down Madrid Centro 3Olivos;Down Madrid Centro 3Olivos;CALLE;CUEVA DE MONTESINOS;45;28034;Madrid;8;86;40,499875;-3,692475;NO;9;19;0;0;0;0;No;NO;;;44,19235;0177;086;0177;086;RM086D0177;;;;;;;;
1866;RM086D0178;Centro de trabajo (no administración pública);Privada;Privado;Cofares;Edificio Cofares;CARRETERA;FUENCARRAL A ALCOBENDAS;6;28049;Madrid;8;86;40,5130787;-3,679313783;NO;6;10;6;14;0;0;Sí;YES;;;44,19239249;0178;086;0178;086;RM086D0178;;;;;;;;
704;RM084D0179;Otro;Privada;Privado;Club Ciudad de los Periodistas;Club Ciudad de los Periodistas;CALLE;FERMÍN CABALLERO;62;28034;Madrid;8;84;40,4833967;-3,7099789;NO;10;23;10;23;10;23;No;NO;;;44,1933756;0179;084;0179;084;RM084D0179;;;;;;;;
665;RM084D0180;Viviendas;Privada;Privado;Comunidad de propietarios;Comunidad propietarios ;CALLE;FERMÍN CABALLERO;65;28034;Madrid;8;84;40,4822142;-3,7111835;24 horas;;;;;;;;YES;;;44,1933977;0180;084;0180;084;RM084D0180;;;;;;;;
694;RM084D0181;Viviendas;Privada;Privado;Comunidad de propietarios;Comunidad propietarios Ciudad Periodistas;CALLE;GINZO DE LIMIA;55;28034;Madrid;8;84;40,4847823;-3,709057564;24 horas;;;;;;;;YES;;;44,19383986;0181;084;0181;084;RM084D0181;;;;;;;;
1301;RM086D0182;Centro deportivo;Pública;Público;San Isidro rugby club;San Isidro rugby club en oficina ;AVENIDA;CAMPO DE CALATRAVA;3;28034;Madrid;8;86;40,50053476;-3,69340924;NO;21;22;0;0;0;0;No;NO;;;44,193944;0182;086;0182;086;RM086D0182;;;;;;;;
708;RM084D0183;Centro educativo;Pública;Público;Colegio Cardenal Herrera Oria;Colegio Cardenal Herrera Oria;CALLE;FERMÍN CABALLERO;68;28034;Madrid;8;84;40,48263304;-3,711359247;NO;8;18;0;0;0;0;No;NO;;;44,19399229;0183;084;0183;084;RM084D0183;;;;;;;;
1308;RM086D0184;Centro deportivo;Privada;Público;Federación tenis;Federación tenis hall principal ;CALLE;SAN CUGAT DEL VALLÉS;1;28034;Madrid;8;86;40,49694409;-3,697254795;NO;8;22;8;22;8;22;No;NO;;;44,19419889;0184;086;0184;086;RM086D0184;;;;;;;;
3548;RM086D0185;Centro deportivo;Pública;Público;Ayuntamiento de Madrid;CDM Santa Ana;PASEO;ALAMEDILLAS;5;28034;Madrid;8;86;40,498111;-3,696389;NO;10;21;10;21;10;21;No;NO;;;44,1945;0185;086;0185;086;RM086D0185;;;;;;;;
710;RM084D0186;Centro educativo;Pública;Público;Instituto Herrera Oria;Instituto Herrera Oria;CALLE;FERMÍN CABALLERO;68;28034;Madrid;8;84;40,4832131;-3,7113629;NO;8;16;0;0;0;0;No;NO;;;44,194576;0186;084;0186;084;RM084D0186;;;;;;;;
509;RM083D0187;Centro deportivo;Pública;Público;Ayuntamiento de Madrid;Go fit peñagrande ;AVENIDA;MONFORTE DE LEMOS;184;28035;Madrid;8;83;40,47679139;-3,717809778;NO;9;22;9;22;9;22;No;NO;;;44,19460117;0187;083;0187;083;RM083D0187;;;;;;;;
1275;RM086D0188;Transportes-Metro;Pública;Público;Metro de Madrid;Estación de Metro Tres Olivos;CALLE;RETABLO DE MELISENDRA;1;28034;Madrid;8;86;40,5004732;-3,6942275;NO;6;2;6;2;6;2;No;YES;;;44,1947007;0188;086;0188;086;RM086D0188;;;;;;;;
521;RM083D0189;Centro educativo;Pública;Público;I.E.S. Isaac Newton ;I.E.S. Isaac Newton ;CALLE;ISLA MALAITA;2;28035;Madrid;8;83;40,47303549;-3,722016624;NO;7;15;0;0;0;0;No;NO;;;44,19505211;0189;083;0189;083;RM083D0189;;;;;;;;
523;RM083D0190;Centro residencial de uso público;Privada;Privado;Residencia Los Nogales;Centro residencia los nogales puerta de hierro I;CALLE;CÉSAR MANRIQUE;7;28035;Madrid;8;83;40,47321617;-3,721935981;24 horas;;;;;;;;YES;;;44,19515215;0190;083;0190;083;RM083D0190;;;;;;;;
3529;RM086D0191;Centro de trabajo (no administración pública);Privada;Público;EDIFICIO OFICINAS;EDIFICIO OFICINAS;TRAVESÍA;COSTA BRAVA;6;28034;Madrid;8;86;40,495629;-3,699873;NO;8;17;0;0;0;0;No;NO;;;44,195502;0191;086;0191;086;RM086D0191;;;;;;;;
519;RM083D0192;Otro establecimiento administración pública;Pública;Público;Ayuntamiento de Madrid;Centro día peñagrande ;CALLE;ISLA MALAITA;13;28035;Madrid;8;83;40,47443745;-3,72112327;NO;8;18;0;0;0;0;No;NO;;;44,19556072;0192;083;0192;083;RM083D0192;;;;;;;;
3530;RM086D0193;Otro establecimiento administración pública;Pública;Público;Comunidad de Madrid;Metro-Nave Mantenimiento Fuencarral;CALLE;RETABLO DE MELISENDRA;S/N;28034;Madrid;8;86;40,502687;-3,694029;24 horas;;;;;;;;YES;;;44,196716;0193;086;0193;086;RM086D0193;;;;;;;;
497;RM083D0194;Restaurante o similar;Privada;Privado;Centro de especialidad de empleo ;Edificio Santiago Compostela ;CALLE;SANTIAGO DE COMPOSTELA;94;28035;Madrid;8;83;40,4780245;-3,719439191;24 horas;;;;;;;;YES;;;44,19746369;0194;083;0194;083;RM083D0194;;;;;;;;
2301;RM083D0195;Otro establecimiento administración pública;Pública;Público;Comunidad de Madrid;Audiencia Provincial;CALLE;SANTIAGO DE COMPOSTELA;100;28035;Madrid;8;83;40,47738326;-3,720170437;24 horas;;;;;;;;YES;;;44,1975537;0195;083;0195;083;RM083D0195;;;;;;;;
501;RM083D0196;Otro establecimiento administración pública;Pública;Público;Audiencia Provincial ;Audiencia provincial ;CALLE;SANTIAGO DE COMPOSTELA;96;28035;Madrid;8;83;40,47790401;-3,719980596;24 horas;;;;;;;;YES;;;44,19788461;0196;083;0196;083;RM083D0196;;;;;;;;
504;RM083D0197;Centro de trabajo (no administración pública);Privada;Privado;Acerinox SA;Acerinox;CALLE;SANTIAGO DE COMPOSTELA;100;28035;Madrid;8;83;40,47766788;-3,720284811;24 horas;;;;;;;;YES;;;44,19795269;0197;083;0197;083;RM083D0197;;;;;;;;
695;RM087D0198;Centro educativo;Privada;Público;Colegio Virgen de Mirasierra;Colegio Virgen de Mirasierra;CALLE;LA MASÓ;103;28034;Madrid;8;87;40,48432847;-3,713996472;NO;8;18;0;0;0;0;No;NO;;;44,19832494;0198;087;0198;087;RM087D0198;;;;;;;;
698;RM087D0199;Centro educativo;Privada;Público;Colegio Virgen de Mirasierra;Colegio Virgen de Mirasierra;CALLE;LA MASÓ;103;28034;Madrid;8;87;40,48432847;-3,713996472;NO;8;18;0;0;0;0;No;NO;;;44,19832494;0199;087;0199;087;RM087D0199;;;;;;;;
493;RM083D0200;Transportes-Metro;Pública;Público;Metro de Madrid;Estación de Metro Avenida de la Ilustración;CALLE;ISLAS CÍES;23;28035;Madrid;8;83;40,48011232;-3,718352465;NO;6;2;6;2;6;2;No;YES;;;44,19846479;0200;083;0200;083;RM083D0200;;;;;;;;
490;RM083D0201;Centro educativo;Pública;Público;Colegio Bravo Murillo;Colegio Bravo Murillo;CALLE;ISLAS CÍES;11;28035;Madrid;8;83;40,48083497;-3,718041618;NO;8;17;0;0;0;0;No;NO;;;44,19887659;0201;083;0201;083;RM083D0201;;;;;;;;
701;RM087D0202;Centro deportivo;Pública;Público;Ayuntamiento de Madrid;CDM La Masó;CALLE;LA MASÓ;80;28034;Madrid;8;87;40,4843974;-3,71450455;NO;8;23;9;22;9;22;No;NO;;;44,19890195;0202;087;0202;087;RM087D0202;;;;;;;;
721;RM087D0203;Centro de trabajo (no administración pública);Privada;Privado;Edificio empresas;Nuria 36;CALLE;NURIA;36;28034;Madrid;8;87;40,49258329;-3,706413706;24 horas;;;;;;;;YES;;;44,198997;0203;087;0203;087;RM087D0203;;;;;;;;
725;RM087D0204;Otro;Privada;Privado;Sanitas;Sanitas Residencia y Centro de dia Mirasierra;CALLE;NURIA;40;28034;Madrid;8;87;40,49309445;-3,70661979;NO;10;20;10;20;10;20;No;NO;;;44,19971424;0204;087;0204;087;RM087D0204;;;;;;;;
2225;RM088D0205;Centro deportivo;Privada;Público;We/On Centro comercial Montecarmelo;Gimnasio We/On del Centro comercial Montecarmelo;AVENIDA;MONASTERIO DE SILOS;96;28049;Madrid;8;88;40,5105494;-3,6896585;NO;7;12;9;21;9;20;No;NO;;;44,2002079;0205;088;0205;088;RM088D0205;;;;;;;;
762;RM087D0206;Centro educativo;Privada;Público;Colegio Fomento El Prado;Colegio Fomento El Prado Secretaria;CALLE;COSTA BRAVA;4;28034;Madrid;8;87;40,49765819;-3,702808709;NO;8;18;0;0;0;0;No;NO;;;44,2004669;0206;087;0206;087;RM087D0206;;;;;;;;
476;RM083D0207;Centro educativo;Pública;Público;La Salle;La Salle Sagrado Corazón;AVENIDA;CARDENAL HERRERA ORIA;242;28035;Madrid;8;83;40,48294614;-3,717544979;NO;9;17;0;0;0;0;No;NO;;;44,20049112;0207;083;0207;083;RM083D0207;;;;;;;;
763;RM087D0208;Centro educativo;Privada;Público;Colegio Fomento El Prado;Colegio Fomento El Prado Gimnasio;CALLE;COSTA BRAVA;4;28034;Madrid;8;87;40,49765776;-3,702879511;NO;8;18;0;0;0;0;No;NO;;;44,20053727;0208;087;0208;087;RM087D0208;;;;;;;;
2753;RM088D0209;Centro comercial;Privada;Público;New Winds;En columna linea de cajas alcampo;CALLE;MONASTERIO DE ARLANZA;20;28049;Madrid;8;88;40,509983;-3,690673;NO;9;1;0;1;0;1;Sí;YES;;;44,200656;0209;088;0209;088;RM088D0209;;;;;;;;
1867;RM087D0210;Centro de trabajo (no administración pública);Privada;Público;Catalana Occidente ;Edificio monasterios de Suso y Yuso,34;CALLE;MONASTERIOS DE SUSO Y YUSO;34;28049;Madrid;8;87;40,502206;-3,698536;NO;7;20;0;0;0;0;Sí;YES;;;44,200742;0210;087;0210;087;RM087D0210;;;;;;;;
2227;RM088D0211;Centro comercial;Privada;Público;CC montecarmelo;Centro comercial Montecarmelo ;CALLE;MONASTERIO DE ARLANZA;20;28049;Madrid;8;88;40,5099048;-3,6909369;NO;9;0;9;0;9;0;Sí;YES;;;44,2008417;0211;088;0211;088;RM088D0211;;;;;;;;
2782;RM087D0212;Centro educativo;Pública;Público;Comunidad de Madrid;Colegio Infanta Leonor;CALLE;MONASTERIO DE EL PAULAR;140;28049;Madrid;8;87;40,501007;-3,700093;NO;9;15;0;0;0;0;No;NO;;;44,2011;0212;087;0212;087;RM087D0212;;;;;;;;
2749;RM088D0213;Transportes-Metro;Pública;Público;Metro de Madrid;Estación de Metro Montecarmelo;AVENIDA;MONASTERIO DE SILOS;63;28049;Madrid;8;88;40,505249;-3,695865;NO;6;2;6;2;6;2;No;YES;;;44,201114;0213;088;0213;088;RM088D0213;;;;;;;;
765;RM087D0214;Centro de trabajo (no administración pública);Privada;Privado;Borpana;Borpana;CALLE;CERRO DEL CASTAÑAR;27;28034;Madrid;8;87;40,48961312;-3,711657141;24 horas;;;;;;;;YES;;;44,20127026;0214;087;0214;087;RM087D0214;;;;;;;;
723;RM087D0215;Centro de trabajo (no administración pública);Privada;Privado;ONCE;ONCE;CALLE;NURIA;42;28034;Madrid;8;87;40,49360013;-3,707899537;NO;7;22;0;0;0;0;No;NO;;;44,20149967;0215;087;0215;087;RM087D0215;;;;;;;;
488;RM083D0216;Centro educativo;Pública;Público;Escuela infantil san victor;Escuela infantil san victor;PLAZA;PICO SALVAGUARDIA;S/N;28035;Madrid;8;83;40,48175848;-3,720198752;NO;9;17;0;0;0;0;No;NO;;;44,20195723;0216;083;0216;083;RM083D0216;;;;;;;;
515;RM083D0217;Otro establecimiento administración pública;Pública;Público;Ayuntamiento de Madrid;Centro mayores peñagrande ;CALLE;ISLA DE ONS;28;28035;Madrid;8;83;40,47987932;-3,722491074;24 horas;;;;;;;;YES;;;44,20237039;0217;083;0217;083;RM083D0217;;;;;;;;
3460;RM083D0218;Otro establecimiento administración pública;Pública;Público;Ayuntamiento de Madrid;CENTRO DE MAYORES PEÑAGRANDE;CALLE;ISLA DE ONS;28;28035;Madrid;8;83;40,47985;-3,722537;NO;9;21;10;20;10;20;No;NO;;;44,202387;0218;083;0218;083;RM083D0218;;;;;;;;
778;RM087D0219;Centro deportivo;Privada;Público;Club Mirasierra;Club Mirasierra;CALLE;COSTA BRAVA;8;28034;Madrid;8;87;40,4973037;-3,7053487;24 horas;;;;;;;;YES;;;44,2026524;0219;087;0219;087;RM087D0219;;;;;;;;
1330;RM083D0220;Otro;Pública;Público;Atenpace centro asociado a la red de dependencia comunidad de madrid;Atenpace centro asociado a la red de dependencia ;CALLE;ISLAS MARQUESAS;27;28035;Madrid;8;83;40,47640443;-3,726394147;NO;9;5;0;0;0;0;No;NO;;;44,20279858;0220;083;0220;083;RM083D0220;;;;;;;;
759;RM087D0221;Otro establecimiento administración pública;Pública;Público;CADP MIRASIERRA;CADP MIRASIERRA;CALLE;LA MASÓ;40;28034;Madrid;8;87;40,4892053;-3,7146774;NO;8;21;0;0;0;0;No;NO;;;44,2038827;0221;087;0221;087;RM087D0221;;;;;;;;
767;RM087D0222;Centro educativo;Privada;Público;ESADE;ESADE;CALLE;VALLE DE LA FUENFRÍA;3;28034;Madrid;8;87;40,49843273;-3,705802506;NO;8;20;0;0;0;0;No;NO;;;44,20423524;0222;087;0222;087;RM087D0222;;;;;;;;
766;RM087D0223;Otro establecimiento administración pública;Pública;Público;SEPE;SEPE;CALLE;VALLE DE LA FUENFRÍA;3;28034;Madrid;8;87;40,49843266;-3,705814306;NO;8;15;0;0;0;0;No;NO;;;44,20424697;0223;087;0223;087;RM087D0223;;;;;;;;
1329;RM083D0224;Centro de trabajo (no administración pública);Privada;Privado;Oficinas Vía Agora. VA Peñagrande;Oficinas Vía Agora;CALLE;ISLAS ALEUTIANAS;4;28035;Madrid;8;83;40,47517107;-3,729117795;NO;8;18;0;0;0;0;No;NO;;;44,20428887;0224;083;0224;083;RM083D0224;;;;;;;;
761;RM087D0225;Centro residencial de uso público;Privada;Público;Residencia para Mayores Ballesol Mirasierra *****;Residencia para Mayores Ballesol Mirasierra *****;CALLE;COLLADO DE CERRO MALEJO;5;28035;Madrid;8;87;40,4890982;-3,7155388;NO;8;21;0;0;0;0;No;NO;;;44,204637;0225;087;0225;087;RM087D0225;;;;;;;;
715;RM087D0226;Centro educativo;Pública;Público;Colegio Mirasierra;Colegio Mirasierra;CALLE;LA MASÓ;22;28034;Madrid;8;87;40,49148233;-3,713871692;NO;8;18;0;0;0;0;No;NO;;;44,20535402;0226;087;0226;087;RM087D0226;;;;;;;;
1262;RM087D0227;Centro residencial de uso público;Pública;Público;Residencia mayores Comunidad de Madrid;Residencia Mayores y centro de día Mirasierra;CALLE;PORTERA DEL CURA;1;28034;Madrid;8;87;40,49071035;-3,714878301;24 horas;;;;;;;;YES;;;44,20558865;0227;087;0227;087;RM087D0227;;;;;;;;
772;RM087D0228;Centro educativo;Pública;Público;Comunidad de Madrid;IES Mirasierra;CALLE;PORTERA DEL CURA;4;28034;Madrid;8;87;40,4910265;-3,7150505;NO;8;15;0;0;0;0;No;NO;;;44,206077;0228;087;0228;087;RM087D0228;;;;;;;;
3507;RM083D0229;Centro educativo;Privada;Público;CNSE;CNSE Confederación Estatal De Personas Sordas;CALLE;ISLAS ALEUTIANAS;28;28035;Madrid;8;83;40,477659;-3,728811;NO;8;15;0;0;0;0;No;NO;;;44,20647;0229;083;0229;083;RM083D0229;;;;;;;;
2748;RM088D0230;Centro educativo;Privada;Público;Iruaritz Lezama;Colegio Santa María La Blanca;CALLE;MONASTERIO DE OSEIRA;17;28049;Madrid;8;88;40,510452;-3,696509;NO;8;22;9;2;9;2;No;NO;;;44,206961;0230;088;0230;088;RM088D0230;;;;;;;;
3508;RM083D0231;Centro educativo;Privada;Público;COLEGIO SAN RAFAEL ARCANGEL;COLEGIO SAN RAFAEL ARCANGEL;CALLE;OTERO Y DELAGE;105;28035;Madrid;8;83;40,476125;-3,730979;NO;9;15;0;0;0;0;No;NO;;;44,207104;0231;083;0231;083;RM083D0231;;;;;;;;
719;RM087D0232;Transportes-Metro;Pública;Público;Metro de Madrid;Estación de Metro Mirasierra;AVENIDA;VENTISQUERO DE LA CONDESA;28;28034;Madrid;8;87;40,49099864;-3,716332753;NO;6;2;6;2;6;2;No;YES;;;44,20733139;0232;087;0232;087;RM087D0232;;;;;;;;
2217;RM088D0233;Centro educativo;Privada;Público;Colegio Santa Maria la Blanca;Colegio Santa Maria la Blanca;CALLE;MONASTERIO DE OSEIRA;17;28049;Madrid;8;88;40,5111314;-3,6963338;NO;8;22;8;14;8;22;No;NO;;;44,2074652;0233;088;0233;088;RM088D0233;;;;;;;;
2216;RM088D0234;Centro deportivo;Privada;Público;Colegio santa maría la blanca ;Polideportivo del colegio santa maría la blanca - la blanca sport club;CALLE;MONASTERIO DE OSEIRA;17;28049;Madrid;8;88;40,511122;-3,6963566;NO;9;22;9;14;9;14;No;NO;;;44,2074786;0234;088;0234;088;RM088D0234;;;;;;;;
777;RM087D0235;Viviendas;Privada;Privado;C. P. Costa brava 16;C. P. Costa brava 16;CALLE;COSTA BRAVA;16;28034;Madrid;8;87;40,4983985;-3,7091521;24 horas;;;;;;;;YES;;;44,2075506;0235;087;0235;087;RM087D0235;;;;;;;;
1310;RM083D0236;Transportes-Metro;Pública;Público;Metro de Madrid;Estación de Metro Lacoma;CALLE;RAMÓN GÓMEZ DE LA SERNA;33;28035;Madrid;8;83;40,48457702;-3,723284769;NO;6;2;6;2;6;2;No;YES;;;44,20786179;0236;083;0236;083;RM083D0236;;;;;;;;
1303;RM087D0237;Viviendas;Privada;Privado;Comunidad de propietarios;Gimnasio Comunidad de Propietarios;CALLE;MIRADOR DE LA REINA;123;28035;Madrid;8;87;40,49078486;-3,71739247;24 horas;;;;;;;;YES;;;44,20817733;0237;087;0237;087;RM087D0237;;;;;;;;
2074;RM088D0238;Centro residencial de uso público;Pública;Público;Comunidad de Madrid;RESIDENCIA ESTUDIANTES CIUDAD ESCOLAR ;RONDA;PROVISIONAL CIUDAD ESCOLAR;8;28049;Madrid;8;88;40,52492397;-3,683316028;24 horas;;;;;;;;YES;;;44,20824;0238;088;0238;088;RM088D0238;;;;;;;;
2076;RM088D0239;Otro;Privada;Público;FESBAL FUNDACION;FESBAL ;RONDA;PROVISIONAL CIUDAD ESCOLAR;12;28049;Madrid;8;88;40,5232942;-3,6850445;NO;9;15;0;0;0;0;No;NO;;;44,2083387;0239;088;0239;088;RM088D0239;;;;;;;;
1852;RM088D0240;Centro educativo;Pública;Público;Complejo educativo ciudad escolar Comunidad Madrid;Edificio principal Hall de entrada;RONDA;PROVISIONAL CIUDAD ESCOLAR;7;28049;Madrid;8;88;40,52588684;-3,682643592;NO;8;15;0;0;0;0;Sí;YES;;;44,20853043;0240;088;0240;088;RM088D0240;;;;;;;;
776;RM087D0241;Transportes-Metro;Pública;Público;Metro de Madrid;Estación de Metro Paco de Lucía;CALLE;COSTA BRAVA;18;28034;Madrid;8;87;40,4996248;-3,7090093;NO;6;2;6;2;6;2;No;YES;;;44,2086341;0241;087;0241;087;RM087D0241;;;;;;;;
2065;RM088D0242;Centro educativo;Pública;Público;Comunidad de Madrid;hall principal complejo ciudad escolar;RONDA;PROVISIONAL CIUDAD ESCOLAR;12;28049;Madrid;8;88;40,52354808;-3,685087246;24 horas;;;;;;;;YES;;;44,20863533;0242;088;0242;088;RM088D0242;;;;;;;;
2078;RM088D0243;Centro educativo;Pública;Público;Comunidad de Madrid;IES HOTEL ESCUELA ;RONDA;PROVISIONAL CIUDAD ESCOLAR;7;28049;Madrid;8;88;40,525886;-3,682938;24 horas;;;;;;;;YES;;;44,208824;0243;088;0243;088;RM088D0243;;;;;;;;
2067;RM088D0244;Centro educativo;Pública;Público;Comunidad de Madrid;HALL IES CIUDAD ESCOLAR ;AUTOVÍA;M-607;km 12,8;28049;Madrid;8;88;40,524702;-3,684125;24 horas;;;;;;;;YES;;;44,208827;0244;088;0244;088;RM088D0244;;;;;;;;
1327;RM083D0245;Centro educativo;Pública;Público;Colegio Alambra Comunidad de Madrid;Colegio Alambra vestíbulo principal ;CALLE;RAMÓN GÓMEZ DE LA SERNA;103;28035;Madrid;8;83;40,48225584;-3,727094333;NO;9;16;0;0;0;0;No;NO;;;44,20935017;0245;083;0245;083;RM083D0245;;;;;;;;
1850;RM088D0246;Centro educativo;Pública;Público;Comunidad de Madrid;Polideportivo IES San Fernando;RONDA;PROVISIONAL CIUDAD ESCOLAR;6;28049;Madrid;8;88;40,52496078;-3,685373165;NO;8;15;0;0;0;0;Sí;YES;;;44,21033395;0246;088;0246;088;RM088D0246;;;;;;;;
2066;RM088D0247;Centro deportivo;Pública;Público;Comunidad de Madrid;PABELLON CIUDAD ESCOLAR;RONDA;PROVISIONAL CIUDAD ESCOLAR;6;28049;Madrid;8;88;40,524961;-3,685373;24 horas;;;;;;;;YES;;;44,210334;0247;088;0247;088;RM088D0247;;;;;;;;
1240;RM087D0248;Transportes-Metro;Pública;Público;Metro de Madrid;Metro-Nave mantenimiento Ventisquero de la Condesa;AVENIDA;VENTISQUERO DE LA CONDESA;41;28035;Madrid;8;87;40,492338;-3,718185;24 horas;;;;;;;;YES;;;44,210523;0248;087;0248;087;RM087D0248;;;;;;;;
1299;RM087D0249;Centro residencial de uso público;Pública;Público;Fundación Bobath atención a la parálisis cerebral ;Fundación Bobath Ayuda a la parálisis cerebral ;CALLE;MIRADOR DE LA REINA;115;28035;Madrid;8;87;40,49072419;-3,7199052;NO;8;20;0;0;0;0;No;NO;;;44,21062939;0249;087;0249;087;RM087D0249;;;;;;;;
758;RM087D0250;Centro residencial de uso público;Privada;Público;Apadema;Apadema;CALLE;MORALZARZAL;73;28034;Madrid;8;87;40,49549107;-3,715365667;NO;8;20;0;0;0;0;No;NO;;;44,21085674;0250;087;0250;087;RM087D0250;;;;;;;;
2212;RM088D0251;Centro educativo;Privada;Público;Alenta ;Centro de educación especial, para personas con discapacidad. Colegio y residencia ;CAMINO;VALVERDE;76;28049;Madrid;8;88;40,5229041;-3,6883861;24 horas;;;;;;;;YES;;;44,2112902;0251;088;0251;088;RM088D0251;;;;;;;;
1868;RM087D0252;Centro educativo;Pública;Público;Fundación La Par Comunidad de Madrid;Edificio fundación La Par;CALLE;MONASTERIO DE LAS HUELGAS;15;28049;Madrid;8;87;40,50243;-3,709078;NO;9;17;0;0;0;0;Sí;YES;;;44,211508;0252;087;0252;087;RM087D0252;;;;;;;;
773;RM087D0253;Centro educativo;Privada;Público;Richmond Park School;Richmond Park School;CALLE;COSTA BRAVA;55;28034;Madrid;8;87;40,4967041;-3,7150026;NO;8;18;0;0;0;0;No;NO;;;44,2117067;0253;087;0253;087;RM087D0253;;;;;;;;
1869;RM087D0254;Otro;Privada;Público;Fundación Carmen Pardo Valcarce;Parque de occio;CALLE;MONASTERIO DE LAS HUELGAS;15;28049;Madrid;8;87;40,502446;-3,709432;NO;9;21;10;21;10;21;Sí;YES;;;44,211878;0254;087;0254;087;RM087D0254;;;;;;;;
780;RM087D0255;Centro deportivo;Privada;Público;Vivagym;Viva gym ;CALLE;COSTA BRAVA;38;28034;Madrid;8;87;40,496801;-3,7151364;NO;7;23;7;23;7;23;No;NO;;;44,2119374;0255;087;0255;087;RM087D0255;;;;;;;;
1233;RM087D0256;Centro residencial de uso público;Privada;Público;Residencia de Mayores Madrid Mirasierra;Residencia Mirasierra Cuarto enfermería 3planta;AVENIDA;VENTISQUERO DE LA CONDESA;46;28035;Madrid;8;87;40,49449475;-3,717679793;24 horas;;;;;;;;YES;;;44,21217454;0256;087;0256;087;RM087D0256;;;;;;;;
2080;RM088D0257;Centro residencial de uso público;Pública;Público;Comunidad de Madrid;RESIDENCIA DE MAYORES DOCTOR GONZALEZ BUENO;AUTOVÍA;M-607;km 13,9;28049;Madrid;8;88;40,524974;-3,68769;24 horas;;;;;;;;YES;;;44,212664;0257;088;0257;088;RM088D0257;;;;;;;;
1870;RM087D0258;Centro deportivo;Privada;Público;Fundación a la Par Club de Pádel y tenis Fuencarral;Club de pádel y tenis Fuencarral ;CALLE;MONASTERIO DE LAS HUELGAS;15;28049;Madrid;8;87;40,502739;-3,710202;NO;9;23;9;21;9;21;Sí;YES;;;44,212941;0258;087;0258;087;RM087D0258;;;;;;;;
1309;RM087D0259;Viviendas;Privada;Privado;Comunidad de propietarios;Porteria;CALLE;CERRO DE LA CARRASQUETA;63;28035;Madrid;8;87;40,48613045;-3,726970958;24 horas;;;;;;;;YES;;;44,21310141;0259;087;0259;087;RM087D0259;;;;;;;;
2746;RM087D0260;Centro deportivo;Privada;Público;Go Fit ;Got Fit Montecarmelo;CALLE;MONASTERIO DE EL PAULAR;2;28049;Madrid;8;87;40,500068;-3,714244;NO;7;23;9;22;9;20;No;NO;;;44,214312;0260;087;0260;087;RM087D0260;;;;;;;;
2747;RM087D0261;Centro deportivo;Privada;Público;Go Fit;Go Fit Montecarmelo;CALLE;MONASTERIO DE EL PAULAR;2;28049;Madrid;8;87;40,50008;-3,714233;NO;7;23;9;22;9;20;No;NO;;;44,214313;0261;087;0261;087;RM087D0261;;;;;;;;
2085;RM088D0262;Centro educativo;Pública;Público;Comunidad de Madrid-ASEM 112;IFISE PABELLON DE TIRO;RONDA;PROVISIONAL COLEGIO SAN FERNANDO;15;28049;Madrid;8;88;40,528296;-3,686399;24 horas;;;;;;;;YES;;;44,214695;0262;088;0262;088;RM088D0262;;;;;;;;
2752;RM088D0263;Centro de trabajo (no administración pública);Privada;Público;Idom Consulting;Edificio Idom;AVENIDA;MONASTERIO DE EL ESCORIAL;4;28049;Madrid;8;88;40,50432;-3,710868;24 horas;;;;;;;;YES;;;44,215188;0263;088;0263;088;RM088D0263;;;;;;;;
2133;RM088D0264;Centro deportivo;Pública;Público;Comunidad de Madrid;PABELLON DEPORTIVO IES SAN FERNANDO ;CALLE;PROVISIONAL ARBOLEDA DE SAN FERNANDO;7;28049;Madrid;8;88;40,529891;-3,686158;24 horas;;;;;;;;YES;;;44,216049;0264;088;0264;088;RM088D0264;;;;;;;;
2083;RM088D0265;Otro establecimiento administración pública;Pública;Público;Comunidad de Madrid-ASEM 112;IFISE PABELLON PRINCIPAL;RONDA;PROVISIONAL COLEGIO SAN FERNANDO;9;28049;Madrid;8;88;40,52807;-3,688341;24 horas;;;;;;;;YES;;;44,216411;0265;088;0265;088;RM088D0265;;;;;;;;
1328;RM083D0266;Viviendas;Privada;Privado;Comunidad de propietarios;Edificio Olympus ;CALLE;ROSALÍA DE CASTRO;82;28035;Madrid;8;83;40,4838942;-3,732999556;24 horas;;;;;;;;YES;;;44,21689376;0266;083;0266;083;RM083D0266;;;;;;;;
2754;RM087D0267;Transportes-Metro;Pública;Público;Metro de Madrid;Estación de Metro Arroyofresno;CALLE;MARÍA DE MAEZTU;52;28049;Madrid;8;87;40,490928;-3,726055;NO;6;2;6;2;6;2;No;YES;;;44,216983;0267;087;0267;087;RM087D0267;;;;;;;;
1335;RM082D0268;Viviendas;Privada;Privado;Comunidad de propietarios;Comunidad propietarios Cantalejo 2;CALLE;CANTALEJO;2;28035;Madrid;8;82;40,47523466;-3,741776842;24 horas;;;;;;;;YES;;;44,2170115;0268;082;0268;082;RM082D0268;;;;;;;;
2082;RM088D0269;Otro establecimiento administración pública;Pública;Público;Comunidad de Madrid-ASEM 112;IFISE PABELLON 2 ;RONDA;PROVISIONAL COLEGIO SAN FERNANDO;7;28049;Madrid;8;88;40,528279;-3,689458;24 horas;;;;;;;;YES;;;44,217737;0269;088;0269;088;RM088D0269;;;;;;;;
1338;RM082D0270;Hotel, hostal, alojamiento;Privada;Público;Hotel Monterreal;Hotel Monterreal;CALLE;ARROYOFRESNO;17;28035;Madrid;8;82;40,47513791;-3,742813926;24 horas;;;;;;;;YES;;;44,21795184;0270;082;0270;082;RM082D0270;;;;;;;;
3059;RM087D0271;Otro establecimiento administración pública;Pública;Privado;Bomberos de Madrid;PARQUE 9 DE BOMBEROS;CALLE;MARÍA DE MAEZTU;52;28049;Madrid;8;87;40,491012;-3,727039;24 horas;;;;;;;;YES;;;44,218051;0271;087;0271;087;RM087D0271;;;;;;;;
2088;RM087D0272;Centro educativo;Pública;Público;Comunidad de Madrid;IES SAN FERNANDO PABELLON ESO;AUTOVÍA;M-607;km 10,7;28049;Madrid;8;87;40,528996;-3,689197;24 horas;;;;;;;;YES;;;44,218193;0272;087;0272;087;RM087D0272;;;;;;;;
2755;RM087D0273;Otro;Privada;Privado;Comunidad de propietarios Monterivera;Comunidad Propietarios María Goyri, 4-32;CALLE;MARÍA GOYRI;4;28049;Madrid;8;87;40,48819;-3,730297;24 horas;;;;;;;;YES;;;44,218487;0273;087;0273;087;RM087D0273;;;;;;;;
2087;RM087D0274;Centro de trabajo (no administración pública);Privada;Público;PRIVADA BANCO DE ALIMENTOS;BANCO DE ALIMENTOS;AUTOVÍA;M-607;km 10,7;28049;Madrid;8;87;40,529722;-3,689798;NO;9;15;0;0;0;0;No;NO;;;44,21952;0274;087;0274;087;RM087D0274;;;;;;;;
2757;RM087D0275;Viviendas;Privada;Privado;Comunidad de propietarios Montesella I;Urbanización Monte sella I;CALLE;FEDERICA MONTSENY;10;28049;Madrid;8;87;40,491683;-3,72788;24 horas;;;;;;;;YES;;;44,219563;0275;087;0275;087;RM087D0275;;;;;;;;
2238;RM087D0276;Centro educativo;Pública;Público;I.E.S San fernando;I.E.S San Fernando;AUTOVÍA;M-607;km 13,5;28048;Madrid;8;87;40,5294019;-3,6908872;24 horas;;;;;;;;YES;;;44,2202891;0276;087;0276;087;RM087D0276;;;;;;;;
2090;RM087D0277;Centro educativo;Pública;Público;Comunidad de Madrid;IES SAN FERNANDO PABELLON A1;AUTOVÍA;M-607;km 10,7;28049;Madrid;8;87;40,52967718;-3,690733643;24 horas;;;;;;;;YES;;;44,22041082;0277;087;0277;087;RM087D0277;;;;;;;;
3459;RM082D0278;Otro establecimiento administración pública;Pública;Privado;Ministerio de Hacienda;INSTITUTO DE ESTUDIOS FISCALES;AVENIDA;CARDENAL HERRERA ORIA;378;28035;Madrid;8;82;40,476273;-3,744461;24 horas;;;;;;;;YES;;;44,220734;0278;082;0278;082;RM082D0278;;;;;;;;
2750;RM087D0279;Transportes-Renfe;Pública;Público;ADIF;Estación de Cercanías Pitis;CALLE;GLORIA FUERTES;181;28049;Madrid;8;87;40,495417;-3,72569;NO;5;0;6;0;6;0;Sí;YES;;;44,221107;0279;087;0279;087;RM087D0279;;;;;;;;
2751;RM087D0280;Transportes-Metro;Pública;Público;Metro de Madrid;Estación de Metro Pitis;CALLE;GLORIA FUERTES;181;28049;Madrid;8;87;40,495417;-3,72569;NO;6;2;6;2;6;2;Sí;YES;;;44,221107;0280;087;0280;087;RM087D0280;;;;;;;;
2756;RM087D0281;Viviendas;Privada;Privado;Comunidad de propietarios Urbanización Montedeva;Urbanización Montedeva;CALLE;GLORIA FUERTES;62;28049;Madrid;8;87;40,489721;-3,731776;24 horas;;;;;;;;YES;;;44,221497;0281;087;0281;087;RM087D0281;;;;;;;;
3458;RM082D0282;Otro establecimiento administración pública;Pública;Privado;Ministerio de Hacienda;LABORATORIO CENTRAL DE ADUANAS;CALLE;NAVALUENGA;2;28035;Madrid;8;82;40,47619198;-3,745609713;24 horas;;;;;;;;YES;;;44,22180169;0282;082;0282;082;RM082D0282;;;;;;;;
2140;RM088D0283;Centro educativo;Pública;Público;UAM;CSIC PETROQUIMICAS ;CALLE;MARIE CURIE;2;28049;Madrid;8;88;40,54233999;-3,689730643;NO;9;20;0;0;0;0;No;NO;;;44,23207063;0283;088;0283;088;RM088D0283;;;;;;;;
2139;RM088D0284;Centro educativo;Pública;Público;UAM;FACULTAD DE CIENCIAS JURIDICAS ;CALLE;MARIE CURIE;1;28049;Madrid;8;88;40,5420643;-3,6906371;24 horas;;;;;;;;YES;;;44,2327014;0284;088;0284;088;RM088D0284;;;;;;;;
2608;RM088D0285;Centro educativo;Privada;Público;Universidad Pontificia Comillas;EDIFICIO B UNIVERSIDAD PONTIFICIA COMILLAS;CALLE;UNIVERSIDAD DE COMILLAS;3;28049;Madrid;8;88;40,551135;-3,681673;NO;9;21;0;0;0;0;Sí;YES;;;44,232808;0285;088;0285;088;RM088D0285;;;;;;;;
2609;RM088D0286;Centro educativo;Privada;Público;Universidad Pontificia Comillas;EDIFICIO A UNIVERSIDAD PONTIFICIA COMILLAS;CALLE;UNIVERSIDAD DE COMILLAS;3;28049;Madrid;8;88;40,551554;-3,681601;NO;9;21;0;0;0;0;Sí;YES;;;44,233155;0286;088;0286;088;RM088D0286;;;;;;;;
2147;RM088D0287;Otro establecimiento administración pública;Pública;Público;CSIC;CSIC INSTITUTO CIENCIA DE MATERIALES;CALLE;SOR JUANA INÉS DE LA CRUZ;3;28049;Madrid;8;88;40,54366512;-3,689590716;NO;8;18;0;0;0;0;No;NO;;;44,23325584;0287;088;0287;088;RM088D0287;;;;;;;;
2146;RM088D0288;Centro educativo;Pública;Público;UAM;FACULTAD DE DERECHO ;CALLE;KELSEN;1;28049;Madrid;8;88;40,54217718;-3,691346795;NO;8;20;0;0;0;0;No;NO;;;44,23352398;0288;088;0288;088;RM088D0288;;;;;;;;
2142;RM088D0289;Centro educativo;Pública;Público;CSIC;CSIC BIOTECNOLOGIA ;CALLE;DARWIN;3;28049;Madrid;8;88;40,54451746;-3,690178115;NO;8;15;0;0;0;0;No;NO;;;44,23469558;0289;088;0289;088;RM088D0289;;;;;;;;
1858;RM088D0290;Centro educativo;Privada;Público;Universidad Pontificia Comillas;Edificio universidad comillas n 3-5;CALLE;UNIVERSIDAD DE COMILLAS;3;28049;Madrid;8;88;40,55212592;-3,682802161;24 horas;;;;;;;;YES;;;44,23492808;0290;088;0290;088;RM088D0290;;;;;;;;
2143;RM088D0291;Centro educativo;Pública;Público;UAM;FACULTAD DE BIOLOGIA ;CALLE;DARWIN;2;28049;Madrid;8;88;40,54320059;-3,691947773;NO;9;20;0;0;0;0;No;NO;;;44,23514836;0291;088;0291;088;RM088D0291;;;;;;;;
2137;RM088D0292;Centro educativo;Pública;Público;UAM;FACULTUDAD PSICOLOGIA ;CALLE;IVÁN PAVLOV;6;28049;Madrid;8;88;40,54382827;-3,69243841;NO;9;20;0;0;0;0;No;NO;;;44,23626668;0292;088;0292;088;RM088D0292;;;;;;;;
2601;RM088D0293;Centro educativo;Pública;Público;Instituto de Ciencias Matemáticas (ICMAT);INSTITUTO DE CIENCIAS MATEMATICAS ;CALLE;NICOLÁS CABRERA;13;28049;Madrid;8;88;40,5493568;-3,686964198;NO;9;18;0;0;0;0;No;NO;;;44,236321;0293;088;0293;088;RM088D0293;;;;;;;;
2610;RM088D0294;Transportes-Renfe;Pública;Público;ADIF;Estación de Cercanías Universidad P. Comillas;CARRETERA;M-616;km 5,3;28049;Madrid;8;88;40,553802;-3,683257;NO;5;0;6;0;6;0;No;YES;;;44,237059;0294;088;0294;088;RM088D0294;;;;;;;;
2135;RM088D0295;Centro residencial de uso público;Pública;Público;Comunidad de Madrid;RESIDENCIA NUESTRA SEÑORA DEL CARMEN ;CARRETERA;CANTO BLANCO;3;28049;Madrid;8;88;40,542553;-3,695345;24 horas;;;;;;;;YES;;;44,237898;0295;088;0295;088;RM088D0295;;;;;;;;
2612;RM088D0296;Centro educativo;Pública;Público;UAM;Edificio A de la Escuela Politécnica Superior ;CALLE;FRANCISCO TOMÁS Y VALIENTE;11;28049;Madrid;8;88;40,54682578;-3,691493657;NO;9;19;0;0;0;0;No;NO;;;44,23831944;0296;088;0296;088;RM088D0296;;;;;;;;
2599;RM088D0297;Centro educativo;Pública;Público;UAM;ESCUELA POLITECNICA SUPERIOR ;CALLE;FRANCISCO TOMÁS Y VALIENTE;S/N;28049;Madrid;8;88;40,54690669;-3,691548965;NO;8;18;0;0;0;0;No;NO;NOT VALID-DUPLICATED;it was RM088D0297 iqual to RM088D0296;44,23845566;0297;088;0297;088;RM088D0297;;;;;;;;
2597;RM088D0298;Centro educativo;Pública;Público;Comunidad de Madrid;PLAZA MAYOR UAM ;CALLE;EINSTEIN;7;28049;Madrid;8;88;40,545265;-3,693317;24 horas;;;;;;;;YES;;;44,238582;0298;088;0298;088;RM088D0298;;;;;;;;
1861;RM088D0299;Centro educativo;Pública;Público;UAM;Calle Einstein 5 ;CALLE;EINSTEIN;5;28049;Madrid;8;88;40,54460347;-3,694030971;24 horas;;;;;;;;YES;;;44,23863444;0299;088;0299;088;RM088D0299;;;;;;;;
2602;RM088D0300;Centro educativo;Pública;Público;CSIC-UAM;CIAL (Instituto de Investigación en Ciencias de la Alimentación);CALLE;NICOLÁS CABRERA;9;28049;Madrid;8;88;40,54989164;-3,688887387;NO;9;18;0;0;0;0;Sí;YES;;;44,23877903;0300;088;0300;088;RM088D0300;;;;;;;;
2611;RM088D0301;Centro educativo;Pública;Público;UAM;Edificio C de la Escuela Politécnica Superior ;CALLE;FRANCISCO TOMÁS Y VALIENTE;11;28049;Madrid;8;88;40,547466;-3,691912;NO;9;18;0;0;0;0;No;NO;;;44,239378;0301;088;0301;088;RM088D0301;;;;;;;;
2596;RM088D0302;Centro educativo;Pública;Público;UAM;RECTORADO UAM;CALLE;EINSTEIN;1;28049;Madrid;8;88;40,544187;-3,695247;NO;8;19;0;0;0;0;No;NO;;;44,239434;0302;088;0302;088;RM088D0302;;;;;;;;
2600;RM088D0303;Centro educativo;Pública;Público;UAM;CENTRO DE MIROANALISIS DE MATERIALES;CALLE;FARADAY;3;28049;Madrid;8;88;40,54864936;-3,69078856;NO;9;17;0;0;0;0;No;NO;;;44,23943792;0303;088;0303;088;RM088D0303;;;;;;;;
1862;RM088D0304;Centro educativo;Pública;Público;UAM;Edificio rectorado calle Einstein 3;CALLE;EINSTEIN;3;28049;Madrid;8;88;40,544158;-3,695349;24 horas;;;;;;;;YES;;;44,239507;0304;088;0304;088;RM088D0304;;;;;;;;
2604;RM088D0305;Centro educativo;Pública;Público;UAM;Edificio de Ingeniería Ciencias de los Alimentos ;CALLE;MARX;10;28049;Madrid;8;88;40,54633926;-3,693579529;NO;0;0;0;0;0;0;No;NO;;;44,23991879;0305;088;0305;088;RM088D0305;;;;;;;;
2603;RM088D0306;Centro educativo;Pública;Público;CSIC-UAM;CENTRO DE BIOLOGÍA MOLECULAR SEVERO OCHOA;CALLE;NICOLÁS CABRERA;1;28049;Madrid;8;88;40,54991315;-3,690500627;24 horas;;;;;;;;YES;;;44,24041378;0306;088;0306;088;RM088D0306;;;;;;;;
1864;RM088D0307;Centro educativo;Pública;Público;UAM;Edificio facultad de Ciencias ;CALLE;FRANCISCO TOMÁS Y VALIENTE;7;28049;Madrid;8;88;40,54537941;-3,69518332;NO;8;20;0;0;0;0;Sí;YES;;;44,24056273;0307;088;0307;088;RM088D0307;;;;;;;;
2148;RM088D0308;Centro educativo;Pública;Público;UAM;FACULTAD DE CIENCIAS;CALLE;FRANCISCO TOMÁS Y VALIENTE;7;28049;Madrid;8;88;40,54535188;-3,695252947;NO;9;20;0;0;0;0;No;NO;;;44,24060483;0308;088;0308;088;RM088D0308;;;;;;;;
2150;RM088D0309;Centro educativo;Pública;Público;UAM;FACULTAD DE ECONOMICAS;CALLE;FRANCISCO TOMÁS Y VALIENTE;5;28049;Madrid;8;88;40,54491278;-3,696601837;NO;9;20;0;0;0;0;No;NO;;;44,24151462;0309;088;0309;088;RM088D0309;;;;;;;;
2151;RM088D0310;Centro educativo;Pública;Público;UAM;FACULTADAD PROFESORADO;CALLE;FRANCISCO TOMÁS Y VALIENTE;3;28049;Madrid;8;88;40,54455065;-3,697757297;NO;9;20;0;0;0;0;No;NO;;;44,24230795;0310;088;0310;088;RM088D0310;;;;;;;;
2152;RM088D0311;Centro educativo;Pública;Público;UAM;FACULTAD FILOSOFIA;CALLE;FRANCISCO TOMÁS Y VALIENTE;1;28049;Madrid;8;88;40,54435863;-3,698354552;NO;9;20;0;0;0;0;No;NO;;;44,24271318;0311;088;0311;088;RM088D0311;;;;;;;;
2605;RM088D0312;Centro educativo;Pública;Público;Comunidad de Madrid;Escuela Infantil Bärbel Inhelder ;CALLE;ERASMO DE ROTTERDAM;6;28049;Madrid;8;88;40,54858387;-3,694580418;NO;9;18;0;0;0;0;No;NO;;;44,24316429;0312;088;0312;088;RM088D0312;;;;;;;;
2149;RM088D0313;Centro educativo;Pública;Público;UAM;FACULTAD DE CIENCIAS MODULO 16;CALLE;ADAM SMITH;S/N;28049;Madrid;8;88;40,547283;-3,696224;NO;9;20;0;0;0;0;No;NO;;;44,243507;0313;088;0313;088;RM088D0313;;;;;;;;
2646;RM081D0314;Centro educativo;Pública;Público;Ayuntamiento de Madrid;CPEE LA QUINTA;CARRETERA;SOMONTES AL PALACIO DE LA REAL QUINTA;1;28048;Madrid;8;81;40,50544431;-3,738238441;NO;8;20;0;0;0;0;No;NO;;;44,24368275;0314;081;0314;081;RM081D0314;;;;;;;;
2144;RM088D0315;Transportes-Renfe;Pública;Público;ADIF;Estación de Cercanías Cantoblanco Universidad;CALLE;FREUD;1;28049;Madrid;8;88;40,54382662;-3,700185234;NO;5;0;6;0;6;0;Sí;YES;;;44,24401185;0315;088;0315;088;RM088D0315;;;;;;;;
2145;RM088D0316;Centro educativo;Pública;Público;UAM;BIBLIOTECA DE HUMANIDADES;CALLE;FREUD;3;28049;Madrid;8;88;40,54387188;-3,700150278;NO;9;20;9;20;9;14;No;NO;;;44,24402216;0316;088;0316;088;RM088D0316;;;;;;;;
2613;RM088D0317;Centro educativo;Pública;Público;UAM;Facultad de Ciencias Ecónomicas y Empresariales. Entrada Norte. ;CALLE;ADAM SMITH;2;28049;Madrid;8;88;40,54636357;-3,698236948;NO;9;20;0;0;0;0;No;NO;;;44,24460052;0317;088;0317;088;RM088D0317;;;;;;;;
2606;RM088D0318;Hotel, hostal, alojamiento;Privada;Público;SIRESA CAMPUS SL;Residencia Universitaria Resa Erasmo 5;CALLE;ERASMO DE ROTTERDAM;5;28049;Madrid;8;88;40,54811;-3,698952;24 horas;;;;;;;;YES;;;44,247062;0318;088;0318;088;RM088D0318;;;;;;;;
2607;RM088D0319;Hotel, hostal, alojamiento;Pública;Público;SIRESA CAMPUS SL;Residencia Universitaria Resa Erasmo II;CALLE;ERASMO DE ROTTERDAM;7;28049;Madrid;8;88;40,54835475;-3,69878728;24 horas;;;;;;;;YES;;;44,24714203;0319;088;0319;088;RM088D0319;;;;;;;;
1854;RM088D0320;Centro residencial de uso público;Privada;Público;UAM;Residencia Estudiantes calle Erasmo de Rotterdam 5;CALLE;ERASMO DE ROTTERDAM;5;28049;Madrid;8;88;40,548298;-3,698942;24 horas;;;;;;;;YES;;;44,24724;0320;088;0320;088;RM088D0320;;;;;;;;
2648;RM081D0321;Centro deportivo;Privada;Público;Club Deportivo Somontes;BOTIQUIN Piscina Club Deportivo Somontes;CARRETERA;M-605;11;28048;Madrid;8;81;40,4906696;-3,756973866;NO;11;20;11;20;11;20;Sí;YES;;;44,24764347;0321;081;0321;081;RM081D0321;;;;;;;;
2649;RM081D0322;Centro deportivo;Privada;Público;Club Deportivo Somontes;RECEPCION Club Deportivo Somontes;CARRETERA;M-605;11;28048;Madrid;8;81;40,492053;-3,757242;NO;9;23;9;23;9;23;Sí;YES;;;44,249295;0322;081;0322;081;RM081D0322;;;;;;;;
2598;RM088D0323;Transportes-Renfe;Pública;Público;ADIF;Estación de Cercanías El Goloso;AUTOVÍA;M-607;km 18;28049;Madrid;8;88;40,55890495;-3,713855711;NO;5;0;6;0;6;0;No;YES;;;44,27276066;0323;088;0323;088;RM088D0323;;;;;;;;
2638;RM081D0324;Otro establecimiento administración pública;Pública;Público;Ayuntamiento de Madrid;CENTRO DE DIA EL PARDO;CALLE;GENERAL URRUTIA;1;28048;Madrid;8;81;40,51545256;-3,774857839;NO;9;19;0;0;0;0;No;NO;;;44,2903104;0324;081;0324;081;RM081D0324;;;;;;;;
2644;RM081D0325;Centro educativo;Pública;Público;Comunidad de Madrid;COLEGIO MONTE DEL PARDO;AVENIDA;GUARDIA;19;28048;Madrid;8;81;40,51730297;-3,774251627;NO;8;20;0;0;0;0;No;NO;;;44,2915546;0325;081;0325;081;RM081D0325;;;;;;;;
2636;RM081D0326;Otro establecimiento administración pública;Pública;Público;Ayuntamiento de Madrid;CENTRO ALFONSO XII;CALLE;MIRA EL RÍO;4;28048;Madrid;8;81;40,519664;-3,777814;NO;9;17;0;0;0;0;No;NO;;;44,297478;0326;081;0326;081;RM081D0326;;;;;;;;
2637;RM081D0327;Otro establecimiento administración pública;Pública;Público;Ministerio de Defensa;CUARTEL DEL REY;PASEO;EL PARDO;43;28048;Madrid;8;81;40,52251929;-3,778307145;24 horas;;;;;;;;YES;;;44,30082644;0327;081;0327;081;RM081D0327;;;;;;;;
2643;RM081D0328;Restaurante o similar;Privada;Privado;Restaurante San Francisco;Restaurante San Francisco;PISTA;CRISTO DE EL PARDO;3;28048;Madrid;8;81;40,52044736;-3,781501982;NO;11;17;11;19;11;19;No;NO;;;44,30194934;0328;081;0328;081;RM081D0328;;;;;;;;
2640;RM081D0329;Otro establecimiento administración pública;Pública;Público;INSTITUTO NACIONAL DE TECNOLOGÍOA AEROESPACIAL;INSTITUTO NACIONAL DE TECNOLOGÍOA AEROESPACIAL;PASEO;EL PARDO;S/N;28048;Madrid;8;81;40,524244;-3,77837;24 horas;;;;;;;;YES;;;44,302614;0329;081;0329;081;RM081D0329;;;;;;;;
2641;RM081D0330;Otro establecimiento administración pública;Pública;Público;Ministerio de Defensa;CUARTEL DE LA REINA ;PASEO;EL PARDO;39;28048;Madrid;8;81;40,52846791;-3,780276108;24 horas;;;;;;;;YES;;;44,30874402;0330;081;0330;081;RM081D0330;;;;;;;;
2642;RM081D0331;Centro educativo;Pública;Público;Comunidad de Madrid;Colegio San Francisco ;CALLE;FORTALEZA;2;28048;Madrid;8;81;40,53179819;-3,779349943;NO;9;20;0;0;0;0;No;NO;;;44,31114813;0331;081;0331;081;RM081D0331;;;;;;;;
1011;RM092D0001;Centro de trabajo (no administración pública);Privada;Privado;Colegio Oficial de Psicólogía ;Edificio Sabático, quinta planta;CUESTA;SAN VICENTE;4;28008;Madrid;9;92;40,4216796;-3,713747;NO;7;23;0;0;0;0;No;NO;;;44,1354266;0001;092;0001;092;RM092D0001;;;;;;;;
3438;RM092D0002;Centro de trabajo (no administración pública);Privada;Privado;IKASA producciones;Centro de oficinas;CUESTA;SAN VICENTE;12;28008;Madrid;9;92;40,42126909;-3,714479213;NO;9;17;0;0;0;0;No;NO;;;44,1357483;0002;092;0002;092;RM092D0002;;;;;;;;
2127;RM092D0003;Hotel, hostal, alojamiento;Privada;Público;The Social Hub;Hotel The Social Hub;CUESTA;SAN VICENTE;26;28008;Madrid;9;92;40,42058603;-3,716080407;24 horas;;;;;;;;YES;;;44,13666644;0003;092;0003;092;RM092D0003;;;;;;;;
2138;RM092D0004;Otro establecimiento administración pública;Pública;Público;Seguridad Social;INSPECCIÓN DE TRABAJO Y S.SCIAL DE MADRID ;PLAZA;ESPAÑA;17;28008;Madrid;9;92;40,42396701;-3,712744832;NO;9;14;0;0;0;0;No;NO;;;44,13671184;0004;092;0004;092;RM092D0004;;;;;;;;
2130;RM092D0005;Centro residencial de uso público;Privada;Público;Sanitas;Residencia Mayores Jardines de Sabatini;CALLE;ARRIAZA;16;28008;Madrid;9;92;40,42108332;-3,715790988;24 horas;;;;;;;;YES;;;44,13687431;0005;092;0005;092;RM092D0005;;;;;;;;
2803;RM092D0006;Centro de trabajo (no administración pública);Privada;Público;Santa Lucía Seguros;Santa Lucía Seguros;PLAZA;ESPAÑA;15;28008;Madrid;9;92;40,42357485;-3,71351871;NO;7;20;0;0;0;0;No;NO;;;44,13709356;0006;092;0006;092;RM092D0006;;;;;;;;
2126;RM092D0007;Otro establecimiento administración pública;Pública;Público;Juzgado de lo Social;Juzgado de lo Social;CALLE;PRINCESA;3;28008;Madrid;9;92;40,42499542;-3,71251992;NO;9;14;0;0;0;0;Sí;YES;;;44,13751534;0007;092;0007;092;RM092D0007;;;;;;;;
2108;RM092D0008;Otro;Privada;Público;CINES PLAZA DE ESPAÑA;CINES RENOIR PLAZA DE ESPAÑA;CALLE;MARTÍN DE LOS HEROS;12;28008;Madrid;9;92;40,42443181;-3,713339153;NO;15;1;15;1;15;1;No;NO;;;44,13777096;0008;092;0008;092;RM092D0008;;;;;;;;
2117;RM092D0009;Centro comercial;Privada;Público;Cines Princesa;CINES PRINCESA PLAZA DE LOS CUBOS;CALLE;PRINCESA;3;28008;Madrid;9;92;40,42480334;-3,712989427;NO;15;1;15;1;15;1;No;NO;;;44,13779277;0009;092;0009;092;RM092D0009;;;;;;;;
2113;RM092D0010;Centro de trabajo (no administración pública);Privada;Privado;Merlin Properties;MERLIN PROPETIES SOCIMI S.A.;CALLE;PRINCESA;5;28008;Madrid;9;92;40,42514668;-3,712828015;24 horas;;;;;;;;YES;;;44,1379747;0010;092;0010;092;RM092D0010;;;;;;;;
2134;RM092D0011;Otro establecimiento administración pública;Pública;Público;Museo Cerralbo;Museo Cerralbo;CALLE;VENTURA RODRÍGUEZ;17;28008;Madrid;9;92;40,42374846;-3,71458148;24 horas;;;;;;;;YES;;;44,13832994;0011;092;0011;092;RM092D0011;;;;;;;;
2472;RM092D0012;Centro de trabajo (no administración pública);Privada;Público;Merlin Properties;Merlin Properties;CALLE;VENTURA RODRÍGUEZ;7;28008;Madrid;9;92;40,42524976;-3,713642505;NO;9;22;0;0;0;0;No;NO;;;44,13889227;0012;092;0012;092;RM092D0012;;;;;;;;
2469;RM092D0013;Hotel, hostal, alojamiento;Privada;Público;Motel One Madrid;Motel One Madrid;CALLE;TUTOR;1;28008;Madrid;9;92;40,42569001;-3,713835774;24 horas;;;;;;;;YES;;;44,13952578;0013;092;0013;092;RM092D0013;;;;;;;;
2124;RM092D0014;Centro educativo;Pública;Público;Comunidad de Madrid;CEPA Moncloa;CALLE;JUAN ÁLVAREZ MENDIZÁBAL;20;28008;Madrid;9;92;40,4248;-3,71475;NO;9;21;0;0;0;0;No;NO;;;44,13955;0014;092;0014;092;RM092D0014;;;;;;;;
2804;RM092D0015;Centro educativo;Privada;Público;Colegio Madres Concepcionistas Princesa;Colegio Madres Concepcionistas Princesa;CALLE;PRINCESA;19;28008;Madrid;9;92;40,4263221;-3,7133437;NO;9;17;0;0;0;0;No;NO;;;44,1396658;0015;092;0015;092;RM092D0015;;;;;;;;
2800;RM092D0016;Hotel, hostal, alojamiento;Privada;Público;Suites Viena;Suites Viena;CALLE;JUAN ÁLVAREZ MENDIZÁBAL;17;28008;Madrid;9;92;40,42495479;-3,714723919;24 horas;;;;;;;;YES;;;44,13967871;0016;092;0016;092;RM092D0016;;;;;;;;
2132;RM091D0017;Transportes-Renfe;Pública;Público;ADIF;Estación de Cercanías Príncipe Pío;PASEO;FLORIDA;S/N;28008;Madrid;9;91;40,421369;-3,7183242;NO;5;0;6;0;6;0;No;YES;;;44,1396932;0017;091;0017;091;RM091D0017;;;;;;;;
2801;RM092D0018;Centro educativo;Pública;Público;Comunidad de Madrid;CEIP Portugal;CALLE;JUAN ÁLVAREZ MENDIZÁBAL;20;28008;Madrid;9;92;40,42507952;-3,714949219;NO;9;16;0;0;0;0;No;NO;;;44,14002874;0018;092;0018;092;RM092D0018;;;;;;;;
991;RM091D0019;Transportes-Metro;Pública;Público;Metro de Madrid;Estación de Metro Príncipe Pío;PASEO;FLORIDA;2;28008;Madrid;9;91;40,4206372;-3,7198994;NO;6;2;6;2;6;2;No;YES;;;44,1405366;0019;091;0019;091;RM091D0019;;;;;;;;
996;RM091D0020;Transportes-Renfe;Privada;Público;ADIF;Estación de Cercanías Príncipe Pío;PASEO;FLORIDA;2;28008;Madrid;9;91;40,4206372;-3,7198994;NO;5;0;6;0;6;0;Sí;YES;;;44,1405366;0020;091;0020;091;RM091D0020;;;;;;;;
2109;RM092D0021;Centro de trabajo (no administración pública);Privada;Público;Ocaso SA;OCASO;CALLE;PRINCESA;23;28008;Madrid;9;92;40,4268165;-3,713776952;24 horas;;;;;;;;YES;;;44,14059345;0021;092;0021;092;RM092D0021;;;;;;;;
2468;RM092D0022;Centro de trabajo (no administración pública);Privada;Público;Ocaso SA;Call Center Ocaso;CALLE;TUTOR;8;28008;Madrid;9;92;40,42643567;-3,71417374;24 horas;;;;;;;;YES;;;44,14060941;0022;092;0022;092;RM092D0022;;;;;;;;
2111;RM092D0023;Transportes-Metro;Pública;Público;Metro de Madrid;Estación de Metro Ventura Rodríguez;CALLE;PRINCESA;23;28008;Madrid;9;92;40,42695185;-3,713743017;NO;6;2;6;2;6;2;No;YES;;;44,14069487;0023;092;0023;092;RM092D0023;;;;;;;;
2467;RM092D0024;Hotel, hostal, alojamiento;Privada;Público;Hoteles Meliá;Hotel Meliá Princesa;CALLE;PRINCESA;27;28008;Madrid;9;92;40,42743539;-3,714219681;24 horas;;;;;;;;YES;;;44,14165507;0024;092;0024;092;RM092D0024;;;;;;;;
2123;RM091D0025;Otro establecimiento administración pública;Pública;Público;Ayuntamiento de Madrid;Templo Debod;CALLE;FERRAZ;1;28008;Madrid;9;91;40,42408952;-3,717697183;NO;10;19;10;19;10;19;Sí;YES;;;44,1417867;0025;091;0025;091;RM091D0025;;;;;;;;
2471;RM092D0026;Otro establecimiento administración pública;Pública;Público;Comunidad de Madrid;Oficina de empleo;CALLE;EVARISTO SAN MIGUEL;8;28008;Madrid;9;92;40,42699715;-3,715158144;NO;9;14;0;0;0;0;No;NO;;;44,14215529;0026;092;0026;092;RM092D0026;;;;;;;;
2470;RM092D0027;Centro educativo;Privada;Público;Colegio Fray Luis de León;Colegio Fray Luis de León;CALLE;MARTÍN DE LOS HEROS;46;28008;Madrid;9;92;40,4268969;-3,715345702;NO;9;17;0;0;0;0;No;NO;NOT VALID-DUPLICATED;it was RM092D0027 iqual to RM092D0028;44,1422426;0027;092;0027;092;RM092D0027;;;;;;;;
2798;RM092D0028;Centro educativo;Privada;Público;Colegio Fray Luis de León;Colegio Fray Luis de León;CALLE;MARTÍN DE LOS HEROS;46;28008;Madrid;9;92;40,4268969;-3,715345702;NO;9;17;0;0;0;0;No;NO;;;44,1422426;0028;092;0028;092;RM092D0028;;;;;;;;
2794;RM092D0029;Centro de trabajo (no administración pública);Privada;Público;Preventiva seguros;Princesa 31 Planta 3 Preventiva Seguros;CALLE;PRINCESA;31;28008;Madrid;9;92;40,42800923;-3,714661941;NO;9;21;0;0;0;0;No;NO;;;44,14267117;0029;092;0029;092;RM092D0029;;;;;;;;
2131;RM091D0030;Centro comercial;Privada;Público;CC Principe Pio - Cinesa Principe Pio ;Cinesa Principe Pío;PASEO;FLORIDA;S/N;28008;Madrid;9;91;40,422015;-3,7207262;NO;16;0;12;0;12;0;No;NO;;;44,1427412;0030;091;0030;091;RM091D0030;;;;;;;;
2802;RM091D0031;Hotel, hostal, alojamiento;Privada;Público;Hotel Acta Madfor;Hotel Acta Madfor;PASEO;FLORIDA;13;28008;Madrid;9;91;40,42143382;-3,72172395;24 horas;;;;;;;;YES;;;44,14315777;0031;091;0031;091;RM091D0031;;;;;;;;
3437;RM092D0032;Centro educativo;Privada;Público;Universidad Pontificia Comillas;CENTRO MULTIUSOS UNIVERSIDAD;CALLE;REY FRANCISCO;4;28008;Madrid;9;92;40,42803218;-3,715322364;24 horas;;;;;;;;YES;;;44,14335454;0032;092;0032;092;RM092D0032;;;;;;;;
2464;RM092D0033;Centro de trabajo (no administración pública);Privada;Público;SNAP ON BUSINESS SOLUTIONS;SNAP ON;PASEO;PINTOR ROSALES;16;28008;Madrid;9;92;40,42604831;-3,718531415;NO;9;18;9;18;9;18;No;NO;;;44,14457973;0033;092;0033;092;RM092D0033;;;;;;;;
2797;RM092D0034;Centro de trabajo (no administración pública);Privada;Privado;SNAP ON;Pintor Rosales 16 - SNAP ON;PASEO;PINTOR ROSALES;16;28008;Madrid;9;92;40,42604831;-3,718531415;NO;8;18;8;18;8;18;No;NO;NOT VALID-DUPLICATED;it was RM092D0034 iqual to RM092D0033;44,14457973;0034;092;0034;092;RM092D0034;;;;;;;;
1000;RM091D0035;Centro de trabajo (no administración pública);Privada;Privado;ADIF;Edificio de oficinas Adif;PASEO;REY;30;28008;Madrid;9;91;40,4239605;-3,7211965;NO;7;20;0;0;0;0;Sí;YES;;;44,145157;0035;091;0035;091;RM091D0035;;;;;;;;
2904;RM092D0036;Centro educativo;Privada;Público;Fundación Universitaria San Pablo CEU;CEU;CALLE;TUTOR;35;28008;Madrid;9;92;40,42897977;-3,716511313;NO;7;22;8;15;0;0;No;NO;;;44,14549108;0036;092;0036;092;RM092D0036;;;;;;;;
3436;RM092D0037;Centro educativo;Privada;Público;FUNDACION SAN PABLO CEU;OFICINAS FUNDACION SAN PABLO CEU;CALLE;MARTÍN DE LOS HEROS;60;28008;Madrid;9;92;40,42867869;-3,717121147;NO;9;20;0;0;0;0;No;NO;;;44,14579984;0037;092;0037;092;RM092D0037;;;;;;;;
2899;RM092D0038;Centro comercial;Privada;Público;El Corte Inglés;Corte Inglés Princesa;CALLE;PRINCESA;47;28008;Madrid;9;92;40,43006319;-3,716133765;NO;10;22;10;22;11;21;No;NO;;;44,14619696;0038;092;0038;092;RM092D0038;;;;;;;;
2901;RM092D0039;Centro comercial;Privada;Público;El Corte Inglés;Corte Inglés Princesa;CALLE;PRINCESA;47;28008;Madrid;9;92;40,43004496;-3,71616894;NO;10;22;10;22;11;21;No;NO;;;44,1462139;0039;092;0039;092;RM092D0039;;;;;;;;
1002;RM091D0040;Centro de trabajo (no administración pública);Privada;Privado;ADIF;Adif centro de estructuras y mantenimiento ;PASEO;REY;32;28008;Madrid;9;91;40,4247183;-3,7220823;NO;7;20;0;0;0;0;Sí;YES;;;44,1468006;0040;091;0040;091;RM091D0040;;;;;;;;
3435;RM092D0041;Centro de trabajo (no administración pública);Privada;Privado;UGT;Oficinas UGT;CALLE;BUEN SUCESO;19;28008;Madrid;9;92;40,42828108;-3,718767379;NO;9;16;0;0;0;0;No;NO;;;44,14704846;0041;092;0041;092;RM092D0041;;;;;;;;
2908;RM092D0042;Centro educativo;Pública;Público;Comunidad de Madrid;Conservatorio Adolfo Salazar;CALLE;FERRAZ;62;28008;Madrid;9;92;40,42815386;-3,718942858;NO;8;21;0;0;0;0;No;NO;;;44,14709672;0042;092;0042;092;RM092D0042;;;;;;;;
2907;RM092D0043;Hotel, hostal, alojamiento;Privada;Público;Hotel Indigo;Hotel Indigo;CALLE;MARQUÉS DE URQUIJO;4;28008;Madrid;9;92;40,43055442;-3,716822759;24 horas;;;;;;;;YES;;;44,14737718;0043;092;0043;092;RM092D0043;;;;;;;;
18;RM091D0044;Centro educativo;Pública;Público;Escuela superior de hostelería y turismo;Escuela superior de hostelería y turismo;PASEO;PUERTA DEL ÁNGEL;5;28011;Madrid;9;91;40,4157383;-3,7322657;NO;8;22;0;0;0;0;No;NO;;;44,148004;0044;091;0044;091;RM091D0044;;;;;;;;
1004;RM091D0045;Centro residencial de uso público;Pública;Público;Administración pública ;Centro de Acogida San Isidro;PASEO;REY;34;28008;Madrid;9;91;40,4252718;-3,7228139;24 horas;;;;;;;;YES;;;44,1480857;0045;091;0045;091;RM091D0045;;;;;;;;
17;RM091D0046;Centro educativo;Pública;Público;Comunidad de Madrid;IES El Lago;PASEO;PUERTA DEL ÁNGEL;S/N;28011;Madrid;9;91;40,4158333;-3,73249;NO;8;21;0;0;0;0;No;NO;;;44,1483233;0046;091;0046;091;RM091D0046;;;;;;;;
3223;RM091D0047;Centro deportivo;Pública;Público;Ayuntamiento de Madrid;Embarcadero del Lago;PASEO;EMBARCADERO;8;28011;Madrid;9;91;40,41717;-3,731203;NO;10;21;10;21;10;21;No;NO;;;44,148373;0047;091;0047;091;RM091D0047;;;;;;;;
3222;RM091D0048;Centro deportivo;Pública;Público;Ayuntamiento de Madrid;Piscina El Lago;PASEO;PUERTA DEL ÁNGEL;7;28011;Madrid;9;91;40,416062;-3,73308;NO;9;21;9;21;9;21;No;NO;;;44,149142;0048;091;0048;091;RM091D0048;;;;;;;;
3391;RM091D0049;Otro establecimiento administración pública;Pública;Público;Ayuntamiento de Madrid;Centro de día municipal Casa de Campo;CALLE;PRINCIPAL DE PROVINCIAS;21;28011;Madrid;9;91;40,4127089;-3,7365211;NO;8;18;0;0;0;0;No;NO;;;44,14923;0049;091;0049;091;RM091D0049;;;;;;;;
2462;RM091D0050;Otro establecimiento administración pública;Pública;Público;Ayuntamiento de Madrid;La Rosaleda Parque Oeste;CALLE;ROSALEDA;S/N;28008;Madrid;9;91;40,4274206;-3,7221906;NO;10;21;10;21;10;21;No;NO;;;44,1496112;0050;091;0050;091;RM091D0050;;;;;;;;
3227;RM091D0051;Centro deportivo;Pública;Público;Ayuntamiento de Madrid;Piscina de verano del Lago;RONDA;LAGO;7;28011;Madrid;9;91;40,416288;-3,734322;NO;10;21;10;21;10;21;No;NO;;;44,15061;0051;091;0051;091;RM091D0051;;;;;;;;
3221;RM091D0052;Transportes-Metro;Pública;Público;Metro de Madrid;Estación de Metro Lago;PASEO;PUERTA DEL ÁNGEL;10;28011;Madrid;9;91;40,416508;-3,734187;NO;6;2;6;2;6;2;No;YES;;;44,150695;0052;091;0052;091;RM091D0052;;;;;;;;
1008;RM091D0053;Centro educativo;Pública;Público;Comunidad de Madrid;Escuela de Arte Francisco Alcántara ;CALLE;FRANCISCO Y JACINTO ALCÁNTARA;2;28008;Madrid;9;91;40,4267251;-3,7240856;NO;8;16;0;0;0;0;No;NO;;;44,1508107;0053;091;0053;091;RM091D0053;;;;;;;;
3;RM091D0054;Transportes-Metro;Pública;Público;Metro de Madrid;Estación de Metro Lago;PASEO;PUERTA DEL ÁNGEL;9;28011;Madrid;9;91;40,4164967;-3,7345432;NO;6;2;6;2;6;2;No;YES;;;44,1510399;0054;091;0054;091;RM091D0054;;;;;;;;
3226;RM091D0055;Otro establecimiento administración pública;Pública;Público;Ayuntamiento de Madrid;Dirección general SAMUR;AVENIDA;PRINCIPAL;4;28011;Madrid;9;91;40,412504;-3,739417;24 horas;;;;;;;;YES;;;44,151921;0055;091;0055;091;RM091D0055;;;;;;;;
2906;RM092D0056;Centro residencial de uso público;Privada;Público;Residencia Madrid Ferraz;Residencia Mayores Madrid Ferraz;CALLE;FERRAZ;92;28008;Madrid;9;92;40,43055306;-3,721385227;24 horas;;;;;;;;YES;;;44,15193829;0056;092;0056;092;RM092D0056;;;;;;;;
2434;RM091D0057;Centro educativo;Pública;Público;Comunidad de Madrid;CEIP FERNANDEZ MORATÍN;AVENIDA;VALLADOLID;2;28008;Madrid;9;91;40,4267205;-3,727315;NO;9;16;0;0;0;0;No;NO;;;44,1540355;0057;091;0057;091;RM091D0057;;;;;;;;
986;RM091D0058;Centro educativo;Pública;Público;Comunidad de Madrid;CEIP Fernández Moratín ;AVENIDA;VALLADOLID;2;28008;Madrid;9;91;40,4267264;-3,72738;NO;7;21;0;0;0;0;No;NO;;;44,1541064;0058;091;0058;091;RM091D0058;;;;;;;;
1;RM091D0059;Otro establecimiento administración pública;Pública;Público;Ayuntamiento de Madrid;Casa cordoba;RONDA;PROVINCIAS;6;28011;Madrid;9;91;40,41184;-3,74238;24 horas;;;;;;;;YES;;;44,15422;0059;091;0059;091;RM091D0059;;;;;;;;
3225;RM091D0060;Otro establecimiento administración pública;Pública;Público;Ayuntamiento de Madrid;Jefatura Policía Municipal;AVENIDA;PRINCIPAL;6;28011;Madrid;9;91;40,414445;-3,740082;24 horas;;;;;;;;YES;;;44,154527;0060;091;0060;091;RM091D0060;;;;;;;;
2905;RM092D0061;Otro;Pública;Público;Ministerio de Defensa;Residencia Militar Infante Don Juan;CALLE;MARTÍN DE LOS HEROS;93;28008;Madrid;9;92;40,4333065;-3,7212311;24 horas;;;;;;;;YES;;;44,1545376;0061;092;0061;092;RM092D0061;;;;;;;;
2;RM091D0062;Otro establecimiento administración pública;Pública;Público;Ayuntamiento de Madrid;Base 0 SAMUR-PC;RONDA;PROVINCIAS;7;28011;Madrid;9;91;40,4119;-3,74307;24 horas;;;;;;;;YES;;;44,15497;0062;091;0062;091;RM091D0062;;;;;;;;
1545;RM093D0063;Otro;Privada;Público;Cruz Roja;Cruz Roja;AVENIDA;REINA VICTORIA;26;28003;Madrid;9;93;40,4473094;-3,7092245;24 horas;;;;;;;;YES;;;44,1565339;0063;093;0063;093;RM093D0063;;;;;;;;
1542;RM093D0064;Centro educativo;Privada;Público;Cruz Roja;Escuela enfermería ;AVENIDA;REINA VICTORIA;28;28003;Madrid;9;93;40,4471892;-3,7096912;NO;8;14;0;0;0;0;No;NO;;;44,1568804;0064;093;0064;093;RM093D0064;;;;;;;;
1556;RM093D0065;Transportes-Metro;Pública;Público;Metro de Madrid;Estación de Metro Guzmán el Bueno línea 6;AVENIDA;REINA VICTORIA;26;28003;Madrid;9;93;40,4470785;-3,7101428;NO;6;2;6;2;6;2;No;YES;;;44,1572213;0065;093;0065;093;RM093D0065;;;;;;;;
3224;RM091D0066;Centro deportivo;Pública;Público;Ayuntamiento de Madrid;Pistas de tenis de casa de campo;CAMINO;PRÍNCIPE;2;28011;Madrid;9;91;40,421484;-3,736016;NO;9;21;9;21;9;21;No;NO;;;44,1575;0066;091;0066;091;RM091D0066;;;;;;;;
1139;RM093D0067;Centro deportivo;Privada;Público;GIMNASIO;ANYTIME FITNESS;AVENIDA;PABLO IGLESIAS;39;28039;Madrid;9;93;40,449012;-3,709682;NO;10;21;10;14;0;0;No;NO;;;44,158694;0067;093;0067;093;RM093D0067;;;;;;;;
1209;RM093D0068;Otro establecimiento administración pública;Pública;Público;Ayuntamiento de Madrid;Faro de Moncloa. Planta baja;AVENIDA;MEMORIA;2;28040;Madrid;9;93;40,4373153;-3,7215761;NO;0;0;0;0;0;0;Sí;YES;;;44,1588914;0068;093;0068;093;RM093D0068;;;;;;;;
1907;RM093D0069;Centro educativo;Privada;Público;Escuela internacional de protocolos;Escuela internacional de protocolos y eventos ;CALLE;VASCOS;17;28040;Madrid;9;93;40,4482113;-3,7110514;NO;9;19;0;0;0;0;No;NO;;;44,1592627;0069;093;0069;093;RM093D0069;;;;;;;;
1547;RM093D0070;Centro residencial de uso público;Privada;Público;Residencia Bouco Madrid Loreto;Residencia Bouco Madrid Loreto;AVENIDA;REINA VICTORIA;62;28003;Madrid;9;93;40,446312;-3,7133051;24 horas;;;;;;;;YES;;;44,1596171;0070;093;0070;093;RM093D0070;;;;;;;;
1935;RM093D0071;Centro educativo;Privada;Público;PP. Agustinos;Colegio nuestra señora del buen consejo;CALLE;JUAN MONTALVO;30;28040;Madrid;9;93;40,4471178;-3,7125357;NO;9;20;0;0;0;0;No;NO;;;44,1596535;0071;093;0071;093;RM093D0071;;;;;;;;
1204;RM093D0072;Otro establecimiento administración pública;Pública;Público;Ministerio de Cultura;Museo de America;AVENIDA;REYES CATÓLICOS;6;28040;Madrid;9;93;40,4379875;-3,7218061;NO;0;0;0;0;0;0;Sí;YES;;;44,1597936;0072;093;0072;093;RM093D0072;;;;;;;;
3220;RM091D0073;Transportes-Metro;Pública;Público;Metro de Madrid;Estación de Metro Batán;PASEO;VENTA;S/N;28011;Madrid;9;91;40,40767;-3,752875;NO;6;2;6;2;6;2;No;YES;;;44,160545;0073;091;0073;091;RM091D0073;;;;;;;;
1904;RM093D0074;Hotel, hostal, alojamiento;Privada;Público;Marriott;Hotel AC Los Vascos;CALLE;VASCOS;27;28040;Madrid;9;93;40,4488673;-3,7113196;24 horas;;;;;;;;YES;;;44,1601869;0074;093;0074;093;RM093D0074;;;;;;;;
1902;RM093D0075;Centro deportivo;Privada;Público;Gym Iberia ; VivaGym ;CALLE;VASCOS;26;28040;Madrid;9;93;40,448978;-3,7112412;NO;6;23;9;20;9;20;No;NO;;;44,1602192;0075;093;0075;093;RM093D0075;;;;;;;;
1911;RM093D0076;Centro de trabajo (no administración pública);Privada;Público;Instituto madrileño de traumatología ;Instituto madrileño de traumatología ;CALLE;EXPLANADA;16;28040;Madrid;9;93;40,4483368;-3,7119017;NO;8;20;0;0;0;0;No;NO;;;44,1602385;0076;093;0076;093;RM093D0076;;;;;;;;
1918;RM093D0077;Centro educativo;Pública;Público;Ceae;Escuela superior de aeronáutica ;CALLE;ARAVACA;12;28040;Madrid;9;93;40,4479707;-3,712413;NO;9;21;0;0;0;0;No;NO;;;44,1603837;0077;093;0077;093;RM093D0077;;;;;;;;
1549;RM093D0078;Centro educativo;Privada;Público;Colegio Santo Domingo ;Colegio Santo Domingo;GLORIETA;PRESIDENTE GARCÍA MORENO;3;28003;Madrid;9;93;40,4459224;-3,7148933;NO;8;17;0;0;0;0;No;NO;;;44,1608157;0078;093;0078;093;RM093D0078;;;;;;;;
1900;RM093D0079;Centro educativo;Privada;Público;Iniciativas Europe formación ;Euroformac;CALLE;OLIMPIADA;2;28040;Madrid;9;93;40,4502703;-3,7107312;NO;8;21;0;0;0;0;No;NO;;;44,1610015;0079;093;0079;093;RM093D0079;;;;;;;;
1921;RM093D0080;Otro establecimiento administración pública;Pública;Público;Ministerio de ciencia y tecnología ;Consejo de seguridad nuclear ;CALLE;PEDRO JUSTO DORADO DELLMANS;11;28040;Madrid;9;93;40,4482062;-3,7136592;24 horas;;;;;;;;YES;;;44,1618654;0080;093;0080;093;RM093D0080;;;;;;;;
1926;RM093D0081;Otro establecimiento administración pública;Pública;Público;Ministerio de Defensa;Isdefe;CALLE;BEATRIZ DE BOBADILLA;3;28040;Madrid;9;93;40,4476811;-3,7144367;24 horas;;;;;;;;YES;;;44,1621178;0081;093;0081;093;RM093D0081;;;;;;;;
1928;RM093D0082;Otro establecimiento administración pública;Pública;Público;Ministerio de Defensa;Isdefe;CALLE;BEATRIZ DE BOBADILLA;3;28040;Madrid;9;93;40,4476811;-3,7144367;24 horas;;;;;;;;YES;;;44,1621178;0082;093;0082;093;RM093D0082;;;;;;;;
439;RM093D0083;Otro;Privada;Privado;Se desconoce no se accede ;No se accede ;AVENIDA;SÉNECA;4;28040;Madrid;9;93;40,43674267;-3,725636984;Unknown;;;;;;;;NO;NOT VALID;it was RM093D0083;44,16237965;0083;093;0083;093;RM093D0083;;;;;;;;
2433;RM091D0084;Centro educativo;Pública;Público;Comunidad de Madrid;CEIP EEUU de América Huarte de San Juan;PASEO;COMANDANTE FORTEA;71;28008;Madrid;9;91;40,42875;-3,7336571;NO;8;18;0;0;0;0;No;NO;;;44,1624071;0084;091;0084;091;RM091D0084;;;;;;;;
1235;RM093D0085;Otro establecimiento administración pública;Pública;Público;Comunidad de Madrid;Edificio de Inspeccion educativa;CALLE;ISAAC PERAL;23;28040;Madrid;9;93;40,4428646;-3,7197642;NO;7;20;0;0;0;0;Sí;YES;;;44,1626288;0085;093;0085;093;RM093D0085;;;;;;;;
440;RM093D0086;Centro residencial de uso público;Privada;Privado;Residencia universitaria Miguel Antonio Caro;Residencia universitaria Miguel Antonio Caro;AVENIDA;SÉNECA;6;28040;Madrid;9;93;40,43632347;-3,726398851;24 horas;;;;;;;;YES;;;44,16272232;0086;093;0086;093;RM093D0086;;;;;;;;
976;RM091D0087;Centro educativo;Pública;Público;Comunidad de Madrid;CEIP Estados Unidos;PASEO;COMANDANTE FORTEA;71;28008;Madrid;9;91;40,4289453;-3,7338183;NO;9;15;0;0;0;0;No;NO;;;44,1627636;0087;091;0087;091;RM091D0087;;;;;;;;
1200;RM093D0088;Centro educativo;Pública;Público;UPM;Facultad de Ing. Navales;AVENIDA;MEMORIA;4;28040;Madrid;9;93;40,438948;-3,7241899;NO;8;21;0;0;0;0;No;NO;;;44,1631379;0088;093;0088;093;RM093D0088;;;;;;;;
1888;RM093D0089;Centro educativo;Privada;Público;Cyber universidad;Cunef universidad;CALLE;ALMANSA;101;28040;Madrid;9;93;40,4491704;-3,7146717;NO;8;22;9;14;0;0;No;NO;;;44,1638421;0089;093;0089;093;RM093D0089;;;;;;;;
3217;RM091D0090;Transportes-Metro;Pública;Público;Metro de Madrid;Estación de Metro Casa de Campo;GLORIETA;LUIS DE VICENTE MONTOYA;S/N;28011;Madrid;9;91;40,403062;-3,760805;NO;6;2;6;2;6;2;No;YES;;;44,163867;0090;091;0090;091;RM091D0090;;;;;;;;
3219;RM091D0091;Otro;Privada;Público;Parques Reunidos;Parque de atracciones de Madrid;CARRETERA;PARQUE DE ATRACCIONES;S/N;28011;Madrid;9;91;40,413118;-3,7509512;NO;12;22;12;22;12;22;No;NO;;;44,1640692;0091;091;0091;091;RM091D0091;;;;;;;;
724;RM091D0092;Otro;Pública;Público;Canal de Isabel II;Canton canal de Isabel II;PASEO;EXTREMADURA;300;28024;Madrid;9;91;40,3992032;-3,7649062;24 horas;;;;;;;;YES;;;44,1641094;0092;091;0092;091;RM091D0092;;;;;;;;
1884;RM093D0093;Centro de trabajo (no administración pública);Privada;Privado;Enusa;Enusa;CALLE;SANTIAGO RUSIÑOL;12;28040;Madrid;9;93;40,4471629;-3,7170555;24 horas;;;;;;;;YES;;;44,1642184;0093;093;0093;093;RM093D0093;;;;;;;;
421;RM093D0094;Centro educativo;Privada;Público;Colegio mayor san Agustín ;Colegio mayor san Agustín ;TRAVESÍA;ANTONIO NEBRIJA;4;28040;Madrid;9;93;40,43672038;-3,727607398;24 horas;;;;;;;;YES;;;44,16432778;0094;093;0094;093;RM093D0094;;;;;;;;
1197;RM093D0095;Centro educativo;Pública;Público;UPM;Facultad de Aeronauticos. Edificio B;PLAZA;CARDENAL CISNEROS;3;28040;Madrid;9;93;40,4402881;-3,7240618;NO;8;21;0;0;0;0;No;NO;;;44,1643499;0095;093;0095;093;RM093D0095;;;;;;;;
970;RM091D0096;Centro deportivo;Pública;Público;Ayuntamiento de Madrid;Polideportivo parque de la bombilla;PASEO;SENDA DEL REY;8;28008;Madrid;9;91;40,4326353;-3,7318922;NO;8;23;8;20;8;20;No;NO;;;44,1645275;0096;091;0096;091;RM091D0096;;;;;;;;
1896;RM093D0097;Centro residencial de uso público;Privada;Público;Santa Monica;Colegio Mayor Santa Mónica ;PASEO;JUAN XXIII;19;28040;Madrid;9;93;40,4503637;-3,7145463;24 horas;;;;;;;;YES;;;44,16491;0097;093;0097;093;RM093D0097;;;;;;;;
1220;RM093D0098;Centro educativo;Privada;Público;Institutos Nebrija;Instituto Nebrija;PASEO;JUAN XXIII;3;28040;Madrid;9;93;40,4449615;-3,7200321;NO;8;21;9;20;9;20;No;NO;;;44,1649936;0098;093;0098;093;RM093D0098;;;;;;;;
1893;RM093D0099;Centro residencial de uso público;Privada;Público;Ballesol;Ballesol Parque Almansa;PASEO;JUAN XXIII;38;28040;Madrid;9;93;40,4499761;-3,7150596;24 horas;;;;;;;;YES;;;44,1650357;0099;093;0099;093;RM093D0099;;;;;;;;
1224;RM093D0100;Centro residencial de uso público;Privada;Público;Fundacion Pablo VI;Colegio Mayor Pio XII;PASEO;JUAN XXIII;3;28040;Madrid;9;93;40,4451873;-3,7199825;24 horas;;;;;;;;YES;;;44,1651698;0100;093;0100;093;RM093D0100;;;;;;;;
1890;RM093D0101;Hotel, hostal, alojamiento;Privada;Público;Resa;Resa Santa Maria del Estudiante;PASEO;JUAN XXIII;13;28040;Madrid;9;93;40,448345;-3,7169345;24 horas;;;;;;;;YES;;;44,1652795;0101;093;0101;093;RM093D0101;;;;;;;;
1194;RM093D0102;Centro educativo;Pública;Público;UPM;Facultad de Aeronautica. Edificio A;PLAZA;CARDENAL CISNEROS;3;28040;Madrid;9;93;40,4404854;-3,7252152;NO;8;21;0;0;0;0;No;NO;;;44,1657006;0102;093;0102;093;RM093D0102;;;;;;;;
1953;RM093D0103;Centro deportivo;Privada;Público;Well Sport Club;Well Sport Club;AVENIDA;DOCTOR FEDERICO RUBIO Y GALÍ;59;28040;Madrid;9;93;40,4528854;-3,7130513;NO;7;23;9;19;10;15;No;NO;;;44,1659367;0103;093;0103;093;RM093D0103;;;;;;;;
1218;RM093D0104;Transportes-Metro;Pública;Público;Metro de Madrid;Estación de Metro Vicente Aleixandre;AVENIDA;GREGORIO DEL AMO;8;28040;Madrid;9;93;40,4462972;-3,7199346;NO;6;2;6;2;6;2;No;YES;;;44,1662318;0104;093;0104;093;RM093D0104;;;;;;;;
1134;RM093D0105;Centro deportivo;Pública;Público;Ayuntamiento de Madrid;CDM EL QUIJOTE;CALLE;NUMANCIA;11;28039;Madrid;9;93;40,453474;-3,712873;NO;9;21;9;21;9;21;No;NO;;;44,166347;0105;093;0105;093;RM093D0105;;;;;;;;
1216;RM093D0106;Centro educativo;Pública;Público;Ministerio de industria y Turismo;Escuela de Organizacion Industrial;AVENIDA;GREGORIO DEL AMO;6;28040;Madrid;9;93;40,4461117;-3,7205448;NO;8;20;8;15;0;0;No;NO;;;44,1666565;0106;093;0106;093;RM093D0106;;;;;;;;
981;RM091D0107;Centro residencial de uso público;Privada;Privado;Asociación Hidalgos de España ;Residencia Hidalgos de calle Aniceto Marinas;CALLE;ANICETO MARINAS;114;28008;Madrid;9;91;40,4324345;-3,7347849;24 horas;;;;;;;;YES;;;44,1672194;0107;091;0107;091;RM091D0107;;;;;;;;
2431;RM091D0108;Centro educativo;Pública;Público;Comunidad de Madrid;IES ORTEGA Y GASSET;CALLE;SANTA FE;4;28008;Madrid;9;91;40,4316155;-3,7357203;NO;8;20;0;0;0;0;No;NO;;;44,1673358;0108;091;0108;091;RM091D0108;;;;;;;;
1993;RM093D0109;Otro establecimiento administración pública;Pública;Público;UPM;Rectorado universidad Politécnica ;CALLE;RAMIRO DE MAEZTU;7;28040;Madrid;9;93;40,4490551;-3,7189364;24 horas;;;;;;;;YES;;;44,1679915;0109;093;0109;093;RM093D0109;;;;;;;;
1191;RM093D0110;Centro educativo;Pública;Público;UCM;Facultad Odontologia;PLAZA;RAMÓN Y CAJAL;S/N;28040;Madrid;9;93;40,4425872;-3,7258032;NO;8;21;0;0;0;0;No;NO;;;44,1683904;0110;093;0110;093;RM093D0110;;;;;;;;
973;RM091D0111;Centro deportivo;Pública;Público;Ayuntamiento de Madrid;Centro deportivo Josefa María Cagigal 1 (entrada);CALLE;SANTA POLA;22;28008;Madrid;9;91;40,4321918;-3,7365763;NO;8;23;8;23;8;23;Sí;YES;;;44,1687681;0111;091;0111;091;RM091D0111;;;;;;;;
974;RM091D0112;Centro deportivo;Pública;Público;Ayuntamiento de Madrid;Centro deportivo José María Cagigal 2 (Enfermería);CALLE;SANTA POLA;22;28008;Madrid;9;91;40,4321918;-3,7365763;NO;8;23;8;23;8;23;Sí;YES;;;44,1687681;0112;091;0112;091;RM091D0112;;;;;;;;
437;RM093D0113;Otro;Privada;Privado;Asociación hidalgos de España ;Hidalgos de España ;AVENIDA;SÉNECA;18;28040;Madrid;9;93;40,4346167;-3,734173716;24 horas;;;;;;;;YES;;;44,16879042;0113;093;0113;093;RM093D0113;;;;;;;;
431;RM093D0114;Otro;Privada;Privado;Museo del traje ;Museo del traje ;AVENIDA;JUAN DE HERRERA;2;28040;Madrid;9;93;40,439375;-3,7294337;24 horas;;;;;;;;YES;;;44,1688087;0114;093;0114;093;RM093D0114;;;;;;;;
426;RM093D0115;Centro educativo;Privada;Público;UNED;Facultad derecho y cc políticas ;CALLE;OBISPO TREJO;2;28040;Madrid;9;93;40,43559372;-3,733535881;NO;7;21;0;0;0;0;No;NO;;;44,1691296;0115;093;0115;093;RM093D0115;;;;;;;;
1138;RM093D0116;Transportes-Metro;Pública;Público;Metro de Madrid;Estación de Metro Francos Rodríguez;AVENIDA;PABLO IGLESIAS;91;28039;Madrid;9;93;40,457239;-3,711903;NO;6;2;6;2;6;2;No;YES;;;44,169142;0116;093;0116;093;RM093D0116;;;;;;;;
2003;RM093D0117;Hotel, hostal, alojamiento;Pública;Público;Ministerio de industria y Turismo;Colegio mayor nuestra señora de Africa;CALLE;RAMIRO DE MAEZTU;7;28040;Madrid;9;93;40,4488828;-3,7203741;24 horas;;;;;;;;YES;;;44,1692569;0117;093;0117;093;RM093D0117;;;;;;;;
1188;RM093D0118;Centro educativo;Pública;Público;UPM;Edificio agronomos;AVENIDA;PUERTA DE HIERRO;2;28040;Madrid;9;93;40,4421292;-3,7282031;24 horas;;;;;;;;YES;;;44,1703323;0118;093;0118;093;RM093D0118;;;;;;;;
1186;RM093D0119;Transportes-Metro;Pública;Público;Metro de Madrid;Estación de Metro Ciudad Universitaria;PLAZA;RAMÓN Y CAJAL;S/N;28040;Madrid;9;93;40,4435487;-3,7269814;NO;6;2;6;2;6;2;No;YES;;;44,1705301;0119;093;0119;093;RM093D0119;;;;;;;;
1958;RM093D0120;Centro educativo;Privada;Público;Cunef;Cunef;CALLE;LEONARDO PRIETO CASTRO;2;28040;Madrid;9;93;40,4514584;-3,7191842;24 horas;;;;;;;;YES;;;44,1706426;0120;093;0120;093;RM093D0120;;;;;;;;
1989;RM093D0121;Otro establecimiento administración pública;Pública;Público;CSIC;CSIC centro de investigaciones biológicas ;CALLE;RAMIRO DE MAEZTU;9;28040;Madrid;9;93;40,4482549;-3,7224726;24 horas;;;;;;;;YES;;;44,1707275;0121;093;0121;093;RM093D0121;;;;;;;;
442;RM093D0122;Centro educativo;Privada;Público;INEF;Centro INEF ;CALLE;MARTÍN FIERRO;7;28040;Madrid;9;93;40,43811267;-3,732678957;NO;8;22;0;0;0;0;No;NO;;;44,17079163;0122;093;0122;093;RM093D0122;;;;;;;;
430;RM093D0123;Centro educativo;Privada;Público;Escuela técnica edificación politécnica Madrid ;Escuela técnica edificación ;AVENIDA;JUAN DE HERRERA;6;28040;Madrid;9;93;40,43907331;-3,731781491;NO;7;21;0;0;0;0;No;NO;;;44,1708548;0123;093;0123;093;RM093D0123;;;;;;;;
429;RM093D0124;Centro educativo;Privada;Público;UNED;Biblioteca Central UNED;PASEO;SENDA DEL REY;8;28040;Madrid;9;93;40,43600791;-3,73499059;NO;7;22;0;0;0;0;No;NO;;;44,1709985;0124;093;0124;093;RM093D0124;;;;;;;;
3218;RM091D0125;Otro;Pública;Público;Zoológico de Madrid;Zoológico de Madrid;PASEO;ZARZÓN;S/N;28011;Madrid;9;91;40,410504;-3,760528;24 horas;;;;;;;;YES;;;44,171032;0125;091;0125;091;RM091D0125;;;;;;;;
1254;RM093D0126;Centro deportivo;Pública;Público;UCM;Facultad de farmacia. Conserjeria;PLAZA;RAMÓN Y CAJAL;1;28040;Madrid;9;93;40,4450893;-3,7262468;NO;8;20;0;0;0;0;No;NO;;;44,1713361;0126;093;0126;093;RM093D0126;;;;;;;;
1253;RM093D0127;Centro educativo;Pública;Público;UCM;Facutad de Farmacia;PLAZA;RAMÓN Y CAJAL;1;28040;Madrid;9;93;40,4450748;-3,7262679;NO;8;20;0;0;0;0;No;NO;;;44,1713427;0127;093;0127;093;RM093D0127;;;;;;;;
419;RM093D0128;Centro educativo;Privada;Público;Casa de Velázquez ;Casa de Velázquez ;CALLE;PAUL GUINARD;3;28040;Madrid;9;93;40,4412911;-3,730107603;NO;8;22;8;22;8;22;No;NO;;;44,1713987;0128;093;0128;093;RM093D0128;;;;;;;;
995;RM094D0129;Centro educativo;Pública;Público;Comunidad de Madrid;CEIP Escuelas Bosque Hall entrada;AVENIDA;SANTO ÁNGEL DE LA GUARDA;4;28039;Madrid;9;94;40,459101;-3,712362;NO;8;17;0;0;0;0;No;NO;;;44,171463;0129;094;0129;094;RM094D0129;;;;;;;;
435;RM093D0130;Centro educativo;Privada;Público;UNED;Humanidades UNED;PASEO;SENDA DEL REY;7;28040;Madrid;9;93;40,43633093;-3,735194543;NO;7;21;0;0;0;0;No;NO;;;44,17152547;0130;093;0130;093;RM093D0130;;;;;;;;
1132;RM093D0131;Centro educativo;Privada;Público;COLEGIO SANTISIMO SACRAMENTO;COLEGIO SANTISIMO SACRAMENTO;CALLE;MARÍA AUXILIADORA;9;28040;Madrid;9;93;40,457615;-3,714378;NO;8;17;0;0;0;0;No;NO;;;44,171993;0131;093;0131;093;RM093D0131;;;;;;;;
1187;RM093D0132;Centro educativo;Pública;Público;UPM;Edificio Agricolas;AVENIDA;PUERTA DE HIERRO;4;28040;Madrid;9;93;40,4424456;-3,7298054;NO;7;21;0;0;0;0;No;NO;;;44,172251;0132;093;0132;093;RM093D0132;;;;;;;;
3542;RM093D0133;Centro educativo;Privada;Público;CES Don Bosco;CES Don Bosco;CALLE;MARIA AUXILIADORA;9;28040;Madrid;9;93;40,45743;-3,714881;NO;8;19;0;0;0;0;No;NO;;;44,172311;0133;093;0133;093;RM093D0133;;;;;;;;
3527;RM093D0134;Centro educativo;Privada;Público;CEU;INSTITUTO DE ESTUDIO SUPERIORES FUNDACIÓN UNIVERSITARIA SAN PABLO CEU;CALLE;PIRINEOS;55;28040;Madrid;9;93;40,453385;-3,718936;NO;8;21;0;0;0;0;No;NO;;;44,172321;0134;093;0134;093;RM093D0134;;;;;;;;
987;RM094D0135;Viviendas;Privada;Privado;Comunidad de propietarios;GARITA CONSERJE;AVENIDA;SANTO ÁNGEL DE LA GUARDA;7 y 9;28039;Madrid;9;94;40,459992;-3,712504;24 horas;;;;;;;;YES;;;44,172496;0135;094;0135;094;RM094D0135;;;;;;;;
985;RM094D0136;Otro establecimiento administración pública;Pública;Público;CENTRO DE MAYORES AMAS;CENTRO DE MAYORES AMAS;CALLE;SÁNCHEZ PRECIADO;43;28039;Madrid;9;94;40,461401;-3,711145;NO;9;20;9;20;9;20;No;NO;;;44,172546;0136;094;0136;094;RM094D0136;;;;;;;;
990;RM094D0137;Viviendas;Privada;Privado;Comunidad de propietarios, calle de la jacaranda 10;comunidad de vecinos;AVENIDA;SANTO ÁNGEL DE LA GUARDA;21;28039;Madrid;9;94;40,46013328;-3,712496981;24 horas;;;;;;;;YES;;;44,17263026;0137;094;0137;094;RM094D0137;;;;;;;;
1968;RM093D0138;Centro educativo;Pública;Público;UPM;Escuela ingeniería Forestal;CALLE;JOSÉ ANTONIO NOVAIS;10;28040;Madrid;9;93;40,448434;-3,724274;NO;8;20;0;0;0;0;No;NO;;;44,172708;0138;093;0138;093;RM093D0138;;;;;;;;
965;RM094D0139;Centro educativo;Privada;Público;Colegio Trilema El Pilar;Colegio Trilema El Pilar ;CALLE;SÁNCHEZ PRECIADO;62;28039;Madrid;9;94;40,46318104;-3,709548924;NO;8;17;0;0;0;0;No;NO;;;44,17272996;0139;094;0139;094;RM094D0139;;;;;;;;
994;RM094D0140;Centro deportivo;Pública;Público;Ayuntamiento de Madrid;CDM Fernando Martín;AVENIDA;SANTO ÁNGEL DE LA GUARDA;6;28039;Madrid;9;94;40,46093949;-3,712175012;NO;9;22;9;21;9;21;No;NO;;;44,1731145;0140;094;0140;094;RM094D0140;;;;;;;;
966;RM093D0141;Centro educativo;Pública;Público;UNED;UNED facultad de económicas ;PASEO;SENDA DEL REY;11;28040;Madrid;9;93;40,4376226;-3,7363098;NO;7;21;8;15;0;0;No;NO;;;44,1739324;0141;093;0141;093;RM093D0141;;;;;;;;
3541;RM093D0142;Centro educativo;Privada;Público;COLEGIO MAYOR AQUINAS;RECEPCIÓN COLEGIO MAYOR AQUINAS;CALLE;LEONARDO PRIETO CASTRO;6;28040;Madrid;9;93;40,452452;-3,721603;24 horas;;;;;;;;YES;;;44,174055;0142;093;0142;093;RM093D0142;;;;;;;;
1130;RM094D0143;Centro educativo;Pública;Público;Comunidad de Madrid;IES Virgen de la Paloma Garita;CALLE;FRANCOS RODRÍGUEZ;106;28039;Madrid;9;94;40,458817;-3,715796;24 horas;;;;;;;;YES;;;44,174613;0143;094;0143;094;RM094D0143;;;;;;;;
1457;RM094D0144;Centro residencial de uso público;Pública;Público;Ayuntamiento de Madrid;CENTRO DE DIA MUNICIPAL ALMOROX;CALLE;ALMOROX;5;28039;Madrid;9;94;40,464081;-3,7119;NO;8;19;0;0;0;0;No;NO;;;44,175981;0144;094;0144;094;RM094D0144;;;;;;;;
434;RM093D0145;Centro educativo;Pública;Público;Escuela Técnica Superior de Ingeniería Agronómica, Alimentaria y de Biosistemas (ETSIAAB);Edificio Fitotecnia Campo Practicas ETSIAB Politécnica ;PASEO;SENDA DEL REY;17;28040;Madrid;9;93;40,43899501;-3,73701577;NO;7;14;0;0;0;0;No;NO;;;44,17601078;0145;093;0145;093;RM093D0145;;;;;;;;
432;RM093D0146;Otro establecimiento administración pública;Pública;Público;Instituto Patrimonio Cultural España ;Instituto Patrimonio Cultural España ;CALLE;PINTOR EL GRECO;4;28040;Madrid;9;93;40,44166669;-3,735464797;Unknown;;;;;;;;NO;NOT VALID;it was RM093D0146;44,17713149;0146;093;0146;093;RM093D0146;;;;;;;;
1464;RM094D0147;Centro educativo;Pública;Público;colegio daniel vazquez diaz;colegio daniel vazquez diaz;CALLE;ARMENTEROS;46;28039;Madrid;9;94;40,464769;-3,713298;NO;9;17;0;0;0;0;No;NO;;;44,178067;0147;094;0147;094;RM094D0147;;;;;;;;
2436;RM093D0148;Centro educativo;Pública;Público;UPM;Escuela ingenieros de telecomunicación (UPM);AVENIDA;COMPLUTENSE;30;28040;Madrid;9;93;40,4522662;-3,7268094;NO;8;22;8;22;8;22;No;NO;;;44,1790756;0148;093;0148;093;RM093D0148;;;;;;;;
2444;RM093D0149;Centro educativo;Pública;Público;UPM;Edificio de ingenieros de caminos, canales y puertos ;CALLE;PROFESOR ARANGUREN;3;28040;Madrid;9;93;40,4472134;-3,7320317;NO;8;22;8;14;0;0;No;NO;;;44,1792451;0149;093;0149;093;RM093D0149;;;;;;;;
2165;RM093D0150;Centro deportivo;Pública;Público;Ayuntamiento de Madrid; Club de campo;CARRETERA;CASTILLA;2;28040;Madrid;9;93;40,4385601;-3,7407073;NO;8;22;8;22;8;22;No;NO;;;44,1792674;0150;093;0150;093;RM093D0150;;;;;;;;
2440;RM093D0151;Centro de trabajo (no administración pública);Privada;Privado;Ciemat ;Centro de investigaciones ;AVENIDA;COMPLUTENSE;40;28040;Madrid;9;93;40,4544138;-3,7257234;NO;8;17;0;0;0;0;Sí;YES;;;44,1801372;0151;093;0151;093;RM093D0151;;;;;;;;
1461;RM094D0152;Transportes-Metro;Pública;Público;Metro de Madrid;Estación de Metro Valdezarza;CALLE;SAN RESTITUTO;72;28039;Madrid;9;94;40,465063;-3,716295;NO;6;2;6;2;6;2;No;YES;;;44,181358;0152;094;0152;094;RM094D0152;;;;;;;;
2442;RM093D0153;Centro de trabajo (no administración pública);Privada;Privado;Ciemat;Centro de investigaciones ;AVENIDA;COMPLUTENSE;40;28040;Madrid;9;93;40,4553406;-3,727251;NO;8;17;0;0;0;0;Sí;YES;;;44,1825916;0153;093;0153;093;RM093D0153;;;;;;;;
2437;RM093D0154;Centro de trabajo (no administración pública);Privada;Privado;Ciemat;Centro de investigaciones ;AVENIDA;COMPLUTENSE;40;28040;Madrid;9;93;40,4566261;-3,7260939;NO;8;17;0;0;0;0;Sí;YES;;;44,18272;0154;093;0154;093;RM093D0154;;;;;;;;
2441;RM093D0155;Centro de trabajo (no administración pública);Privada;Privado;Ciemat;Centro de investigaciones ;AVENIDA;COMPLUTENSE;40;28040;Madrid;9;93;40,4544128;-3,728407;NO;8;17;0;0;0;0;Sí;YES;;;44,1828198;0155;093;0155;093;RM093D0155;;;;;;;;
2448;RM093D0156;Otro establecimiento administración pública;Pública;Público;Centro de estudios jurídicos;Centro de estudios jurídicos ;CALLE;JUAN DEL ROSAL;2;28040;Madrid;9;93;40,4518531;-3,7310463;NO;7;18;0;0;0;0;Sí;YES;;;44,1828994;0156;093;0156;093;RM093D0156;;;;;;;;
2438;RM093D0157;Centro de trabajo (no administración pública);Privada;Privado;Ciemat;Centro de investigaciones ;AVENIDA;COMPLUTENSE;40;28040;Madrid;9;93;40,4552233;-3,7289267;NO;8;17;0;0;0;0;No;NO;;;44,18415;0157;093;0157;093;RM093D0157;;;;;;;;
2439;RM093D0158;Centro de trabajo (no administración pública);Privada;Privado;Ciemat;Centro de investigaciones ;AVENIDA;COMPLUTENSE;40;28040;Madrid;9;93;40,4550276;-3,7296546;NO;8;17;0;0;0;0;Sí;YES;;;44,1846822;0158;093;0158;093;RM093D0158;;;;;;;;
152;RM094D0159;Centro deportivo;Pública;Público;Ayuntamiento de Madrid;CDM Ciudad de los Poetas;CALLE;ANTONIO MACHADO;12;28035;Madrid;9;94;40,46594576;-3,719074379;NO;8;22;8;22;8;22;No;NO;;;44,18502014;0159;094;0159;094;RM094D0159;;;;;;;;
1818;RM094D0160;Centro educativo;Pública;Público;INSTITUTO CIUDAD DE LOS POETAS;INSTITUTO CIUDAD DE LOS POETAS;CALLE;VALDESANGIL;25;28039;Madrid;9;94;40,46781;-3,717331;NO;8;18;0;0;0;0;No;NO;;;44,185141;0160;094;0160;094;RM094D0160;;;;;;;;
1820;RM094D0161;Centro educativo;Pública;Público;COLEGIO EUGENIO MARIA DE HOSTOS;COLEGIO EUGENIO MARIA DE HOSTOS;CALLE;VALDEVARNES;26;28039;Madrid;9;94;40,468376;-3,71754;NO;8;16;0;0;0;0;No;NO;;;44,185916;0161;094;0161;094;RM094D0161;;;;;;;;
2257;RM093D0162;Centro educativo;Pública;Público;UCM;Facultad de veterinaria ;AVENIDA;PUERTA DE HIERRO;1;28040;Madrid;9;93;40,4490288;-3,7376754;24 horas;;;;;;;;YES;;;44,1867042;0162;093;0162;093;RM093D0162;;;;;;;;
2188;RM093D0163;Otro establecimiento administración pública;Pública;Público;Ayuntamiento de Madrid;Viveros Migas Calientes ;AUTOVÍA;M-30;km 22;28040;Madrid;9;93;40,4463531;-3,7403606;NO;8;15;0;0;0;0;No;NO;;;44,1867137;0163;093;0163;093;RM093D0163;;;;;;;;
2273;RM093D0164;Centro educativo;Pública;Público;UCM;Facultad de veterinaria ;AVENIDA;PUERTA DE HIERRO;1;28040;Madrid;9;93;40,4490915;-3,7378564;24 horas;;;;;;;;YES;;;44,1869479;0164;093;0164;093;RM093D0164;;;;;;;;
141;RM093D0165;Centro educativo;Privada;Público;Colegio La Inmaculada;Colegio , 1 planta ;CALLE;NAVALPERAL;9;28035;Madrid;9;93;40,46105338;-3,726287742;NO;8;17;0;0;0;0;No;NO;;;44,18734112;0165;093;0165;093;RM093D0165;;;;;;;;
2164;RM093D0166;Centro deportivo;Pública;Público;Ayuntamiento de Madrid; Club de Campo;CARRETERA;CASTILLA;2;28040;Madrid;9;93;40,4418284;-3,7458199;NO;8;22;8;22;8;22;No;NO;;;44,1876483;0166;093;0166;093;RM093D0166;;;;;;;;
2268;RM093D0167;Centro educativo;Pública;Público;UCM;Facultad de veterinaria ;AVENIDA;PUERTA DE HIERRO;1;28040;Madrid;9;93;40,4489132;-3,7388743;24 horas;;;;;;;;YES;;;44,1877875;0167;093;0167;093;RM093D0167;;;;;;;;
3532;RM093D0168;Otro establecimiento administración pública;Pública;Público;RTVE;RTVE Instituto;CARRETERA;DEHESA DE LA VILLA;S/N;28040;Madrid;9;93;40,4558474;-3,732131;NO;7;22;0;0;0;0;No;NO;;;44,1879784;0168;093;0168;093;RM093D0168;;;;;;;;
1817;RM094D0169;Transportes-Metro;Pública;Público;Metro de Madrid;Estación de Metro Antonio Machado;CALLE;VALDERRODRIGO;82;28039;Madrid;9;94;40,469906;-3,718275;NO;6;2;6;2;6;2;No;YES;;;44,188181;0169;094;0169;094;RM094D0169;;;;;;;;
2262;RM093D0170;Centro educativo;Pública;Público;UCM;Facultad de veterinaria ;AVENIDA;PUERTA DE HIERRO;1;28040;Madrid;9;93;40,4490951;-3,7393353;24 horas;;;;;;;;YES;;;44,1884304;0170;093;0170;093;RM093D0170;;;;;;;;
2452;RM093D0171;Centro educativo;Pública;Público;UNED;Facultad de psicología ;CALLE;JUAN DEL ROSAL;10;28040;Madrid;9;93;40,4518567;-3,7366565;24 horas;;;;;;;;YES;;;44,1885132;0171;093;0171;093;RM093D0171;;;;;;;;
2253;RM093D0172;Centro educativo;Pública;Público;UCM;Facultad de veterinaria;AVENIDA;PUERTA DE HIERRO;1;28040;Madrid;9;93;40,4497077;-3,7388153;24 horas;;;;;;;;YES;;;44,188523;0172;093;0172;093;RM093D0172;;;;;;;;
2265;RM093D0173;Centro educativo;Pública;Público;UCM;Facultad de veterinaria ;AVENIDA;PUERTA DE HIERRO;1;28040;Madrid;9;93;40,4490311;-3,7395073;24 horas;;;;;;;;YES;;;44,1885384;0173;093;0173;093;RM093D0173;;;;;;;;
2167;RM093D0174;Centro deportivo;Pública;Público;Ayuntamiento de Madrid;Club de Campo;CARRETERA;CASTILLA;2;28040;Madrid;9;93;40,4451687;-3,7434934;NO;8;22;8;22;8;22;No;NO;;;44,1886621;0174;093;0174;093;RM093D0174;;;;;;;;
2454;RM093D0175;Centro educativo;Pública;Público;UNED;Escuela de ingenieros industriales ;CALLE;JUAN DEL ROSAL;12;28040;Madrid;9;93;40,4514765;-3,737206;NO;7;19;0;0;0;0;No;NO;;;44,1886825;0175;093;0175;093;RM093D0175;;;;;;;;
2455;RM093D0176;Centro educativo;Pública;Público;UNED;Facultad de educación ;CALLE;JUAN DEL ROSAL;14;28040;Madrid;9;93;40,4512477;-3,7375443;NO;7;21;8;15;0;0;No;NO;;;44,188792;0176;093;0176;093;RM093D0176;;;;;;;;
2457;RM093D0177;Centro educativo;Pública;Público;UNED;E.T.S ingeniería informática ;CALLE;JUAN DEL ROSAL;16;28040;Madrid;9;93;40,450815;-3,7379952;NO;7;21;8;15;0;0;No;NO;;;44,1888102;0177;093;0177;093;RM093D0177;;;;;;;;
2254;RM093D0178;Centro deportivo;Pública;Público;UCM;Facultad de Veterinaria;AVENIDA;PUERTA DE HIERRO;1;28040;Madrid;9;93;40,4497008;-3,7398141;24 horas;;;;;;;;YES;;;44,1895149;0178;093;0178;093;RM093D0178;;;;;;;;
158;RM094D0179;Centro educativo;Pública;Público;Colegio Lepanto;Colegio Lepanto;CALLE;VALDERREY;9;28035;Madrid;9;94;40,46856327;-3,721178393;NO;8;18;0;0;0;0;No;NO;;;44,18974166;0179;094;0179;094;RM094D0179;;;;;;;;
148;RM093D0180;Centro educativo;Privada;Público;City country school;Centro educativo extranjero;CALLE;ISLA SOLEDAD;2;28035;Madrid;9;93;40,46768564;-3,724660577;NO;8;16;0;0;0;0;No;NO;;;44,19234622;0180;093;0180;093;RM093D0180;;;;;;;;
2189;RM093D0181;Otro establecimiento administración pública;Pública;Público;Ayuntamiento de Madrid;EDAR viveros de la villa;AVENIDA;PADRE HUIDOBRO;S/N;28040;Madrid;9;93;40,4509288;-3,7430019;24 horas;;;;;;;;YES;;;44,1939307;0181;093;0181;093;RM093D0181;;;;;;;;
166;RM093D0182;Otro establecimiento administración pública;Pública;Público;Aula Salud Publica ;Salud Publica;CALLE;SAN MARTÍN DE PORRES;6;28035;Madrid;9;93;40,46800287;-3,727223698;NO;9;13;0;0;0;0;No;NO;;;44,19522657;0182;093;0182;093;RM093D0182;;;;;;;;
2169;RM093D0183;Centro deportivo;Pública;Público;Ayuntamiento de Madrid;Club de Campo;CARRETERA;CASTILLA;2;28040;Madrid;9;93;40,4495281;-3,7473343;NO;8;22;8;22;8;22;No;NO;;;44,1968624;0183;093;0183;093;RM093D0183;;;;;;;;
2171;RM093D0184;Centro deportivo;Pública;Público;Ayuntamiento de Madrid;Club de Campo;CARRETERA;CASTILLA;2;28040;Madrid;9;93;40,4505236;-3,7475868;NO;8;22;8;22;8;22;No;NO;;;44,1981104;0184;093;0184;093;RM093D0184;;;;;;;;
171;RM093D0185;Viviendas;Privada;Privado;Comunidad de propietarios San Martín de Porres 14;Viviendas;CALLE;SAN MARTÍN DE PORRES;14;28035;Madrid;9;93;40,47050743;-3,728642684;24 horas;;;;;;;;YES;;;44,19915011;0185;093;0185;093;RM093D0185;;;;;;;;
182;RM093D0186;Centro deportivo;Privada;Público;Real Club Puerta Hierro;Real Club;AVENIDA;MIRAFLORES;S/N;28035;Madrid;9;93;40,460274;-3,740268;NO;8;22;0;0;0;0;;NO;;;44,200542;0186;093;0186;093;RM093D0186;;;;;;;;
185;RM093D0187;Centro deportivo;Privada;Público;Real Club Puerta Hierro;Real Club;AVENIDA;MIRAFLORES;S/N;28035;Madrid;9;93;40,460274;-3,740268;24 horas;;;;;;;;NO;NOT VALID;it was RM093D0187;44,200542;0187;093;0187;093;RM093D0187;;;;;;;;
190;RM093D0188;Centro deportivo;Privada;Público;Real Club Puerta Hierro;Tienda RC;AVENIDA;MIRAFLORES;S/N;28035;Madrid;9;93;40,460274;-3,740268;NO;8;22;0;0;0;0;;NO;;;44,200542;0188;093;0188;093;RM093D0188;;;;;;;;
193;RM093D0189;Centro deportivo;Privada;Público;Real Club Puerta Hierro;Tenis RC;AVENIDA;MIRAFLORES;S/N;28035;Madrid;9;93;40,460274;-3,740268;NO;8;22;0;0;0;0;;NO;;;44,200542;0189;093;0189;093;RM093D0189;;;;;;;;
2173;RM093D0190;Centro deportivo;Pública;Público;Ayuntamiento de Madrid;Club de Campo;CARRETERA;CASTILLA;2;28040;Madrid;9;93;40,4522945;-3,7490436;NO;8;22;8;22;8;22;No;NO;;;44,2013381;0190;093;0190;093;RM093D0190;;;;;;;;
2175;RM093D0191;Centro deportivo;Pública;Público;Ayuntamiento de Madrid;Club de campo ;CARRETERA;CASTILLA;2;28040;Madrid;9;93;40,4530037;-3,7489983;NO;8;22;8;22;8;22;No;NO;;;44,202002;0191;093;0191;093;RM093D0191;;;;;;;;
2178;RM093D0192;Centro deportivo;Pública;Público;Ayuntamiento de Madrid;Club de Campo;CARRETERA;CASTILLA;2;28040;Madrid;9;93;40,4512428;-3,7509137;NO;8;22;8;22;8;22;No;NO;;;44,2021565;0192;093;0192;093;RM093D0192;;;;;;;;
200;RM093D0193;Centro educativo;Privada;Público;Colegio Santa Maria del Camino;Santa Maria del Camino;CALLE;PEGUERINOS;13;28035;Madrid;9;93;40,4686288;-3,735086594;NO;9;17;0;0;0;0;No;NO;;;44,20371539;0193;093;0193;093;RM093D0193;;;;;;;;
2195;RM093D0194;Centro deportivo;Pública;Público;Comunidad de Madrid;Club deportivo Puerta de Hierro;CARRETERA;EL PARDO A LA PLAYA;26;28035;Madrid;9;93;40,4592864;-3,7457247;24 horas;;;;;;;;YES;;;44,2050111;0194;093;0194;093;RM093D0194;;;;;;;;
2197;RM093D0195;Centro deportivo;Pública;Público;Comunidad de Madrid;Club deportivo Puerta de Hierro;CARRETERA;EL PARDO A LA PLAYA;26;28035;Madrid;9;93;40,4592864;-3,7457247;24 horas;;;;;;;;YES;;;44,2050111;0195;093;0195;093;RM093D0195;;;;;;;;
443;RM093D0196;Otro establecimiento administración pública;Pública;Público;Ministerio ;Instituto investigación tecnológica y alimentaria ;AVENIDA;PADRE HUIDOBRO;8 A;28040;Madrid;9;93;40,45504567;-3,75014053;Unknown;;;;;;;;NO;NOT VALID;it was RM093D0196;44,2051862;0196;093;0196;093;RM093D0196;;;;;;;;
2179;RM093D0197;Centro deportivo;Pública;Público;Ayuntamiento de Madrid;Club de Campo;CARRETERA;CASTILLA;2;28040;Madrid;9;93;40,4511839;-3,7552217;NO;8;22;8;22;8;22;No;NO;;;44,2064056;0197;093;0197;093;RM093D0197;;;;;;;;
2181;RM093D0198;Centro deportivo;Pública;Público;Ayuntamiento de Madrid;Club de campo;CARRETERA;CASTILLA;2;28040;Madrid;9;93;40,4500327;-3,760113;NO;8;22;8;22;8;22;No;NO;;;44,2101457;0198;093;0198;093;RM093D0198;;;;;;;;
2475;RM097D0199;Centro residencial de uso público;Privada;Público;FUNDACIÓN GOTZE ;Residencia y centro educativo fundación GOTZE;CARRETERA;CASTILLA;km 5;28023;Madrid;9;97;40,449804;-3,762483;24 horas;;;;;;;;YES;;;44,212287;0199;097;0199;097;RM097D0199;;;;;;;;
205;RM093D0200;Centro educativo;Privada;Público;ESCP Busimess School;ESCP;CALLE;ARROYOFRESNO;1;28035;Madrid;9;93;40,47112139;-3,749564416;NO;8;20;0;0;0;0;No;NO;;;44,22068581;0200;093;0200;093;RM093D0200;;;;;;;;
3488;RM097D0201;Centro educativo;Pública;Público;Comunidad de Madrid;CEIP Rosa de Luxemburgo;CALLE;BARDEGUERAL;16;28023;Madrid;9;97;40,450172;-3,771463;NO;9;15;0;0;0;0;No;NO;;;44,221635;0201;097;0201;097;RM097D0201;;;;;;;;
2507;RM097D0202;Centro de trabajo (no administración pública);Privada;Privado;Telefónica;Telefonica ;CALLE;FUENTE DEL REY;1;28023;Madrid;9;97;40,455177;-3,767642;24 horas;;;;;;;;YES;;;44,222819;0202;097;0202;097;RM097D0202;;;;;;;;
3482;RM097D0203;Centro educativo;Privada;Público;COLEGIO SANTA MARÍA DE LOS ROSALES;COLEGIO SANTA MARÍA DE LOS ROSALES;CALLE;VIRGEN DE LOS ROSALES;1;28023;Madrid;9;97;40,453662;-3,769991;NO;9;18;0;0;0;0;No;NO;;;44,223653;0203;097;0203;097;RM097D0203;;;;;;;;
3486;RM097D0204;Centro educativo;Privada;Público;COLEGIO BERNADETTE;COLEGIO BERNADETTE;CALLE;SANTA BERNARDITA;1;28023;Madrid;9;97;40,453519;-3,771094;NO;9;17;0;0;0;0;No;NO;;;44,224613;0204;097;0204;097;RM097D0204;;;;;;;;
2476;RM097D0205;Centro educativo;Privada;Público;Instituto de Estudios Bursátiles ;Instituto de Estudios Bursátiles ;AVENIDA;TALGO;1;28023;Madrid;9;97;40,447162;-3,777533;24 horas;;;;;;;;YES;;;44,224695;0205;097;0205;097;RM097D0205;;;;;;;;
3485;RM097D0206;Centro educativo;Privada;Público;INTERNATIONAL ARAVACA;COLEGIO INTERNATIONAL ARAVACA;CALLE;SANTA BERNARDITA;3;28023;Madrid;9;97;40,452936;-3,772424;NO;9;17;0;0;0;0;No;NO;;;44,22536;0206;097;0206;097;RM097D0206;;;;;;;;
2068;RM093D0207;Centro deportivo;Privada;Público;Hipódromo Zarzuela;Hipódromo Zarzuela zona técnica ;AVENIDA;PADRE HUIDOBRO;S/N;28040;Madrid;9;93;40,466963;-3,759539;NO;6;1;6;1;10;15;Sí;YES;;;44,226502;0207;093;0207;093;RM093D0207;;;;;;;;
2485;RM097D0208;Otro;Privada;Privado;Mapfre;Urbanización Altos de Aravaca. Viviendas y oficinas MAPFRE;AVENIDA;TALGO;68;28023;Madrid;9;97;40,447347;-3,779753;24 horas;;;;;;;;YES;;;44,2271;0208;097;0208;097;RM097D0208;;;;;;;;
2070;RM093D0209;Centro deportivo;Privada;Público;Hipódromo Zarzuela ;Hipódromo Zarzuela, Oficinas;AVENIDA;PADRE HUIDOBRO;S/N;28040;Madrid;9;93;40,466963;-3,761318;NO;7;13;0;0;0;0;Sí;YES;;;44,228281;0209;093;0209;093;RM093D0209;;;;;;;;
2478;RM097D0210;Centro residencial de uso público;Privada;Público;Residencia Bouco;Residencia Bouco;AVENIDA;TALGO;53;28023;Madrid;9;97;40,446739;-3,781621;24 horas;;;;;;;;YES;;;44,22836;0210;097;0210;097;RM097D0210;;;;;;;;
3462;RM097D0211;Centro de trabajo (no administración pública);Privada;Público;Satec;Satec ;AVENIDA;EUROPA;34;28023;Madrid;9;97;40,445766;-3,787484;24 horas;;;;;;;;YES;;;44,23325;0211;097;0211;097;RM097D0211;;;;;;;;
2491;RM097D0212;Transportes-Metro;Pública;Público;Metro de Madrid;Estación de Metro Ligero Aravaca;AVENIDA;TALGO;S/N;28023;Madrid;9;97;40,4483594;-3,7857125;NO;6;2;6;2;6;2;No;YES;;;44,2340719;0212;097;0212;097;RM097D0212;;;;;;;;
2492;RM097D0213;Transportes-Renfe;Pública;Público;ADIF;Estación de Cercanías Aravaca;AVENIDA;TALGO;S/N;28023;Madrid;9;97;40,4483594;-3,7857125;NO;5;0;6;0;6;0;No;YES;;;44,2340719;0213;097;0213;097;RM097D0213;;;;;;;;
2498;RM097D0214;Centro deportivo;Pública;Público;Ayuntamiento de Madrid;CDM ALFREDO GOYENECHE;CALLE;ARROYO DE POZUELO;99;28023;Madrid;9;97;40,452166;-3,782529;NO;9;22;9;14;9;14;No;NO;;;44,234695;0214;097;0214;097;RM097D0214;;;;;;;;
2508;RM097D0215;Centro deportivo;Privada;Público;Aravaca Club Fútbol ;Estadio Antonio Sanfiz;CALLE;FUENTE DEL REY;48;28023;Madrid;9;97;40,458328;-3,777148;NO;16;21;0;0;0;0;No;NO;;;44,235476;0215;097;0215;097;RM097D0215;;;;;;;;
3467;RM095D0216;Viviendas;Privada;Privado;Comunidad de propietarios;Jimena Ménendez Pidal 8;CALLE;JIMENA MENÉNDEZ PIDAL;8;28023;Madrid;9;95;40,470647;-3,765749;24 horas;;;;;;;;YES;;;44,236396;0216;095;0216;095;RM095D0216;;;;;;;;
2035;RM095D0217;Centro educativo;Privada;Público;Mater Salvatoris;Colegio Mater Salvatoris Primaria;CALLE;VALDESQUÍ;4;28023;Madrid;9;95;40,464598;-3,772037;NO;7;23;7;23;7;23;Sí;YES;;;44,236635;0217;095;0217;095;RM095D0217;;;;;;;;
3481;RM095D0218;Centro educativo;Privada;Público;CLUB DEPORTIVO ESTUDIO;CLUB DEPORTIVO ESTUDIO;CALLE;JIMENA MENÉNDEZ PIDAL;11;28023;Madrid;9;95;40,470266;-3,766641;NO;9;16;0;0;0;0;No;NO;;;44,236907;0218;095;0218;095;RM095D0218;;;;;;;;
3463;RM095D0219;Centro educativo;Privada;Público;Asociación Afanias;Asociación Afanias ;CALLE;TAPIA DE CASARIEGO;1;28023;Madrid;9;95;40,463614;-3,77719;NO;7;16;0;0;0;0;No;NO;;;44,240804;0219;095;0219;095;RM095D0219;;;;;;;;
2107;RM095D0220;Centro deportivo;Privada;Público;David Lloyd;Gimnasio David Lloyd piscina;CALLE;VIÑAS DE EL PARDO;4;28023;Madrid;9;95;40,472693;-3,768821;NO;6;23;7;22;7;22;No;NO;;;44,241514;0220;095;0220;095;RM095D0220;;;;;;;;
2112;RM095D0221;Centro deportivo;Privada;Público;David Lloyd;Planta alta gimnasio David Lloyd;CALLE;VIÑAS DE EL PARDO;4;28023;Madrid;9;95;40,472693;-3,768821;NO;6;23;7;22;7;22;No;NO;;;44,241514;0221;095;0221;095;RM095D0221;;;;;;;;
3487;RM097D0222;Centro educativo;Pública;Público;Ayuntamiento de Madrid;Escuela Infantil las Viñas;CALLE;ESTUDIO;6;28023;Madrid;9;97;40,460637;-3,785283;NO;9;17;0;0;0;0;No;NO;;;44,24592;0222;097;0222;097;RM097D0222;;;;;;;;
3480;RM095D0223;Centro educativo;Privada;Público;The English Montessori School;The English Montessori School;CALLE;LA SALLE;2;28023;Madrid;9;95;40,466646;-3,779367;NO;9;17;0;0;0;0;No;NO;;;44,246013;0223;095;0223;095;RM095D0223;;;;;;;;
2099;RM095D0224;Centro educativo;Privada;Público;The English Montessori School;The English Montessori School Moncloa;CALLE;AURIGA;3;28023;Madrid;9;95;40,468259;-3,7789;NO;8;18;0;0;0;0;No;NO;;;44,247159;0224;095;0224;095;RM095D0224;;;;;;;;
2053;RM095D0225;Centro comercial;Privada;Público;Verdecora;Verdecora Aravaca;CALLE;CARLOS SAN JOSÉ;4;28023;Madrid;9;95;40,465598;-3,782494;NO;9;21;9;21;9;21;No;NO;;;44,248092;0225;095;0225;095;RM095D0225;;;;;;;;
2079;RM095D0226;Centro educativo;Privada;Público;La Salle;Centro Universitario La Salle, edificio C;CALLE;LA SALLE;10;28023;Madrid;9;95;40,4662489;-3,782008247;NO;10;21;0;0;0;0;No;NO;;;44,24825715;0226;095;0226;095;RM095D0226;;;;;;;;
2073;RM095D0227;Centro educativo;Privada;Público;La Salle;Centro Universitario La Salle A;CALLE;LA SALLE;10;28023;Madrid;9;95;40,46638;-3,781974;NO;9;20;0;0;0;0;No;NO;;;44,248354;0227;095;0227;095;RM095D0227;;;;;;;;
2055;RM095D0228;Otro;Privada;Público;Valdemarín;Residencia Valdemarín ;CALLE;BLANCA DE CASTILLA;8;28023;Madrid;9;95;40,46568;-3,783245;24 horas;;;;;;;;YES;;;44,248925;0228;095;0228;095;RM095D0228;;;;;;;;
2510;RM097D0229;Centro educativo;Privada;Público;Colegio María Reina;Colegio María Reina;CALLE;ARANZUEQUE;4;28023;Madrid;9;97;40,461311;-3,788721;NO;9;16;0;0;0;0;No;NO;;;44,250032;0229;097;0229;097;RM097D0229;;;;;;;;
2121;RM095D0230;Centro de trabajo (no administración pública);Privada;Público;Comunidad de propietarios Camino de la zarzuela 19, 21;Centro Empresarial Aravaca Village 19 - 21;CAMINO;ZARZUELA;21;28023;Madrid;9;95;40,464414;-3,786669;24 horas;;;;;;;;YES;;;44,251083;0230;095;0230;095;RM095D0230;;;;;;;;
2092;RM095D0231;Centro de trabajo (no administración pública);Privada;Público;La Salle ;Clínica Universitaria La Salle;CALLE;GANÍMEDES;11;28023;Madrid;9;95;40,467868;-3,783248;NO;8;21;0;0;0;0;No;NO;;;44,251116;0231;095;0231;095;RM095D0231;;;;;;;;
3464;RM095D0232;Viviendas;Privada;Privado;Comunidad de propietarios;Av Valdemarín 98;AVENIDA;VALDEMARÍN;98;28023;Madrid;9;95;40,469244;-3,785005;24 horas;;;;;;;;YES;;;44,254249;0232;095;0232;095;RM095D0232;;;;;;;;
3466;RM095D0233;Otro establecimiento administración pública;Pública;Público;Ministerio de Agricultura;Ministerio de Agricultura;CALLE;AGUARÓN;13;28023;Madrid;9;95;40,465052;-3,790283;24 horas;;;;;;;;YES;;;44,255335;0233;095;0233;095;RM095D0233;;;;;;;;
3465;RM095D0234;Viviendas;Privada;Privado;Comunidad de propietarios;Comunidad de propietarios de Valdemarín 126;AVENIDA;VALDEMARÍN;126;28023;Madrid;9;95;40,467858;-3,787722;24 horas;;;;;;;;YES;;;44,25558;0234;095;0234;095;RM095D0234;;;;;;;;
2026;RM095D0235;Centro residencial de uso público;Privada;Público;Residencial La Florida SANITAS;Residencia Sanitas Arabaca;CALLE;VALLE DE TORANZO;3;28023;Madrid;9;95;40,467902;-3,795128;24 horas;;;;;;;;YES;;;44,26303;0235;095;0235;095;RM095D0235;;;;;;;;
825;RM096D0236;Centro de trabajo (no administración pública);Privada;Público;Grenergy;Recepción del edificio / 24H;CALLE;RAFAEL BOTÍ;26;28023;Madrid;9;96;40,4630847;-3,8021195;24 horas;;;;;;;;YES;;;44,2652042;0236;096;0236;096;RM096D0236;;;;;;;;
916;RM096D0237;Centro de trabajo (no administración pública);Privada;Público;Empresas;Recepción edificio Europa II;CALLE;MUSGO;2;28023;Madrid;9;96;40,4671844;-3,8012508;24 horas;;;;;;;;YES;;;44,2684352;0237;096;0237;096;RM096D0237;;;;;;;;
911;RM096D0238;Centro de trabajo (no administración pública);Privada;Público;Empresas;Musgo Recepción edificio 5;CALLE;MUSGO;5;28023;Madrid;9;96;40,46733;-3,8014853;NO;7;19;0;0;0;0;No;NO;;;44,2688153;0238;096;0238;096;RM096D0238;;;;;;;;
914;RM096D0239;Centro de trabajo (no administración pública);Privada;Público;Realia;Realia Musgo Recepción edificio 3;CALLE;MUSGO;3;28023;Madrid;9;96;40,4672402;-3,8017222;NO;7;15;0;0;0;0;No;NO;;;44,2689624;0239;096;0239;096;RM096D0239;;;;;;;;
908;RM096D0240;Centro de trabajo (no administración pública);Privada;Público;Oasis ;Garita de seguridad del complejo ;CALLE;BASAURI;17;28023;Madrid;9;96;40,4669693;-3,804342;24 horas;;;;;;;;YES;;;44,2713113;0240;096;0240;096;RM096D0240;;;;;;;;
905;RM096D0241;Centro educativo;Privada;Público;Preventiva Seguros ;Recepción del palacete ;CALLE;ARMINZA;2;28023;Madrid;9;96;40,4689344;-3,8030006;NO;7;19;0;0;0;0;No;NO;;;44,271935;0241;096;0241;096;RM096D0241;;;;;;;;
828;RM096D0242;Transportes-Renfe;Pública;Público;ADIF;Estación de Cercanías El Barrial;CALLE;RAFAEL BOTÍ;S/N;28023;Madrid;9;96;40,4650185;-3,8079219;NO;5;0;6;0;6;0;No;YES;;;44,2729404;0242;096;0242;096;RM096D0242;;;;;;;;
881;RM096D0243;Centro comercial;Privada;Público;CC Sexta Avenida ;CC Sexta Avenida planta baja;AVENIDA;VICTORIA;2;28023;Madrid;9;96;40,4675511;-3,8141646;24 horas;;;;;;;;YES;;;44,2817157;0243;096;0243;096;RM096D0243;;;;;;;;
875;RM096D0244;Otro;Privada;Público;TACHA;Recepción del centro de belleza ;CALLE;OCHANDIANO;35;28023;Madrid;9;96;40,4686857;-3,8182677;NO;11;20;10;18;0;0;No;NO;;;44,2869534;0244;096;0244;096;RM096D0244;;;;;;;;
864;RM096D0245;Centro de trabajo (no administración pública);Privada;Público;Línea Directa ;Recepción del edificio n12;CALLE;OCHANDIANO;12;28023;Madrid;9;96;40,4689246;-3,8181068;24 horas;;;;;;;;YES;;;44,2870314;0245;096;0245;096;RM096D0245;;;;;;;;
846;RM096D0246;Centro de trabajo (no administración pública);Privada;Público;Diageo;Recepción Diageo ;AVENIDA;VICTORIA;32;28023;Madrid;9;96;40,468655;-3,819345;NO;8;20;8;20;8;20;No;NO;;;44,288;0246;096;0246;096;RM096D0246;;;;;;;;
848;RM096D0247;Centro de trabajo (no administración pública);Privada;Público;Actions;Recepción ;AVENIDA;VICTORIA;50;28023;Madrid;9;96;40,4698857;-3,8221073;NO;8;18;0;0;0;0;No;NO;;;44,291993;0247;096;0247;096;RM096D0247;;;;;;;;
832;RM096D0248;Centro de trabajo (no administración pública);Privada;Público;Agroseguro ;Recepción Agroseguro;CALLE;GOBELAS;23;28023;Madrid;9;96;40,4724113;-3,8219785;24 horas;;;;;;;;YES;;;44,2943898;0248;096;0248;096;RM096D0248;;;;;;;;
896;RM096D0249;Centro educativo;Privada;Público;Mapfre;Se trata de un complejo, se encuentra en el edificio A junto a seguridad.;AVENIDA;VICTORIA;35;28023;Madrid;9;96;40,4656557;-3,8345068;24 horas;;;;;;;;YES;;;44,3001625;0249;096;0249;096;RM096D0249;;;;;;;;
852;RM096D0250;Centro educativo;Privada;Público;Cruz Roja ;Recepción edificio Cruz Roja ;CALLE;CIMARRA;7;28023;Madrid;9;96;40,4731017;-3,8273043;24 horas;;;;;;;;YES;;;44,300406;0250;096;0250;096;RM096D0250;;;;;;;;
838;RM096D0251;Centro de trabajo (no administración pública);Privada;Público;General Electric ;Recepción de las oficinas de General Electric ;CALLE;GOBELAS;35;28023;Madrid;9;96;40,474114;-3,826673;NO;7;19;7;19;7;19;Sí;YES;;;44,300787;0251;096;0251;096;RM096D0251;;;;;;;;
705;RM106D0001;Transportes-Metro;Pública;Público;Metro de Madrid;Estación de Metro La Peseta;AVENIDA;PESETA;61;28054;Madrid;10;106;40,36310639;-3,757364699;NO;6;2;6;2;6;2;No;YES;;;44,12047109;0001;106;0001;106;RM106D0001;;;;;;;;
3210;RM101D0002;Centro educativo;Privada;Público;Fundación San Berbardo;Colegio San Bernardo ;AVENIDA;MANZANARES;20;28011;Madrid;10;101;40,407898;-3,722658;NO;8;15;0;0;0;0;No;NO;;;44,130556;0002;101;0002;101;RM101D0002;;;;;;;;
41;RM101D0003;Centro educativo;Privada;Público;Colegio San Bernardo;Colegio San Bernardo;AVENIDA;MANZANARES;20;28011;Madrid;10;101;40,4079982;-3,7230734;NO;8;17;0;0;0;0;No;NO;NOT VALID-DUPLICATED;it was RM101D0003 iqual to RM101D0002;44,1310716;0003;101;0003;101;RM101D0003;;;;;;;;
213;RM104D0004;Transportes-Metro;Pública;Público;Metro de Madrid;Estación de Metro Carabanchel;GLORIETA;EJÉRCITO;S/N;28047;Madrid;10;104;40,38787245;-3,744870475;NO;6;2;6;2;6;2;No;YES;;;44,13274293;0004;104;0004;104;RM104D0004;;;;;;;;
39;RM101D0005;Centro deportivo;Pública;Público;Paidesport;Paidesport;CALLE;SEPÚLVEDA;3;28011;Madrid;10;101;40,4069617;-3,7261626;NO;9;23;9;18;9;15;No;NO;;;44,1331243;0005;101;0005;101;RM101D0005;;;;;;;;
714;RM106D0006;Centro educativo;Privada;Público;CEIP Ábaco ;Colegio Ábaco ;AVENIDA;PESETA;8;28054;Madrid;10;106;40,36788211;-3,765439255;NO;8;21;0;0;0;0;No;NO;;;44,13332137;0006;106;0006;106;RM106D0006;;;;;;;;
345;RM101D0007;Transportes-Metro;Pública;Público;Metro de Madrid;Estación de Metro Carpetana;CALLE;VÍA CARPETANA;157;28047;Madrid;10;101;40,3933705;-3,7405175;NO;6;2;6;2;6;2;No;YES;;;44,133888;0007;101;0007;101;RM101D0007;;;;;;;;
354;RM101D0008;Centro deportivo;Pública;Público;Centro deportivo GALLUR;Centro deportivo GALLUR;CALLE;GALLUR;2;28047;Madrid;10;101;40,3986686;-3,7356443;NO;9;20;9;20;9;20;No;NO;;;44,1343129;0008;101;0008;101;RM101D0008;;;;;;;;
364;RM101D0009;Centro educativo;Pública;Público;Colegio republica de uruguay;Colegio republica de uruguay;AVENIDA;NUESTRA SEÑORA DE VALVANERA;120;28047;Madrid;10;101;40,3936749;-3,7410945;NO;9;18;0;0;0;0;No;NO;;;44,1347694;0009;101;0009;101;RM101D0009;;;;;;;;
1147;RM107D0010;Centro deportivo;Pública;Público;Ayuntamiento de Madrid;CDM Las Cruces;AVENIDA;POBLADOS;72;28044;Madrid;10;107;40,3788855;-3,7561947;NO;7;23;9;20;9;15;No;NO;;;44,1350802;0010;107;0010;107;RM107D0010;;;;;;;;
202;RM104D0011;Transportes-Metro;Pública;Público;Metro de Madrid;Estación de Metro Eugenia de Montijo;CALLE;OCAÑA;70;28047;Madrid;10;104;40,384732;-3,750529;NO;6;2;6;2;6;2;No;YES;;;44,135261;0011;104;0011;104;RM104D0011;;;;;;;;
342;RM104D0012;Centro educativo;Pública;Público;Colegio Concertado Luis Feito ;Colegio concertado Luis feito ;CALLE;LUIS FEITO;19;28047;Madrid;10;104;40,3912963;-3,7442143;NO;9;14;0;0;0;0;No;NO;;;44,1355106;0012;104;0012;104;RM104D0012;;;;;;;;
350;RM101D0013;Centro deportivo;Pública;Público;Centro deportivo Gallur;Centro deportivo Gallur vestíbulo ;CALLE;GALLUR;2;28047;Madrid;10;101;40,3991;-3,73667;NO;9;21;9;21;9;21;No;NO;;;44,13577;0013;101;0013;101;RM101D0013;;;;;;;;
673;RM106D0014;Centro de trabajo (no administración pública);Privada;Privado;Compass Group;Edificio de oficinas Compass group;CALLE;PINAR DE SAN JOSÉ;98;28054;Madrid;10;106;40,36213726;-3,774466431;NO;8;19;0;0;0;0;Sí;YES;;;44,13660369;0014;106;0014;106;RM106D0014;;;;;;;;
651;RM106D0015;Viviendas;Privada;Privado;Comunidad de propietarios Clarinetes 1 ;Portería ;CALLE;CLARINETES;1;28054;Madrid;10;106;40,37253972;-3,764090226;24 horas;;;;;;;;YES;;;44,13662995;0015;106;0015;106;RM106D0015;;;;;;;;
204;RM104D0016;Centro educativo;Pública;Público;Comunidad de Madrid;IES Iturralde;CALLE;NUESTRA SEÑORA DE LA LUZ;53;28047;Madrid;10;104;40,386198;-3,751538;NO;8;15;0;0;0;0;No;NO;;;44,137736;0016;104;0016;104;RM104D0016;;;;;;;;
1404;RM107D0017;Centro educativo;Pública;Público;Comunidad de Madrid;CEIP FRANCISCO ARRANZ;CALLE;SONDICA;2;28044;Madrid;10;107;40,3749421;-3,7628449;NO;8;17;0;0;0;0;No;NO;;;44,137787;0017;107;0017;107;RM107D0017;;;;;;;;
353;RM101D0018;Otro establecimiento administración pública;Pública;Público;Ayuntamiento de Madrid;Centro de día Municipal Gallur Enfermeria;CALLE;GALLUR;417;28047;Madrid;10;101;40,3968884;-3,7414673;NO;8;18;0;0;0;0;No;NO;;;44,1383557;0018;101;0018;101;RM101D0018;;;;;;;;
362;RM104D0019;Centro educativo;Pública;Público;Centro de mayores los Cármenes;Centro de mayores los Cármenes;GLORIETA;LOS CÁRMENES;2;28047;Madrid;10;104;40,3948605;-3,7435799;NO;9;20;0;0;0;0;No;NO;;;44,1384404;0019;104;0019;104;RM104D0019;;;;;;;;
3209;RM102D0020;Otro establecimiento administración pública;Pública;Público;Comunidad de Madrid;Oficina de Empleo de Puerta del Ángel;GLORIETA;PUENTE DE SEGOVIA;3;28011;Madrid;10;102;40,414577;-3,724241;NO;9;14;0;0;0;0;No;NO;;;44,138818;0020;102;0020;102;RM102D0020;;;;;;;;
659;RM106D0021;Otro;Privada;Privado;Recinto de eventos ;Caseta de entrada ;CARRETERA;BARRIO DE LA FORTUNA;14;28054;Madrid;10;106;40,365541;-3,7733747;24 horas;;;;;;;;YES;;;44,1389157;0021;106;0021;106;RM106D0021;;;;;;;;
344;RM101D0022;Transportes-Metro;Privada;Privado;Metro de Madrid;Metro-Depósito 8;CALLE;GOTARRENDURA;3;28047;Madrid;10;101;40,402817;-3,736386;24 horas;;;;;;;;YES;;;44,139203;0022;101;0022;101;RM101D0022;;;;;;;;
187;RM104D0023;Centro educativo;Pública;Público;Comunidad de Madrid;CEPA Aluche;CALLE;OCAÑA;35 bis;28047;Madrid;10;104;40,384711;-3,755187;NO;9;21;0;0;0;0;No;NO;;;44,139898;0023;104;0023;104;RM104D0023;;;;;;;;
358;RM101D0024;Centro educativo;Privada;Público;Centro de formación ocupacional los carmenes;Centro de formación ocupacional los carmenes;CALLE;ALHAMBRA;89;28047;Madrid;10;101;40,39666613;-3,743341263;NO;8;15;0;0;0;0;No;NO;;;44,14000739;0024;101;0024;101;RM101D0024;;;;;;;;
3394;RM102D0025;Transportes-Metro;Pública;Público;Metro de Madrid;Estación de Metro Puerta del Ángel;CALLE;CARAMUEL;1;28011;Madrid;10;102;40,4135595;-3,7270317;NO;6;2;6;2;6;2;No;YES;;;44,1405912;0025;102;0025;102;RM102D0025;;;;;;;;
356;RM101D0026;Otro establecimiento administración pública;Pública;Público;Centro de día Gertrudis de la Fuente;Centro de día Gertrudis de la Fuente;AVENIDA;ÁNGEL SANZ BRIZ;S/N;28047;Madrid;10;101;40,3991374;-3,7417372;NO;8;18;0;0;0;0;No;NO;;;44,1408746;0026;101;0026;101;RM101D0026;;;;;;;;
12;RM102D0027;Centro educativo;Privada;Público;Colegio María Cristina;Colegio María Cristina;CALLE;ANTILLÓN;6;28011;Madrid;10;102;40,4129135;-3,7282052;NO;8;17;0;0;0;0;No;NO;;;44,1411187;0027;102;0027;102;RM102D0027;;;;;;;;
3208;RM102D0028;Centro residencial de uso público;Pública;Público;Ayuntamiento de Madrid;CENTRO DE DIA SAN CRISPIN;CALLE;OBERTURA;6;28011;Madrid;10;102;40,414948;-3,726326;NO;8;18;8;18;0;0;No;NO;;;44,141274;0028;102;0028;102;RM102D0028;;;;;;;;
194;RM104D0029;Centro educativo;Pública;Público;COLEGIO COSTA RICA;COLEGIO COSTA RICA ;CALLE;CAMARENA;247;28047;Madrid;10;104;40,38548534;-3,755930554;NO;9;16;0;0;0;0;No;NO;;;44,14141589;0029;104;0029;104;RM104D0029;;;;;;;;
1401;RM107D0030;Centro educativo;Pública;Público;Comunidad de Madrid;IES GARCIA MORATO;CALLE;SOLEDAD CAZORLA;34;28044;Madrid;10;107;40,3743187;-3,7673533;NO;8;19;0;0;0;0;No;NO;;;44,141672;0030;107;0030;107;RM107D0030;;;;;;;;
1417;RM107D0031;Otro establecimiento administración pública;Pública;Público;Comunidad de Madrid;OFICINA JUDICIAL DE DISTRITO LATINA;CALLE;VIDAUBA;24;28044;Madrid;10;107;40,379633;-3,762329;NO;9;19;0;0;0;0;No;NO;;;44,141962;0031;107;0031;107;RM107D0031;;;;;;;;
4;RM102D0032;Centro educativo;Privada;Público;Centro Formación Profesional Metrodora;Centro Formación Profesional Metrodora;PASEO;EXTREMADURA;33;28011;Madrid;10;102;40,4133868;-3,7287262;NO;9;21;0;0;0;0;No;NO;;;44,142113;0032;102;0032;102;RM102D0032;;;;;;;;
360;RM101D0033;Otro;Privada;Público;Arzobispado de Madrid;Centro arciprestal san Roque;CALLE;CERRO DE LA MICA;1;28047;Madrid;10;101;40,39846;-3,74374;NO;9;18;0;0;0;0;No;NO;;;44,1422;0033;101;0033;101;RM101D0033;;;;;;;;
140;RM104D0034;Centro educativo;Pública;Público;Comunidad de Madrid;CEIP Hernán Cortés;CALLE;LOS YÉBENES;241;28047;Madrid;10;104;40,391202;-3,751293;NO;9;15;0;0;0;0;No;NO;;;44,142495;0034;104;0034;104;RM104D0034;;;;;;;;
1410;RM107D0035;Centro educativo;Pública;Público;Comunidad de Madrid;IES LEONARDO DA VINCI;CALLE;BLAS CABRERA;90;28044;Madrid;10;107;40,3780715;-3,7645176;NO;8;21;0;0;0;0;No;NO;;;44,1425891;0035;107;0035;107;RM107D0035;;;;;;;;
15;RM102D0036;Centro educativo;Privada;Público;Colegio Cristo Rey;Colegio Cristo Rey;CALLE;SANTA ÚRSULA;5;28011;Madrid;10;102;40,4125196;-3,7304213;NO;8;19;8;14;0;0;No;NO;;;44,1429409;0036;102;0036;102;RM102D0036;;;;;;;;
183;RM104D0037;Otro establecimiento administración pública;Pública;Público;CENTRO DE MAYORES ALUCHE;CENTRO DE MAYORES ALUCHE;CALLE;CAMARENA;181;28047;Madrid;10;104;40,388376;-3,754672;NO;9;20;0;0;0;0;No;NO;;;44,143048;0037;104;0037;104;RM104D0037;;;;;;;;
181;RM104D0038;Centro educativo;Privada;Público;COLEGIO NUESTRA SEÑORA DE LAS ESCUELAS PÍAS ;COLEGIO NUESTRA SEÑORA DE LAS ESCUELAS PÍAS ;CALLE;OCAÑA;191;28047;Madrid;10;104;40,389372;-3,753764;NO;8;16;0;0;0;0;No;NO;;;44,143136;0038;104;0038;104;RM104D0038;;;;;;;;
1414;RM107D0039;Centro educativo;Privada;Público;Fundación Aprender;Fundación Aprender;CALLE;BLAS CABRERA;88;28044;Madrid;10;107;40,3782298;-3,7649826;NO;8;16;0;0;0;0;No;NO;;;44,1432124;0039;107;0039;107;RM107D0039;;;;;;;;
387;RM101D0040;Centro educativo;Pública;Público;Colegio Nuestra Señora del Lucero;Colegio Nuestra Señora del Lucero;CALLE;MUÑICO;1;28047;Madrid;10;101;40,40241992;-3,741000525;NO;9;15;0;0;0;0;No;NO;;;44,14342045;0040;101;0040;101;RM101D0040;;;;;;;;
3450;RM103D0041;Transportes-Metro;Pública;Público;Comunidad de Madrid;Estación de Metro Laguna;CALLE;CUART DE POBLET;18;28047;Madrid;10;103;40,3991738;-3,7445671;NO;6;2;6;2;6;2;No;YES;;;44,1437409;0041;103;0041;103;RM103D0041;;;;;;;;
3212;RM102D0042;Centro educativo;Pública;Público;Comunidad de Madrid;CEIP Joaquín Dicenta;PASEO;OLIVOS;70;28011;Madrid;10;102;40,40561;-3,738178;NO;8;15;0;0;0;0;No;NO;;;44,143788;0042;102;0042;102;RM102D0042;;;;;;;;
361;RM103D0043;Centro educativo;Privada;Público;Colegio concertado Irlandesas Madrid;Centro educativo Irlandesas Madrid ;CALLE;CULLERA;24;28047;Madrid;10;103;40,39656847;-3,7473112;NO;9;16;0;0;0;0;No;NO;;;44,14387967;0043;103;0043;103;RM103D0043;;;;;;;;
14;RM102D0044;Centro educativo;Privada;Público;Colegio San Miguel Arcangel;Polideportivo Colegio San Miguel Arcangel;CALLE;CABELLO LAPIEDRA;4;28011;Madrid;10;102;40,4105136;-3,7335679;NO;8;19;0;0;0;0;No;NO;;;44,1440815;0044;102;0044;102;RM102D0044;;;;;;;;
3207;RM102D0045;Otro establecimiento administración pública;Pública;Público;Comisión de Investigación de Accidentes e Incidentes de Aviación Civil (CIAIAC);Accidentes aviación civil;CALLE;FRUELA;6;28011;Madrid;10;102;40,413529;-3,730944;24 horas;;;;;;;;YES;;;44,144473;0045;102;0045;102;RM102D0045;;;;;;;;
13;RM102D0046;Centro educativo;Privada;Público;Colegio San Miguel Arcángel;Colegio San Miguel Arcángel;CALLE;REPULLÉS Y VARGAS;8;28011;Madrid;10;102;40,4103707;-3,7345291;NO;8;19;0;0;0;0;No;NO;;;44,1448998;0046;102;0046;102;RM102D0046;;;;;;;;
3211;RM102D0047;Centro educativo;Privada;Público;Salesianos;Colegio Salesianos;CALLE;REPULLÉS Y VARGAS;11;28011;Madrid;10;102;40,410408;-3,734522;NO;8;15;0;0;0;0;No;NO;;;44,14493;0047;102;0047;102;RM102D0047;;;;;;;;
1422;RM107D0048;Otro;Privada;Privado;Ballesol;Residencia ballesol;CALLE;CASUARINA;4;28044;Madrid;10;107;40,3811557;-3,7645142;NO;9;22;9;22;9;22;No;NO;;;44,1456699;0048;107;0048;107;RM107D0048;;;;;;;;
134;RM104D0049;Centro educativo;Pública;Público;Comunidad de Madrid;CEE FRAY PEDRO PONCE DE LEON ;CALLE;LOS YÉBENES;76 bis;28047;Madrid;10;104;40,392825;-3,753319;NO;9;16;0;0;0;0;No;NO;;;44,146144;0049;104;0049;104;RM104D0049;;;;;;;;
151;RM104D0050;Centro educativo;Pública;Público;Comunidad de Madrid;OFICINA DE EMPLEO;CALLE;ILLESCAS;189;28047;Madrid;10;104;40,392154;-3,754015;NO;9;14;0;0;0;0;No;NO;;;44,146169;0050;104;0050;104;RM104D0050;;;;;;;;
37;RM102D0051;Centro educativo;Pública;Público;Comunidad de Madrid;IES Eijo y Garay;CALLE;SEVERINO AZNAR EMBID;6;28011;Madrid;10;102;40,4079806;-3,7385893;NO;8;15;0;0;0;0;No;NO;;;44,1465699;0051;102;0051;102;RM102D0051;;;;;;;;
196;RM104D0052;Transportes-Metro;Pública;Público;Metro de Madrid;Estación de Metro Aluche;AVENIDA;POBLADOS;S/N;28047;Madrid;10;104;40,385843;-3,761316;NO;6;2;6;2;6;2;No;YES;;;44,147159;0052;104;0052;104;RM104D0052;;;;;;;;
16;RM102D0053;Centro educativo;Privada;Público;Centro de Formación Profesional José Ramón Otero;Centro de Formación Profesional José Ramón Otero;CALLE;FRANCISCO BRIZUELA;3;28011;Madrid;10;102;40,4095905;-3,7387928;NO;8;20;0;0;0;0;No;NO;;;44,1483833;0053;102;0053;102;RM102D0053;;;;;;;;
337;RM103D0054;Centro educativo;Pública;Público;Conservatorio Teresa Berganza;Conservatorio Teresa Berganza;CALLE;PALMÍPEDO;3;28047;Madrid;10;103;40,4034316;-3,7449985;NO;9;22;0;0;0;0;No;NO;;;44,1484301;0054;103;0054;103;RM103D0054;;;;;;;;
1430;RM107D0055;Centro comercial;Privada;Público;CC PLAZA DE ALUCHE;CC PLAZA DE ALUCHE;AVENIDA;POBLADOS;58;28024;Madrid;10;107;40,3859609;-3,7625589;24 horas;;;;;;;;YES;;;44,1485198;0055;107;0055;107;RM107D0055;;;;;;;;
5;RM102D0056;Transportes-Metro;Pública;Público;Metro de Madrid;Estación de Metro Alto de Extremadura;PASEO;EXTREMADURA;156;28011;Madrid;10;102;40,4098478;-3,7388401;NO;6;2;6;2;6;2;No;YES;;;44,1486879;0056;102;0056;102;RM102D0056;;;;;;;;
6;RM102D0057;Otro establecimiento administración pública;Pública;Público;Ayuntamiento de Madrid;Centro Municipal de Salud Latina;PASEO;EXTREMADURA;147;28011;Madrid;10;102;40,4096541;-3,739169;NO;8;14;0;0;0;0;No;NO;;;44,1488231;0057;102;0057;102;RM102D0057;;;;;;;;
1435;RM107D0058;Otro establecimiento administración pública;Pública;Público;Ayuntamiento de Madrid;Junta municipal de Latina;AVENIDA;LAS ÁGUILAS;2;28044;Madrid;10;107;40,384933;-3,7641991;24 horas;;;;;;;;YES;;;44,1491321;0058;107;0058;107;RM107D0058;;;;;;;;
663;RM106D0059;Transportes-Aeropuerto;Pública;Público;AENA;Aeródromo Cuatro Vientos Entrada a terminal;CARRETERA;BARRIO DE LA FORTUNA;S/N;28054;Madrid;10;106;40,36853741;-3,780617404;NO;8;18;8;18;8;18;No;NO;;;44,14915481;0059;106;0059;106;RM106D0059;;;;;;;;
7;RM102D0060;Otro establecimiento administración pública;Pública;Público;Comunidad de Madrid;Centro de especialidades Avda de Portugal;AVENIDA;PORTUGAL;155;28011;Madrid;10;102;40,411138;-3,7381162;NO;8;20;0;0;0;0;No;NO;;;44,1492542;0060;102;0060;102;RM102D0060;;;;;;;;
1433;RM107D0061;Centro de trabajo (no administración pública);Privada;Privado;Comunidad de propietarios;Edificio FANJUL;AVENIDA;LAS ÁGUILAS;2;28044;Madrid;10;107;40,3844495;-3,7649688;24 horas;;;;;;;;YES;;;44,1494183;0061;107;0061;107;RM107D0061;;;;;;;;
1407;RM107D0062;Otro establecimiento administración pública;Pública;Público;Comunidad de Madrid;Centro Ocupacional AMAS;CALLE;RAFAEL FINAT;48;28044;Madrid;10;107;40,378262;-3,7714263;NO;9;16;0;0;0;0;No;NO;;;44,1496883;0062;107;0062;107;RM107D0062;;;;;;;;
34;RM102D0063;Transportes-Metro;Pública;Público;Metro de Madrid;Estación de Metro Lucero;CALLE;CEBREROS;S/N;28011;Madrid;10;102;40,4048926;-3,7450433;NO;6;2;6;2;6;2;No;YES;;;44,1499359;0063;102;0063;102;RM102D0063;;;;;;;;
126;RM104D0064;Centro educativo;Privada;Público;Colegio La Anunciata;Colegio La Anunciata ;CALLE;CAMARENA;55;28047;Madrid;10;104;40,39572;-3,754261;NO;9;17;0;0;0;0;No;NO;;;44,149981;0064;104;0064;104;RM104D0064;;;;;;;;
1257;RM104D0065;Transportes-Metro;Pública;Privado;Metro de Madrid;Metro-Depósito Aluche;AVENIDA;POBLADOS;39;28024;Madrid;10;104;40,3870406;-3,7631926;24 horas;;;;;;;;YES;;;44,1502332;0065;104;0065;104;RM104D0065;;;;;;;;
120;RM104D0066;Centro educativo;Privada;Público;Colegio San Juan García ;Hall Entrada Colegio San Juan García ;CALLE;CAMARENA;57 A;28047;Madrid;10;104;40,394925;-3,755423;NO;7;18;0;0;0;0;No;NO;;;44,150348;0066;104;0066;104;RM104D0066;;;;;;;;
1468;RM107D0067;Centro educativo;Pública;Público;Comunidad de Madrid;CEIP Manuel Bartolomé Cossio educación infantil ;CALLE;RAFAEL FINAT;46;28044;Madrid;10;107;40,3795053;-3,7712737;NO;8;16;0;0;0;0;No;NO;;;44,150779;0067;107;0067;107;RM107D0067;;;;;;;;
1255;RM104D0068;Centro educativo;Pública;Público;Comunidad de Madrid;CEIP la Latina ;CALLE;MAQUEDA;130;28024;Madrid;10;104;40,3886614;-3,7621525;NO;7;17;0;0;0;0;No;NO;;;44,1508139;0068;104;0068;104;RM104D0068;;;;;;;;
1256;RM104D0069;Centro educativo;Pública;Público;Comunidad de Madrid;IES Blas de Otero;CALLE;MAQUEDA;130;28024;Madrid;10;104;40,3888512;-3,7620828;NO;8;20;0;0;0;0;No;NO;;;44,150934;0069;104;0069;104;RM104D0069;;;;;;;;
36;RM103D0070;Centro educativo;Privada;Público;Divino Maestro;Divino Maestro;PASEO;EXTREMADURA;165;28011;Madrid;10;103;40,4081261;-3,7430428;NO;8;15;0;0;0;0;No;NO;NOT VALID-DUPLICATED;it was RM103D0070 iqual to RM103D0071;44,1511689;0070;103;0070;103;RM103D0070;;;;;;;;
3214;RM103D0071;Centro educativo;Pública;Público;Colegio religioso;Colegio Divino Maestro;PASEO;EXTREMADURA;165;28011;Madrid;10;103;40,40804;-3,743272;NO;8;15;0;0;0;0;No;NO;;;44,151312;0071;103;0071;103;RM103D0071;;;;;;;;
1398;RM106D0072;Transportes-Metro;Pública;Público;Metro de Madrid;Metro-Depósito Cuatro Vientos;CAMINO;CANALEJA;S/N;28925;Madrid;10;106;40,3658182;-3,7860869;24 horas;;;;;;;;YES;;;44,1519051;0072;106;0072;106;RM106D0072;;;;;;;;
1229;RM104D0073;Centro educativo;Pública;Público;Comunidad de Madrid;CP Parque Aluche ;CALLE;QUERO;47;28024;Madrid;10;104;40,3908737;-3,7610632;NO;8;16;0;0;0;0;No;NO;;;44,1519369;0073;104;0073;104;RM104D0073;;;;;;;;
1444;RM107D0074;Centro educativo;Pública;Público;Comunidad de Madrid;UFIL Cid Campeador;CALLE;ANSELMO LORENZO;12;28044;Madrid;10;107;40,3819061;-3,7701955;NO;9;15;0;0;0;0;No;NO;;;44,1521016;0074;107;0074;107;RM107D0074;;;;;;;;
3065;RM107D0075;Otro establecimiento administración pública;Pública;Privado;Bomberos de Madrid;PARQUE 12 DE BOMBEROS;AVENIDA;POBLADOS;48;28044;Madrid;10;107;40,387706;-3,764488;24 horas;;;;;;;;YES;;;44,152194;0075;107;0075;107;RM107D0075;;;;;;;;
1438;RM107D0076;Transportes-Renfe;Pública;Público;ADIF;Estación de Cercanías Maestra Justa Freire-Polideportivo Aluche;AVENIDA;LAS ÁGUILAS;27;28044;Madrid;10;107;40,3836619;-3,7686126;NO;5;0;6;0;6;0;No;YES;;;44,1522745;0076;107;0076;107;RM107D0076;;;;;;;;
1388;RM107D0077;Centro educativo;Pública;Público;La Salle;Institución La Salle;CALLE;BLAS CABRERA;50;28044;Madrid;10;107;40,3784914;-3,7738044;NO;8;16;0;0;0;0;No;NO;;;44,1522958;0077;107;0077;107;RM107D0077;;;;;;;;
35;RM103D0078;Centro deportivo;Pública;Público;Ayuntamiento de Madrid;CDM El Olivillo;CALLE;OLIVILLO;4;28011;Madrid;10;103;40,4065127;-3,745839;NO;8;22;8;22;8;22;No;NO;;;44,1523517;0078;103;0078;103;RM103D0078;;;;;;;;
1442;RM107D0079;Centro educativo;Pública;Público;Comunidad de Madrid;CEPA CID CAMPEADOR;CALLE;ANSELMO LORENZO;12;28044;Madrid;10;107;40,3817825;-3,770634;NO;9;21;0;0;0;0;No;NO;;;44,1524165;0079;107;0079;107;RM107D0079;;;;;;;;
177;RM104D0080;Centro educativo;Pública;Público;Colegio Amadeo Vives;Colegio Amadeo Vives ;CALLE;LOS YÉBENES;6;28047;Madrid;10;104;40,39718973;-3,755684371;NO;9;14;0;0;0;0;No;NO;;;44,1528741;0080;104;0080;104;RM104D0080;;;;;;;;
1463;RM107D0081;Centro educativo;Pública;Público;Comunidad de Madrid;CEIP MANUEL BARTOLOME COSSIO;CALLE;JOSÉ DE CADALSO;19;28044;Madrid;10;107;40,3814193;-3,7717072;NO;9;16;0;0;0;0;No;NO;;;44,1531265;0081;107;0081;107;RM107D0081;;;;;;;;
1251;RM104D0082;Centro educativo;Pública;Público;Comunidad de Madrid;IES Parque Aluche;CALLE;MAQUEDA;86;28024;Madrid;10;104;40,390461;-3,7640448;NO;7;22;0;0;0;0;No;NO;;;44,1545058;0082;104;0082;104;RM104D0082;;;;;;;;
3216;RM103D0083;Viviendas;Privada;Privado;Comunidad de propietarios de Cebreros 80 BIS;Comunidad de propietarios de Cebreros 80 BIS;CALLE;CEBREROS;80;28011;Madrid;10;103;40,40487;-3,750127;24 horas;;;;;;;;YES;;;44,154997;0083;103;0083;103;RM103D0083;;;;;;;;
1441;RM107D0084;Centro deportivo;Pública;Público;Ayuntamiento de Madrid;Polideportivo Aluche;AVENIDA;LAS ÁGUILAS;14;28044;Madrid;10;107;40,3828314;-3,7725451;NO;8;20;8;20;8;20;No;NO;;;44,1553765;0084;107;0084;107;RM107D0084;;;;;;;;
1460;RM107D0085;Centro educativo;Pública;Público;Comunidad de Madrid;CO ALCALDE DE MOSTOLES;CALLE;ALDEANUEVA DE LA VERA;9;28044;Madrid;10;107;40,3800036;-3,7764742;NO;9;17;0;0;0;0;No;NO;;;44,1564778;0085;107;0085;107;RM107D0085;;;;;;;;
3215;RM103D0086;Viviendas;Privada;Privado;Comunidad de propietarios Alverja 5;Comunidad de propietarios Alverja 5;CALLE;ALVERJA;5;28011;Madrid;10;103;40,402889;-3,753869;24 horas;;;;;;;;YES;;;44,156758;0086;103;0086;103;RM103D0086;;;;;;;;
1238;RM104D0087;Transportes-Metro;Pública;Público;Metro de Madrid;Estación de Metro Empalme;AVENIDA;PADRE PIQUER;37;28024;Madrid;10;104;40,3909355;-3,7658748;NO;6;2;6;2;6;2;No;YES;;;44,1568103;0087;104;0087;104;RM104D0087;;;;;;;;
1214;RM104D0088;Centro educativo;Pública;Público;Comunidad de Madrid;CEIP Cuba y EOEP de Latina ;CALLE;TEMBLEQUE;58;28024;Madrid;10;104;40,395332;-3,761662;NO;8;18;0;0;0;0;No;NO;;;44,156994;0088;104;0088;104;RM104D0088;;;;;;;;
31;RM103D0089;Centro educativo;Pública;Público;Colegio Bolivia;Colegio Bolivia;CALLE;VILLAVALIENTE;29;28011;Madrid;10;103;40,4076168;-3,7497151;NO;9;17;0;0;0;0;No;NO;;;44,1573319;0089;103;0089;103;RM103D0089;;;;;;;;
1211;RM104D0090;Centro educativo;Privada;Público;Colegio Santa Gema Galgani ;Colegio Santa Gema Galgani ;CALLE;ESCALONA;59;28024;Madrid;10;104;40,3959988;-3,7616419;NO;7;18;0;0;0;0;No;NO;;;44,1576407;0090;104;0090;104;RM104D0090;;;;;;;;
1259;RM104D0091;Centro deportivo;Privada;Público;Empresa SAGE ;Centro deportivo SAGE;CALLE;ESCALONA;59;28024;Madrid;10;104;40,3967311;-3,7615712;NO;7;23;9;20;9;15;No;NO;;;44,1583023;0091;104;0091;104;RM104D0091;;;;;;;;
1244;RM104D0092;Centro deportivo;Privada;Público;Holiday gym;Gimnasio Holiday Gym;CALLE;MAQUEDA;30;28024;Madrid;10;104;40,3936828;-3,7646463;NO;7;23;9;21;9;15;No;NO;;;44,1583291;0092;104;0092;104;RM104D0092;;;;;;;;
1450;RM107D0093;Centro educativo;Privada;Público;Escuela infantil Adela Abrines;Escuela infantil Adela Abrines;CALLE;GARROVILLAS;4;28044;Madrid;10;107;40,3797199;-3,7791376;NO;8;17;0;0;0;0;No;NO;;;44,1588575;0093;107;0093;107;RM107D0093;;;;;;;;
1448;RM107D0094;Centro educativo;Pública;Público;Colegio Enriqueta Aymer;Colegio Enriqueta Aymer;CALLE;MIRABEL;38;28044;Madrid;10;107;40,3791718;-3,7802715;NO;8;18;0;0;0;0;No;NO;;;44,1594433;0094;107;0094;107;RM107D0094;;;;;;;;
1246;RM104D0095;Centro educativo;Privada;Público;Comunidad de Madrid;Colegio Arcangel San Rafael ;CALLE;MAQUEDA;4;28024;Madrid;10;104;40,3947065;-3,7652441;NO;7;19;0;0;0;0;No;NO;;;44,1599506;0095;104;0095;104;RM104D0095;;;;;;;;
1248;RM104D0096;Centro educativo;Privada;Público;Centro Formación Profesional Giner ;Centro Formación Profesional Giner ;CALLE;MAQUEDA;8;28024;Madrid;10;104;40,3940646;-3,7660142;NO;8;20;0;0;0;0;No;NO;;;44,1600788;0096;104;0096;104;RM104D0096;;;;;;;;
30;RM103D0097;Transportes-Metro;Pública;Público;Metro de Madrid;Estación de Metro Batán;CALLE;VILLAMANÍN;27;28011;Madrid;10;103;40,4075346;-3,752684;NO;6;2;6;2;6;2;No;NO;NOT VALID-DUPLICATED;it was RM103D0097 iqual to RM091D0073;44,1602186;0097;103;0097;103;RM103D0097;;;;;;;;
1451;RM107D0098;Centro educativo;Pública;Público;Comunidad de Madrid;IES MARIA DE MOLINA;CALLE;MIRABEL;22;28044;Madrid;10;107;40,3802299;-3,7806879;NO;8;19;0;0;0;0;No;NO;;;44,1609178;0098;107;0098;107;RM107D0098;;;;;;;;
10;RM103D0099;Centro educativo;Privada;Público;Colegio Lourdes círculos;Colegio Lourdes círculos;CALLE;SAN JUAN DE MATA;S/N;28011;Madrid;10;103;40,4032531;-3,7578851;NO;8;21;0;0;0;0;No;NO;;;44,1611382;0099;103;0099;103;RM103D0099;;;;;;;;
1455;RM107D0100;Transportes-Renfe;Pública;Público;ADIF;Estación de Cercanías Las Águilas;AVENIDA;LAS ÁGUILAS;S/N;28044;Madrid;10;107;40,3809575;-3,7802735;NO;5;0;6;0;6;0;No;YES;;;44,161231;0100;107;0100;107;RM107D0100;;;;;;;;
1447;RM107D0101;Centro educativo;Pública;Público;Comunidad de Madrid;Colegio Jovellanos;CALLE;MONROY;34;28044;Madrid;10;107;40,3794172;-3,7826037;NO;8;15;0;0;0;0;No;NO;;;44,1620209;0101;107;0101;107;RM107D0101;;;;;;;;
1201;RM104D0102;Viviendas;Privada;Privado;Complejo residencial Altos del Pilar ;Complejo residencial altos del Pilar ;CALLE;PILAR;4;28024;Madrid;10;104;40,3926476;-3,7697496;24 horas;;;;;;;;YES;;;44,1623972;0102;104;0102;104;RM104D0102;;;;;;;;
8;RM103D0103;Centro educativo;Privada;Público;Colegio Lourdes Fuhem;Colegio Lourdes Fuhem;CALLE;SAN ROBERTO;8 dup;28011;Madrid;10;103;40,402996;-3,7595018;NO;8;22;0;0;0;0;No;NO;;;44,1624978;0103;103;0103;103;RM103D0103;;;;;;;;
9;RM103D0104;Centro educativo;Privada;Público;Colegio Lourdes polideportivo;Colegio Lourdes polideportivo;CALLE;SAN ROBERTO;8;28011;Madrid;10;103;40,4037822;-3,7590495;NO;8;21;0;0;0;0;No;NO;;;44,1628317;0104;103;0104;103;RM103D0104;;;;;;;;
720;RM107D0105;Centro educativo;Pública;Público;Comunidad de Madrid;Colegio Ciudad de Badajoz;CALLE;FRAY JOSÉ CERDEIRIÑA;51;28024;Madrid;10;107;40,3838652;-3,7790639;NO;8;20;0;0;0;0;No;NO;;;44,1629291;0105;107;0105;107;RM107D0105;;;;;;;;
1236;RM104D0106;Transportes-Metro;Pública;Público;Metro de Madrid;Estación de Metro Campamento;AVENIDA;PADRE PIQUER;8;28024;Madrid;10;104;40,3945308;-3,7684024;NO;6;2;6;2;6;2;No;YES;;;44,1629332;0106;104;0106;104;RM104D0106;;;;;;;;
1205;RM104D0107;Otro establecimiento administración pública;Pública;Público;Biblioteca Municipal ;Biblioteca Ángel González ;CALLE;GRANJA DE TORREHERMOSA;1;28024;Madrid;10;104;40,3970587;-3,7665272;NO;9;21;9;15;9;15;No;NO;;;44,1635859;0107;104;0107;104;RM104D0107;;;;;;;;
11;RM103D0108;Transportes-Metro;Pública;Público;Metro de Madrid;Estación de Metro Casa de Campo;CAMINO;CAMPAMENTO;S/N;28011;Madrid;10;103;40,40312;-3,76081;NO;6;2;6;2;6;2;No;YES;;;44,16393;0108;103;0108;103;RM103D0108;;;;;;;;
717;RM107D0109;Centro educativo;Pública;Público;UNED;UNED Fuente de Lima;CALLE;FUENTE DE LIMA;22;28024;Madrid;10;107;40,3828467;-3,7824317;NO;9;22;0;0;0;0;No;NO;;;44,1652784;0109;107;0109;107;RM107D0109;;;;;;;;
696;RM105D0110;Centro educativo;Pública;Público;Comunidad de Madrid;CEIP Hermanos Pinzon;CALLE;AZOR;4;28024;Madrid;10;105;40,3986277;-3,768448;NO;9;13;0;0;0;0;No;NO;;;44,1670757;0110;105;0110;105;RM105D0110;;;;;;;;
713;RM107D0111;Transportes-Metro;Pública;Público;Metro de Madrid;Estación de Metro Aviación Española;CALLE;FUENTE DE LIMA;2;28024;Madrid;10;107;40,38368;-3,783826;NO;6;2;6;2;6;2;No;YES;;;44,167506;0111;107;0111;107;RM107D0111;;;;;;;;
670;RM106D0112;Transportes-Renfe;Pública;Público;ADIF;Estación de Cercanías Cuatro Vientos;PASEO;EXTREMADURA;561;28024;Madrid;10;106;40,37771116;-3,791778204;NO;5;0;6;0;6;0;No;YES;;;44,16948936;0112;106;0112;106;RM106D0112;;;;;;;;
690;RM105D0113;Otro;Privada;Privado;Clínica dental;Sin identificación exterior;CALLE;FUENTESAÚCO;15;28024;Madrid;10;105;40,3977218;-3,772534;NO;0;0;0;0;0;0;No;NO;;;44,1702558;0113;105;0113;105;RM105D0113;;;;;;;;
703;RM105D0114;Centro educativo;Pública;Público;Comunidad de Madrid;Colegio Nacional Hermanos Pinzon;CALLE;CALAMÓN;3;28024;Madrid;10;105;40,3988085;-3,772012;NO;9;14;0;0;0;0;No;NO;;;44,1708205;0114;105;0114;105;RM105D0114;;;;;;;;
668;RM105D0115;Transportes-Metro;Pública;Público;Metro de Madrid;Estación de Metro Cuatro Vientos;PASEO;HÚSARES;S/N;28024;Madrid;10;105;40,37851;-3,7923921;NO;6;2;6;2;6;2;No;YES;;;44,1709021;0115;105;0115;105;RM105D0115;;;;;;;;
655;RM105D0116;Transportes-Metro;Pública;Público;Metro de Madrid;Estación de Metro Colonia Jardín;CARRETERA;CARABANCHEL A ARAVACA;S/N;28024;Madrid;10;105;40,3971649;-3,7748357;NO;6;2;6;2;6;2;No;YES;;;44,1720006;0116;105;0116;105;RM105D0116;;;;;;;;
661;RM105D0117;Viviendas;Privada;Privado;Comunidad de propietarios;Urbanización Hoyo de Pinares 1-11 impares;CALLE;HOYO DE PINARES;9;28024;Madrid;10;105;40,3942002;-3,7780429;24 horas;;;;;;;;YES;;;44,1722431;0117;105;0117;105;RM105D0117;;;;;;;;
672;RM105D0118;Otro;Privada;Privado;Radio Maria;Emisora de radio ;PASEO;LANCEROS;2;28024;Madrid;10;105;40,379547;-3,7927381;NO;9;17;0;0;0;0;No;NO;;;44,1722851;0118;105;0118;105;RM105D0118;;;;;;;;
709;RM105D0119;Otro establecimiento administración pública;Pública;Público;Ministerio de Defensa;Veterinaria Militar;CALLE;DARÍO GAZAPO;3;28024;Madrid;10;105;40,3919;-3,7806303;24 horas;;;;;;;;YES;;;44,1725303;0119;105;0119;105;RM105D0119;;;;;;;;
678;RM105D0120;Centro educativo;Pública;Público;Comunidad de Madrid;CEIP La Dehesa del Principe;PASEO;LANCEROS;4;28024;Madrid;10;105;40,3797942;-3,7932367;NO;9;17;0;0;0;0;No;NO;;;44,1730309;0120;105;0120;105;RM105D0120;;;;;;;;
664;RM105D0121;Centro educativo;Pública;Público;Comunidad de Madrid;CEIP Gonzalo Fernandez de Cordoba;CALLE;ADANERO;3;28024;Madrid;10;105;40,3944154;-3,779036;NO;9;15;0;0;0;0;No;NO;;;44,1734514;0121;105;0121;105;RM105D0121;;;;;;;;
666;RM105D0122;Centro educativo;Pública;Público;Comunidad de Madrid;CEIP Gonzalo Fernandes de Cordoba;CALLE;ADANERO;3;28024;Madrid;10;105;40,3944154;-3,779036;NO;9;15;0;0;0;0;No;NO;;;44,1734514;0122;105;0122;105;RM105D0122;;;;;;;;
683;RM105D0123;Centro deportivo;Privada;Público;Ministerio de Defensa;CDSCM La Dehesa;AVENIDA;ARQUEROS;2;28024;Madrid;10;105;40,381346;-3,7934985;24 horas;;;;;;;;YES;;;44,1748445;0123;105;0123;105;RM105D0123;;;;;;;;
684;RM105D0124;Centro deportivo;Privada;Público;Ministerio de Defensa;CDSCM La Dehesa;AVENIDA;ARQUEROS;2;28024;Madrid;10;105;40,381346;-3,7934985;24 horas;;;;;;;;YES;;;44,1748445;0124;105;0124;105;RM105D0124;;;;;;;;
688;RM105D0125;Centro deportivo;Privada;Público;Ministerio de Defensa;CDSCM San Jorge;CARRETERA;VENTA DE LA RUBIA;S/N;28024;Madrid;10;105;40,3764989;-3,8155217;24 horas;;;;;;;;YES;;;44,1920206;0125;105;0125;105;RM105D0125;;;;;;;;
3007;RM116D0001;Otro establecimiento administración pública;Pública;Público;TANATORIO SUR;TANATORIO SUR;CALLE;ILDEFONSO GONZÁLEZ VALENCIA;1;28054;Madrid;11;116;40,372992;-3,720608;24 horas;;;;;;;;YES;;;44,0936;0001;116;0001;116;RM116D0001;;;;;;;;
624;RM117D0002;Centro educativo;Privada;Público;Colegio Cambrils;Colegio Cambrils;CALLE;CAZALEGAS;1;28025;Madrid;11;117;40,3743411;-3,7228984;NO;8;18;0;0;0;0;No;NO;;;44,0972395;0002;117;0002;117;RM117D0002;;;;;;;;
623;RM117D0003;Centro educativo;Privada;Público;Colegio Arenales Carabanchel;Colegio Arenales Carabanchel;AVENIDA;POBLADOS;151;28025;Madrid;11;117;40,3739169;-3,7239186;NO;8;18;0;0;0;0;No;NO;;;44,0978355;0003;117;0003;117;RM117D0003;;;;;;;;
3489;RM111D0004;Hotel, hostal, alojamiento;Privada;Público;Hotel Praga;Hotel Praga;CALLE;ANTONIO LÓPEZ;65;28019;Madrid;11;111;40,394127;-3,707621;24 horas;;;;;;;;YES;;;44,101748;0004;111;0004;111;RM111D0004;;;;;;;;
3009;RM116D0005;Centro comercial;Privada;Público;CC ISLA AZUL;CENTRO COMERCIAL ISLA AZUL;CALLE;CALDERILLA;1;28054;Madrid;11;116;40,3647745;-3,7376713;NO;10;23;10;23;10;23;No;NO;;;44,1024458;0005;116;0005;116;RM116D0005;;;;;;;;
3018;RM116D0006;Otro;Privada;Privado;Yelmo Cines;Yelmo Cines;CALLE;CALDERILLA;1;28054;Madrid;11;116;40,36390329;-3,738623478;NO;10;23;10;23;10;23;No;NO;;;44,10252677;0006;116;0006;116;RM116D0006;;;;;;;;
3011;RM116D0007;Centro comercial;Privada;Público;Primark;PRIMARK;CALLE;CALDERILLA;1;28054;Madrid;11;116;40,36500909;-3,737575536;NO;10;22;10;22;10;22;No;NO;;;44,10258463;0007;116;0007;116;RM116D0007;;;;;;;;
3005;RM116D0008;Otro;Pública;Público;TANATORIO SERVISA;TANATORIO SERVISA;CALLE;JUAN MIEG;3;28054;Madrid;11;116;40,371592;-3,731148;24 horas;;;;;;;;YES;;;44,10274;0008;116;0008;116;RM116D0008;;;;;;;;
3449;RM112D0009;Transportes-Metro;Pública;Público;Comunidad de Madrid;Estación de Metro Plaza Elíptica;PLAZA;FERNÁNDEZ LADREDA;15;28019;Madrid;11;112;40,385624;-3,717738;NO;6;2;6;2;6;2;No;YES;;;44,103362;0009;112;0009;112;RM112D0009;;;;;;;;
3016;RM116D0010;Otro;Privada;Público;GIMNASIO;GYM IBERIA;CALLE;CALDERILLA;1;28054;Madrid;11;116;40,36572315;-3,738619787;NO;6;23;8;21;8;21;No;NO;;;44,10434294;0010;116;0010;116;RM116D0010;;;;;;;;
627;RM117D0011;Centro deportivo;Privada;Público;Real Federación de Fútbol de Madrid;Real Federacion de Futbol Madrid Vestuarios Campo 1;CALLE;VÍA LUSITANA;5;28025;Madrid;11;117;40,380954;-3,7237852;NO;8;23;8;23;8;23;No;NO;;;44,1047392;0011;117;0011;117;RM117D0011;;;;;;;;
2827;RM112D0012;Centro educativo;Pública;Público;Comunidad de Madrid;IES Calderón de la Barca;CALLE;ANTONIO DE LEYVA;84;28019;Madrid;11;112;40,38783222;-3,717029399;NO;9;21;0;0;0;0;No;NO;;;44,10486162;0012;112;0012;112;RM112D0012;;;;;;;;
2733;RM117D0013;Centro deportivo;Pública;Público;Ayuntamiento de Madrid;Consulta médica ;CALLE;VÍA LUSITANA;5;28025;Madrid;11;117;40,38109531;-3,723855719;NO;7;23;7;23;7;23;No;NO;;;44,10495103;0013;117;0013;117;RM117D0013;;;;;;;;
456;RM117D0014;Centro deportivo;Pública;Público;Real Federación de Fútbol de Madrid;RFFM Ernesto Catorruelo;CALLE;VÍA LUSITANA;5;28025;Madrid;11;117;40,38109531;-3,723955719;NO;7;22;7;22;7;22;No;NO;;;44,10505103;0014;117;0014;117;RM117D0014;;;;;;;;
457;RM117D0015;Centro deportivo;Pública;Público;Real Federación de Fútbol de Madrid;RFFM Ernesto Cotorruelo Botiquín ;CALLE;VÍA LUSITANA;5;28025;Madrid;11;117;40,38109531;-3,723955719;NO;7;22;7;22;7;22;No;NO;;;44,10505103;0015;117;0015;117;RM117D0015;;;;;;;;
2731;RM117D0016;Centro deportivo;Pública;Público;Ayuntamiento de Madrid;Vestuarios al lado de la puerta ;CALLE;VÍA LUSITANA;5;28025;Madrid;11;117;40,38109531;-3,723955719;NO;7;23;7;23;7;23;No;NO;;;44,10505103;0016;117;0016;117;RM117D0016;;;;;;;;
3468;RM112D0017;Centro educativo;Privada;Público;CESUR Formación;CESUR;CALLE;SANTA LUCRECIA;11;28019;Madrid;11;112;40,386134;-3,719134;NO;8;21;0;0;0;0;No;NO;;;44,105268;0017;112;0017;112;RM112D0017;;;;;;;;
458;RM113D0018;Otro establecimiento administración pública;Pública;Público;Información de Vivienda Pública ;Información de Vivienda Pública ;CALLE;BRAGANZA;3;28025;Madrid;11;113;40,38460886;-3,721071562;NO;9;14;0;0;0;0;No;NO;;;44,10568042;0018;113;0018;113;RM113D0018;;;;;;;;
625;RM117D0019;Otro establecimiento administración pública;Pública;Público;Comunidad de Madrid;Consejería de Economía Hacienda y Empleo;CALLE;VÍA LUSITANA;21;28025;Madrid;11;117;40,3756341;-3,7309065;24 horas;;;;;;;;YES;;;44,1065406;0019;117;0019;117;RM117D0019;;;;;;;;
626;RM117D0020;Viviendas;Privada;Privado;Comunidad de propietarios;Comunidad vecinos Lusitana 25;CALLE;VÍA LUSITANA;25;28025;Madrid;11;117;40,3747853;-3,7318258;24 horas;;;;;;;;YES;;;44,1066111;0020;117;0020;117;RM117D0020;;;;;;;;
3002;RM116D0021;Centro deportivo;Pública;Público;Ayuntamiento de Madrid;CDM FRANCISCO FERNANDEZ OCHOA;CALLE;CATORCE OLIVAS;1;28054;Madrid;11;116;40,365516;-3,741131;NO;7;23;8;22;8;22;No;NO;;;44,106647;0021;116;0021;116;RM116D0021;;;;;;;;
453;RM117D0022;Centro educativo;Pública;Público;Comunidad de Madrid;CEIP Gonzalo de Berceo 1;AVENIDA;ABRANTES;5;28025;Madrid;11;117;40,38472031;-3,721979916;NO;9;16;0;0;0;0;No;NO;;;44,10670023;0022;117;0022;117;RM117D0022;;;;;;;;
3470;RM111D0023;Centro educativo;Pública;Público;Comunidad de Madrid;CEIP Perú;CALLE;BALEARES;18;28019;Madrid;11;111;40,393891;-3,713278;NO;7;20;0;0;0;0;No;NO;;;44,107169;0023;111;0023;111;RM111D0023;;;;;;;;
455;RM117D0024;Centro educativo;Pública;Público;Comunidad de Madrid;CEIP San Ignacio de Loyola;AVENIDA;ABRANTES;1;28025;Madrid;11;117;40,38416424;-3,723022511;NO;9;17;0;0;0;0;No;NO;;;44,10718675;0024;117;0024;117;RM117D0024;;;;;;;;
454;RM117D0025;Centro educativo;Pública;Público;Comunidad de Madrid;CEIP Gonzalo de Berceo 2;CALLE;PORTALEGRE;79;28025;Madrid;11;117;40,3847386;-3,7234027;NO;9;14;0;0;0;0;No;NO;;;44,1081413;0025;117;0025;117;RM117D0025;;;;;;;;
451;RM117D0026;Centro educativo;Pública;Público;Colegio Julián Besteiro ;Colegio Julián Besteiro ;AVENIDA;ABRANTES;79;28025;Madrid;11;117;40,38041374;-3,727765341;NO;9;14;0;0;0;0;No;NO;;;44,10817908;0026;117;0026;117;RM117D0026;;;;;;;;
452;RM117D0027;Transportes-Metro;Pública;Público;Metro de Madrid;Estación de Metro Abrantes;AVENIDA;ABRANTES;79;28025;Madrid;11;117;40,38057315;-3,72820294;NO;6;2;6;2;6;2;No;YES;;;44,10877609;0027;117;0027;117;RM117D0027;;;;;;;;
947;RM111D0028;Centro educativo;Pública;Público;Comunidad de Madrid;CEIP Perú;CALLE;BALEARES;18;28019;Madrid;11;111;40,394046;-3,714841;NO;7;8;0;0;0;0;No;NO;;;44,108887;0028;111;0028;111;RM111D0028;;;;;;;;
955;RM112D0029;Otro;Pública;Público;Centro de Día San Vicente de Paúl;Centro de día de Opañel;CALLE;ANTONIA LANCHA;54;28019;Madrid;11;112;40,385992;-3,722977;NO;8;18;0;0;0;0;No;NO;;;44,108969;0029;112;0029;112;RM112D0029;;;;;;;;
3022;RM116D0030;Centro educativo;Pública;Público;Comunidad de Madrid;CEIP Maestro Padilla;AVENIDA;PESETA;112;28054;Madrid;11;116;40,36295;-3,746361;NO;8;17;0;0;0;0;No;NO;;;44,109311;0030;116;0030;116;RM116D0030;;;;;;;;
953;RM112D0031;Otro establecimiento administración pública;Pública;Público;Ayuntamiento de Madrid;Centro de Mayores Municipal en Opañel;CALLE;JULIO DOMINGO;35;28019;Madrid;11;112;40,386211;-3,723165;NO;9;21;9;21;9;21;No;NO;;;44,109376;0031;112;0031;112;RM112D0031;;;;;;;;
424;RM117D0032;Centro deportivo;Pública;Público;SAN VICENTE PAUL;INSTALACIONES DEPORTIVAS SAN VICENTE PAUL;CALLE;PELÍCANO;4;28025;Madrid;11;117;40,38377;-3,72561;NO;8;21;8;21;8;21;No;NO;;;44,10938;0032;117;0032;117;RM117D0032;;;;;;;;
629;RM117D0033;Transportes-Metro;Pública;Público;Metro de Madrid;Estación de Metro Pan Bendito;CALLE;BESOLLA;14;28025;Madrid;11;117;40,3756752;-3,7343135;NO;6;2;6;2;6;2;No;YES;;;44,1099887;0033;117;0033;117;RM117D0033;;;;;;;;
954;RM112D0034;Transportes-Metro;Pública;Público;Metro de Madrid;Estación de Metro Opañel;CALLE;PORTALEGRE;98;28019;Madrid;11;112;40,386668;-3,72341;NO;6;2;6;2;6;2;No;YES;;;44,110078;0034;112;0034;112;RM112D0034;;;;;;;;
450;RM117D0035;Centro educativo;Pública;Público;Comunidad de Madrid;CEIP Arcipreste de Hita;CALLE;ANTONIO MORENO;25;28025;Madrid;11;117;40,38482475;-3,725444757;NO;9;16;0;0;0;0;No;NO;;;44,11026951;0035;117;0035;117;RM117D0035;;;;;;;;
459;RM117D0036;Otro;Privada;Público;Cruz Roja ;Cruz Roja ;CALLE;MINEROS;17;28025;Madrid;11;117;40,38277518;-3,72772507;NO;9;19;0;0;0;0;No;NO;;;44,11050025;0036;117;0036;117;RM117D0036;;;;;;;;
3490;RM112D0037;Centro deportivo;Privada;Público;GO FIT;GOT FIT SAN MIGUEL;CALLE;VERDAD;20;28019;Madrid;11;112;40,392674;-3,717852;NO;7;23;9;22;9;21;No;NO;;;44,110526;0037;112;0037;112;RM112D0037;;;;;;;;
946;RM111D0038;Otro;Pública;Privado;Aparcamiento (parking) residentes Antonio López;Aparcamiento residentes Antonio López;CALLE;VALMAYOR;1;28019;Madrid;11;111;40,39697;-3,71358;24 horas;;;;;;;;YES;;;44,11055;0038;111;0038;111;RM111D0038;;;;;;;;
3001;RM116D0039;Hotel, hostal, alojamiento;Privada;Público;B&B;B&B HOTEL MADRID CARABANCHEL;CALLE;AGUACATE;43;28054;Madrid;11;116;40,368594;-3,742344;24 horas;;;;;;;;YES;;;44,110938;0039;116;0039;116;RM116D0039;;;;;;;;
418;RM117D0040;Centro educativo;Privada;Público;ESCUELA INFANTIL SAN VICENTE DE PAUL;EI SAN VICENTE DE PAUL;PLAZA;SAN VICENTE DE PAUL;1;28025;Madrid;11;117;40,38502825;-3,726036011;NO;9;16;0;0;0;0;No;NO;;;44,11106426;0040;117;0040;117;RM117D0040;;;;;;;;
2829;RM112D0041;Centro educativo;Pública;Público;Comunidad de Madrid;CEPA Oporto;AVENIDA;OPORTO;46;28019;Madrid;11;112;40,38627866;-3,724894837;NO;8;21;0;0;0;0;No;NO;;;44,1111735;0041;112;0041;112;RM112D0041;;;;;;;;
628;RM117D0042;Centro educativo;Pública;Público;Comunidad de Madrid;CEPA Pan Bendito;CALLE;CAMINO VIEJO DE LEGANÉS;188;28025;Madrid;11;117;40,3770008;-3,7344168;NO;9;18;0;0;0;0;No;NO;;;44,1114176;0042;117;0042;117;RM117D0042;;;;;;;;
945;RM111D0043;Centro educativo;Pública;Público;Comunidad de Madrid;Colegio Concepción Arenal, M. Vadillo esquina Antonio López;CALLE;ANTONIO LÓPEZ;1;28019;Madrid;11;111;40,39757;-3,71504;NO;9;17;0;0;0;0;No;NO;;;44,11261;0043;111;0043;111;RM111D0043;;;;;;;;
2743;RM117D0044;Centro educativo;Pública;Público;Comunidad de Madrid;CEIP República de Colombia;PLAZA;ALLOZ;3;28025;Madrid;11;117;40,3761516;-3,7366995;NO;8;17;0;0;0;0;No;NO;;;44,1128511;0044;117;0044;117;RM117D0044;;;;;;;;
959;RM112D0045;Centro educativo;Pública;Público;EOI Carabanchel (Escuela Oficial de Idiomas);EOI Carabanchel (Opañel);CALLE;PORTALEGRE;52;28019;Madrid;11;112;40,38825;-3,72468;NO;8;21;0;0;0;0;No;NO;;;44,11293;0045;112;0045;112;RM112D0045;;;;;;;;
948;RM112D0046;Otro establecimiento administración pública;Pública;Público;Comunidad de Madrid;Centro Base 8;CALLE;JACINTO VERDAGUER;22-24;28019;Madrid;11;112;40,39596;-3,71719;NO;8;14;0;0;0;0;No;NO;;;44,11315;0046;112;0046;112;RM112D0046;;;;;;;;
2825;RM112D0047;Centro educativo;Pública;Público;Comunidad de Madrid;CEIP Republica de Ecuador;CALLE;VALLE DE ORO;41;28019;Madrid;11;112;40,38793416;-3,72524248;NO;9;15;0;0;0;0;No;NO;;;44,11317664;0047;112;0047;112;RM112D0047;;;;;;;;
2828;RM112D0048;Centro educativo;Pública;Público;Comunidad de Madrid;Escuela Oficial de Idiomas Carabanchel;CALLE;PORTALEGRE;52;28019;Madrid;11;112;40,38823299;-3,724998264;NO;9;21;0;0;0;0;No;NO;;;44,11323125;0048;112;0048;112;RM112D0048;;;;;;;;
1195;RM116D0049;Transportes-Metro;Pública;Público;Metro de Madrid;Estación de Metro San Francisco;AVENIDA;POBLADOS;100;28054;Madrid;11;116;40,373882;-3,739844;NO;6;2;6;2;6;2;No;YES;;;44,113726;0049;116;0049;116;RM116D0049;;;;;;;;
1131;RM116D0050;Otro;Privada;Público;Iglesia Evangélica Salem;Iglesia Evangélica Salem;CALLE;CIDRO;8;28044;Madrid;11;116;40,3675583;-3,7462021;NO;0;0;10;20;9;15;No;NO;;;44,1137604;0050;116;0050;116;RM116D0050;;;;;;;;
2742;RM117D0051;Centro educativo;Pública;Público;ACE Vista Alegre;ACE Vista Alegre;CALLE;CARCASTILLO;23;28025;Madrid;11;117;40,378299;-3,735538;NO;8;15;0;0;0;0;No;NO;;;44,113837;0051;117;0051;117;RM117D0051;;;;;;;;
943;RM111D0052;Transportes-Metro;Pública;Público;Metro de Madrid;Estación de Metro Marqués de Vadillo;GLORIETA;MARQUÉS DE VADILLO;1;28019;Madrid;11;111;40,39767;-3,716355;NO;6;2;6;2;6;2;No;YES;;;44,114025;0052;111;0052;111;RM111D0052;;;;;;;;
886;RM116D0053;Hotel, hostal, alojamiento;Privada;Público;Hotel Vía Lusitania;Hotel Vía Lusitania;CALLE;SECOYA;2;28044;Madrid;11;116;40,3725846;-3,7420185;24 horas;;;;;;;;YES;;;44,1146031;0053;116;0053;116;RM116D0053;;;;;;;;
630;RM116D0054;Viviendas;Privada;Privado;Comunidad de propietarios Secoya 3;Comunidad de vecinos Secoya 3;CALLE;SECOYA;3;28044;Madrid;11;116;40,372969;-3,7416474;24 horas;;;;;;;;YES;;;44,1146164;0054;116;0054;116;RM116D0054;;;;;;;;
444;RM115D0055;Centro residencial de uso público;Pública;Público;CENTRO OCUPACIONAL CARABANCHEL;CENTRO OCUPACIONAL CARABANCHEL;CALLE;GENERAL RICARDOS;177;28025;Madrid;11;115;40,3796759;-3,7353586;24 horas;;;;;;;;YES;;;44,1150345;0055;115;0055;115;RM115D0055;;;;;;;;
950;RM112D0056;Otro establecimiento administración pública;Pública;Público;Comunidad de Madrid;Centro Base 6 Madrid;CALLE;MERCEDES ARTEAGA;18;28019;Madrid;11;112;40,39375;-3,72147;NO;9;14;0;0;0;0;No;NO;;;44,11522;0056;112;0056;112;RM112D0056;;;;;;;;
951;RM112D0057;Otro;Pública;Público;Centro de Mayores Puente de Toledo;Centro de Mayores de calle Mercedes Arteaga;CALLE;MERCEDES ARTEAGA;18;28019;Madrid;11;112;40,393555;-3,721673;NO;8;18;0;0;0;0;No;NO;;;44,115228;0057;112;0057;112;RM112D0057;;;;;;;;
1135;RM116D0058;Centro de trabajo (no administración pública);Privada;Privado;TKE;Oficinas TKE (planta 4);CALLE;HAYA;4;28044;Madrid;11;116;40,3679134;-3,7473424;NO;8;18;0;0;0;0;No;NO;;;44,1152558;0058;116;0058;116;RM116D0058;;;;;;;;
835;RM116D0059;Centro deportivo;Privada;Público;Enjoy Caranbanchel;Centro Deportivo Enjoy;CALLE;REUS;11;28044;Madrid;11;116;40,371703;-3,743553;NO;7;23;9;21;9;21;No;NO;;;44,115256;0059;116;0059;116;RM116D0059;;;;;;;;
949;RM112D0060;Centro residencial de uso público;Pública;Privado;Ayuntamiento de Madrid;Centro de Día Municipal Aurora Villa;CALLE;MERCEDES ARTEAGA;16;28019;Madrid;11;112;40,393971;-3,721334;NO;8;18;0;0;0;0;No;NO;;;44,115305;0060;112;0060;112;RM112D0060;;;;;;;;
2838;RM113D0061;Centro deportivo;Privada;Público;Alta Fit Gym;Gimnasio AltaFit Gym;CALLE;GENERAL RICARDOS;36;28019;Madrid;11;113;40,39569722;-3,719917245;NO;8;22;10;20;10;20;No;NO;;;44,11561447;0061;113;0061;113;RM113D0061;;;;;;;;
1128;RM116D0062;Centro residencial de uso público;Privada;Público;Residencia Bouco Madrid Buenavista;Residencia Bouco Madrid Buenavista;CALLE;ANTONIA RODRÍGUEZ SACRISTÁN;14;28044;Madrid;11;116;40,3729575;-3,7430803;24 horas;;;;;;;;YES;;;44,1160378;0062;116;0062;116;RM116D0062;;;;;;;;
3469;RM112D0063;Centro educativo;Pública;Público;Comunidad de Madrid;centro de Educación Especial Inmaculada Concepción;CALLE;SALDAÑA;30;28019;Madrid;11;112;40,390034;-3,726049;NO;9;15;0;0;0;0;No;NO;;;44,116083;0063;112;0063;112;RM112D0063;;;;;;;;
842;RM116D0064;Otro;Privada;Público;Cruz Roja;Oficinas Cruz Roja;CALLE;MUGUET;7;28044;Madrid;11;116;40,36966496;-3,74655572;NO;8;20;0;0;0;0;No;NO;;;44,11622068;0064;116;0064;116;RM116D0064;;;;;;;;
2737;RM115D0065;Centro educativo;Pública;Público;Ayuntamiento de Madrid;UFIL Puerta Bonita;CALLE;PADRE AMIGO;5;28025;Madrid;11;115;40,3777593;-3,738621632;NO;8;23;0;0;0;0;Sí;YES;;;44,11638093;0065;115;0065;115;RM115D0065;;;;;;;;
685;RM116D0066;Centro educativo;Pública;Público;Colegio ÁRTICA ;Colegio ÁRTICA ;CALLE;MORALES;25;28054;Madrid;11;116;40,36071954;-3,755901172;NO;7;22;0;0;0;0;No;NO;;;44,11662071;0066;116;0066;116;RM116D0066;;;;;;;;
449;RM115D0067;Centro educativo;Pública;Público;Comunidad de Madrid;CEIP Isaac Peral;GLORIETA;RUFINO NOVALVOS;5;28025;Madrid;11;115;40,38629534;-3,73083296;NO;9;16;0;0;0;0;No;NO;;;44,1171283;0067;115;0067;115;RM115D0067;;;;;;;;
445;RM115D0068;Centro residencial de uso público;Pública;Público;GRAN RESIDENCIA ;GRAN RESIDENCIA ;CALLE;GENERAL RICARDOS;177;28025;Madrid;11;115;40,382576;-3,7345623;24 horas;;;;;;;;YES;;;44,1171383;0068;115;0068;115;RM115D0068;;;;;;;;
958;RM112D0069;Centro comercial;Privada;Público;MERCADO DE SAN ISIDRO;MERCADO DE SAN ISIDRO - URGEL;CALLE;SAN PATRICIO;1;28019;Madrid;11;112;40,39186;-3,72531;NO;9;20;9;14;0;0;No;NO;;;44,11717;0069;112;0069;112;RM112D0069;;;;;;;;
1127;RM116D0070;Centro residencial de uso público;Privada;Público;Sanitas;Residencia Sanitas Carabanchel ;CALLE;ANTONIA RODRÍGUEZ SACRISTÁN;10;28044;Madrid;11;116;40,3728392;-3,7445344;24 horas;;;;;;;;YES;;;44,1173736;0070;116;0070;116;RM116D0070;;;;;;;;
438;RM115D0071;Centro educativo;Pública;Público;Comunidad de Madrid;IES Vista Alegre;CALLE;GENERAL RICARDOS;177;28025;Madrid;11;115;40,381536;-3,735955;NO;8;21;0;0;0;0;No;NO;;;44,117491;0071;115;0071;115;RM115D0071;;;;;;;;
2834;RM113D0072;Otro establecimiento administración pública;Pública;Público;Comunidad de Madrid;Oficina Empleo San Isidro;CALLE;TEJARES;2;28019;Madrid;11;113;40,39593917;-3,721569487;NO;9;14;0;0;0;0;No;NO;;;44,11750866;0072;113;0072;113;RM113D0072;;;;;;;;
2837;RM113D0073;Transportes-Metro;Pública;Público;Metro de Madrid;Estación de Metro Urgel;CALLE;GENERAL RICARDOS;98;28019;Madrid;11;113;40,39265467;-3,725281339;NO;6;2;6;2;6;2;No;YES;;;44,11793601;0073;113;0073;113;RM113D0073;;;;;;;;
697;RM116D0074;Viviendas;Privada;Privado;Comunidad de propietarios Calle de los morales 10;Conserjería calle de los morales 10;CALLE;MORALES;10;28054;Madrid;11;116;40,36157234;-3,756370013;24 horas;;;;;;;;YES;;;44,11794235;0074;116;0074;116;RM116D0074;;;;;;;;
464;RM115D0075;Centro educativo;Pública;Público;Centro integrado de música y enseñanza secundaria Federico Moreno Torroba ;Centro Federico Moreno Torroba ;CALLE;GENERAL RICARDOS;177;28025;Madrid;11;115;40,383191;-3,7348318;NO;8;22;0;0;0;0;No;NO;;;44,1180228;0075;115;0075;115;RM115D0075;;;;;;;;
465;RM115D0076;Centro educativo;Pública;Público;Conservatorio Superior de Danza María de Ávila ;Conservatorio Superior de Danza María de Ávila ;CALLE;GENERAL RICARDOS;177;28025;Madrid;11;115;40,383191;-3,7348318;NO;8;22;0;0;0;0;No;NO;;;44,1180228;0076;115;0076;115;RM115D0076;;;;;;;;
2831;RM113D0077;Otro establecimiento administración pública;Pública;Público;Ayuntamiento de Madrid;Biblioteca Ana María Matute;CALLE;ISAAC ALBÉNIZ;1;28019;Madrid;11;113;40,39789411;-3,720129184;NO;9;20;0;0;0;0;No;NO;;;44,11802329;0077;113;0077;113;RM113D0077;;;;;;;;
446;RM115D0078;Centro residencial de uso público;Pública;Público;RESIDENCIA DE MAYORES VISTA ALEGRE;Residencia Vista Alegre;CALLE;GENERAL RICARDOS;177;28025;Madrid;11;115;40,3833853;-3,7348369;24 horas;;;;;;;;YES;;;44,1182222;0078;115;0078;115;RM115D0078;;;;;;;;
2841;RM113D0079;Centro educativo;Pública;Público;Comunidad de Madrid;CEIP Lope de Vega;CALLE;INGLATERRA;11;28019;Madrid;11;113;40,39472647;-3,723889596;NO;8;16;0;0;0;0;No;NO;;;44,11861607;0079;113;0079;113;RM113D0079;;;;;;;;
952;RM112D0080;Centro educativo;Privada;Público;Colegio concertado Nazaret - Oporto;Colegio Nazaret - Oporto - Clarisas;CALLE;CLARISAS;4;28019;Madrid;11;112;40,39039;-3,72823;NO;7;19;0;0;0;0;No;NO;;;44,11862;0080;112;0080;112;RM112D0080;;;;;;;;
2830;RM112D0081;Centro educativo;Pública;Público;Comunidad de Madrid;IES Emilio Castelar;CALLE;RÍO DE ORO;4;28019;Madrid;11;112;40,3885791;-3,73012716;NO;8;15;0;0;0;0;No;NO;;;44,11870626;0081;112;0081;112;RM112D0081;;;;;;;;
2745;RM115D0082;Otro establecimiento administración pública;Pública;Público;Comunidad de Madrid;Local a pie de calle ;CALLE;WITERICO;9;28025;Madrid;11;115;40,37782662;-3,741419565;NO;0;0;0;0;0;0;No;NO;;;44,11924618;0082;115;0082;115;RM115D0082;;;;;;;;
956;RM112D0083;Transportes-Metro;Pública;Público;Metro de Madrid;Estación de Metro Oporto;GLORIETA;VALLE DE ORO;2;28019;Madrid;11;112;40,38845;-3,73123;NO;6;2;6;2;6;2;No;YES;;;44,11968;0083;112;0083;112;RM112D0083;;;;;;;;
2839;RM113D0084;Centro deportivo;Privada;Público;Basic Fit;Basic Fit General Ricardos;CALLE;GENERAL RICARDOS;152;28019;Madrid;11;113;40,38963234;-3,730256357;NO;7;22;8;21;8;21;No;NO;;;44,1198887;0084;113;0084;113;RM113D0084;;;;;;;;
2833;RM113D0085;Centro educativo;Privada;Público;IED Madrid Design District;IED Madrid Design District;AVENIDA;PEDRO DÍEZ;3;28019;Madrid;11;113;40,39066466;-3,729419175;NO;8;21;0;0;0;0;No;NO;;;44,12008384;0085;113;0085;113;RM113D0085;;;;;;;;
722;RM116D0086;Viviendas;Privada;Privado;Comunidad de propietarios Avda. Peseta 50;Avenida peseta 50 comunidad ;AVENIDA;PESETA;50;28054;Madrid;11;116;40,3622754;-3,7589664;NO;9;14;9;14;9;14;No;NO;;;44,1212418;0086;116;0086;116;RM116D0086;;;;;;;;
2727;RM115D0087;Centro educativo;Privada;Público;Colegio la Milagrosa ;Colegio entrada a la izquierda;PLAZA;PARROQUIA;16;28025;Madrid;11;115;40,3797479;-3,7419105;NO;9;8;9;9;0;0;No;NO;;;44,1216584;0087;115;0087;115;RM115D0087;;;;;;;;
447;RM115D0088;Otro establecimiento administración pública;Pública;Público;Garita Seguridad Control Puerta Real;Garita Seguridad Control Puerta Real;CALLE;GENERAL RICARDOS;179;28025;Madrid;11;115;40,385212;-3,736616;24 horas;;;;;;;;YES;;;44,121828;0088;115;0088;115;RM115D0088;;;;;;;;
2835;RM113D0089;Otro establecimiento administración pública;Pública;Público;Comunidad de Madrid;Oficina Empleo Águeda Díez;PLAZA;ÁGUEDA DÍEZ;4;28019;Madrid;11;113;40,39008857;-3,732193581;NO;9;14;0;0;0;0;No;NO;;;44,12228215;0089;113;0089;113;RM113D0089;;;;;;;;
1143;RM116D0090;Centro educativo;Pública;Público;Comunidad de Madrid;CEIP Antonio Machado;CALLE;ALLARIZ;3;28044;Madrid;11;116;40,3675223;-3,7549169;NO;8;16;0;0;0;0;No;NO;;;44,1224392;0090;116;0090;116;RM116D0090;;;;;;;;
855;RM116D0091;Otro establecimiento administración pública;Pública;Público;Ayuntamiento de Madrid;Centro de día Ayuntamiento Madrid;CALLE;ALFREDO ALEIX;3;28044;Madrid;11;116;40,3687188;-3,7540529;NO;8;18;0;0;0;0;No;NO;;;44,1227717;0091;116;0091;116;RM116D0091;;;;;;;;
679;RM116D0092;Viviendas;Privada;Privado;Comunidad de Propietarios Palau de la Música 4;Conserjería Palau de la Música 4;CALLE;PALAU DE LA MÚSICA;4;28054;Madrid;11;116;40,36039326;-3,763058011;24 horas;;;;;;;;YES;;;44,12345127;0092;116;0092;116;RM116D0092;;;;;;;;
2744;RM115D0093;Centro educativo;Pública;Público;Comunidad de Madrid;CEIP Capitán Cortés;CALLE;MONSEÑOR ÓSCAR ROMERO;17;28025;Madrid;11;115;40,38092275;-3,742841509;NO;8;15;0;0;0;0;No;NO;;;44,12376425;0093;115;0093;115;RM115D0093;;;;;;;;
1137;RM116D0094;Transportes-Metro;Pública;Público;Metro de Madrid;Estación de Metro Carabanchel Alto;AVENIDA;CARABANCHEL ALTO;15;28044;Madrid;11;116;40,3720104;-3,7518408;NO;6;2;6;2;6;2;No;YES;;;44,1238512;0094;116;0094;116;RM116D0094;;;;;;;;
428;RM114D0095;Centro comercial;Privada;Público;El Corte Inglés;Corte Inglés Hipercor Ventas;AVENIDA;PLAZA DE TOROS;1;28025;Madrid;11;114;40,38618356;-3,737829101;NO;9;22;9;22;11;21;No;NO;;;44,12401266;0095;114;0095;114;RM114D0095;;;;;;;;
2840;RM113D0096;Centro educativo;Pública;Público;Comunidad de Madrid;Centro Educativo Terapéutico Pradera de San Isidro;CALLE;GORRIÓN;2;28019;Madrid;11;113;40,39629366;-3,728254447;NO;9;16;0;0;0;0;No;NO;;;44,12454811;0096;113;0096;113;RM113D0096;;;;;;;;
718;RM116D0097;Centro educativo;Pública;Público;Comunidad de Madrid;Centro de Educación Especial María Soriano ;AVENIDA;PESETA;30;28054;Madrid;11;116;40,36263481;-3,761952646;24 horas;;;;;;;;YES;;;44,12458746;0097;116;0097;116;RM116D0097;;;;;;;;
1119;RM115D0098;Centro educativo;Privada;Público;Colegio Santa Maria de los Apóstoles;Colegio Santa Maria de los Apóstoles;CALLE;MADRE NAZARIA;5;28044;Madrid;11;115;40,3753728;-3,7495686;NO;8;21;0;0;0;0;No;NO;;;44,1249414;0098;115;0098;115;RM115D0098;;;;;;;;
644;RM116D0099;Viviendas;Privada;Privado;Comunidad de propietarios Monasterio de Poblet 7;Frente al portal B;CALLE;MONASTERIO DE POBLET;7;28054;Madrid;11;116;40,36349356;-3,761514765;24 horas;;;;;;;;YES;;;44,12500833;0099;116;0099;116;RM116D0099;;;;;;;;
2739;RM115D0100;Centro educativo;Privada;Público;Colegio Santa Rita;Cerca del patio del colegio;CALLE;EUGENIA DE MONTIJO;53;28025;Madrid;11;115;40,38068394;-3,744755951;NO;8;17;0;0;0;0;No;NO;;;44,12543989;0100;115;0100;115;RM115D0100;;;;;;;;
462;RM114D0101;Centro educativo;Privada;Público;Escuela Infantil San Roque;EI SAN ROQUE;CALLE;ABOLENGO;10;28025;Madrid;11;114;40,38910584;-3,736565887;NO;8;17;0;0;0;0;No;NO;;;44,12567173;0101;114;0101;114;RM114D0101;;;;;;;;
2836;RM113D0102;Centro educativo;Privada;Público;Colegio Nuestra Señora de los Dolores;Colegio Nuestra Señora de los Dolores;CALLE;TORDO;15;28019;Madrid;11;113;40,39203287;-3,733875991;NO;9;19;0;0;0;0;No;NO;;;44,12590886;0102;113;0102;113;RM113D0102;;;;;;;;
436;RM114D0103;Centro deportivo;Privada;Público;Vivagym;VIVAGYM;AVENIDA;PLAZA DE TOROS;S/N;28025;Madrid;11;114;40,38611818;-3,739964139;NO;7;23;9;21;10;15;No;NO;;;44,12608232;0103;114;0103;114;RM114D0103;;;;;;;;
448;RM114D0104;Centro educativo;Privada;Público;COLEGIO LA MILAGROSA;COLEGIO LA MILAGROSA;CALLE;GENERAL RICARDOS;256;28025;Madrid;11;114;40,3825104;-3,74372756;NO;9;17;0;0;0;0;No;NO;;;44,12623796;0104;114;0104;114;RM114D0104;;;;;;;;
2832;RM113D0105;Centro educativo;Privada;Público;Colegio San Alberto Magno;Colegio San Alberto Magno;TRAVESÍA;IVÁN DE VARGAS;1;28019;Madrid;11;113;40,40242013;-3,723901299;NO;8;17;0;0;0;0;No;NO;;;44,12632143;0105;113;0105;113;RM113D0105;;;;;;;;
863;RM116D0106;Centro educativo;Privada;Público;Hermanos Amoros;Colegio Amorós;CALLE;JOAQUÍN TURINA;37;28044;Madrid;11;116;40,371863;-3,7546876;NO;7;17;0;0;0;0;No;NO;;;44,1265506;0106;116;0106;116;RM116D0106;;;;;;;;
677;RM116D0107;Centro educativo;Pública;Público;Comunidad de Madrid;CEIP Pinar de San José Hall Entrada ;CALLE;PATRIMONIO DE LA HUMANIDAD;39;28054;Madrid;11;116;40,36240306;-3,764305528;NO;7;17;0;0;0;0;No;NO;;;44,12670859;0107;116;0107;116;RM116D0107;;;;;;;;
648;RM116D0108;Centro educativo;Pública;Público;Colegio FRANCISCO AYALA;Francisco Ayala;CALLE;JACOBEO;33;28054;Madrid;11;116;40,36592109;-3,760894291;NO;8;19;0;0;0;0;No;NO;;;44,12681538;0108;116;0108;116;RM116D0108;;;;;;;;
461;RM114D0109;Centro educativo;Privada;Público;Colegio Vedruna;Polideportivo Colegio VEDRUNA Carabanchel ;CALLE;EL ESPINAR;41;28025;Madrid;11;114;40,3845279;-3,7424715;NO;9;16;0;0;0;0;No;NO;;;44,1269994;0109;114;0109;114;RM114D0109;;;;;;;;
460;RM114D0110;Centro educativo;Privada;Público;COLEGIO CONCERTADO VEDRUNA;COLEGIO VEDRUNA CARABANCHEL;CALLE;EL ESPINAR;41;28025;Madrid;11;114;40,3842529;-3,7430177;NO;8;20;0;0;0;0;No;NO;;;44,1272706;0110;114;0110;114;RM114D0110;;;;;;;;
1122;RM116D0111;Centro educativo;Pública;Público;Comunidad de Madrid;CEIP República Dominicana;RONDA;DON BOSCO;2;28044;Madrid;11;116;40,3758839;-3,7515256;NO;8;20;0;0;0;0;No;NO;;;44,1274095;0111;116;0111;116;RM116D0111;;;;;;;;
1120;RM116D0112;Centro educativo;Privada;Público;Colegio Salesianos Carabanchel;Colegio Salesianos Carabanchel;RONDA;DON BOSCO;3;28044;Madrid;11;116;40,3742116;-3,7532556;NO;7;21;0;0;0;0;No;NO;;;44,1274672;0112;116;0112;116;RM116D0112;;;;;;;;
463;RM114D0113;Transportes-Metro;Pública;Público;Metro de Madrid;Estación de Metro Vista Alegre;CALLE;OCA;69;28025;Madrid;11;114;40,3887273;-3,7398506;NO;6;2;6;2;6;2;No;YES;;;44,1285779;0113;114;0113;114;RM114D0113;;;;;;;;
622;RM114D0114;Centro deportivo;Pública;Público;Complejo deportivo Blanca Fernández Ochoa;Pabellón 1 C.Deportivo Blanca Fernández Ochoa;CALLE;MONSEÑOR ÓSCAR ROMERO;41;28025;Madrid;11;114;40,3818244;-3,74704;NO;9;20;9;20;9;20;No;NO;;;44,1288644;0114;114;0114;114;RM114D0114;;;;;;;;
874;RM116D0115;Centro educativo;Privada;Público;Colegio Diocesano Maria Inmaculada;Colegio Diocesano Maria Inmaculada;CALLE;JOAQUÍN TURINA;58;28044;Madrid;11;116;40,3719733;-3,7569501;NO;7;18;0;0;0;0;No;NO;;;44,1289234;0115;116;0115;116;RM116D0115;;;;;;;;
859;RM116D0116;Centro deportivo;Privada;Público;Fundación Amoros;Centro Deportivo Amoros;CALLE;JOAQUÍN TURINA;39 D;28044;Madrid;11;116;40,3717644;-3,7572615;NO;7;22;9;14;9;14;No;NO;;;44,1290259;0116;116;0116;116;RM116D0116;;;;;;;;
408;RM114D0117;Centro educativo;Pública;Público;COLEGIO PARQUE EUGENIA DE MONTIJO;COLEGIO PARQUE EUGENIA DE MONTIJO;CALLE;PARQUE EUGENIA DE MONTIJO;28 A;28047;Madrid;11;114;40,378476;-3,752308;NO;9;19;0;0;0;0;No;NO;;;44,130784;0117;114;0117;114;RM114D0117;;;;;;;;
2842;RM113D0118;Centro educativo;Pública;Público;Comunidad de Madrid;CEIP Miguel Servet;CALLE;FRAGATA;33;28019;Madrid;11;113;40,39388632;-3,737089294;NO;8;19;0;0;0;0;No;NO;;;44,13097561;0118;113;0118;113;RM113D0118;;;;;;;;
212;RM114D0119;Centro deportivo;Privada;Público;Vivagym;VIVAGYM;AVENIDA;NUESTRA SEÑORA DE FÁTIMA;34;28047;Madrid;11;114;40,383832;-3,747229;NO;7;22;9;20;10;15;No;NO;;;44,131061;0119;114;0119;114;RM114D0119;;;;;;;;
2843;RM113D0120;Centro educativo;Pública;Público;Comunidad de Madrid;IES Renacimiento;CALLE;CASTELFLORITE;4;28019;Madrid;11;113;40,39389217;-3,737584242;NO;8;21;0;0;0;0;No;NO;;;44,13147641;0120;113;0120;113;RM113D0120;;;;;;;;
206;RM114D0121;Otro establecimiento administración pública;Pública;Público;Ayuntamiento de Madrid;CENTRO DE DÍA MUNICIPAL LA MAGDALENA;CALLE;MONSEÑOR ÓSCAR ROMERO;75;28047;Madrid;11;114;40,38232;-3,74959;NO;8;18;0;0;0;0;No;NO;;;44,13191;0121;114;0121;114;RM114D0121;;;;;;;;
214;RM114D0122;Centro educativo;Pública;Público;COLEGIO HAITÍ ;COLEGIO HAITÍ ;CALLE;GUABAIRO;22;28047;Madrid;11;114;40,38606746;-3,746759207;NO;9;14;0;0;0;0;No;NO;;;44,13282667;0122;114;0122;114;RM114D0122;;;;;;;;
349;RM113D0123;Centro educativo;Pública;Público;Colegio Santa Maria Micaela;Colegio Santa Maria Micaela;CALLE;VÍA CARPETANA;105;28047;Madrid;11;113;40,3944302;-3,7387291;NO;9;18;0;0;0;0;No;NO;;;44,1331593;0123;113;0123;113;RM113D0123;;;;;;;;
352;RM113D0124;Centro deportivo;Pública;Público;Centro deportivo antiguo canodromo;Centro deportivo antiguo canodromo;CALLE;VÍA CARPETANA;57;28047;Madrid;11;113;40,397933;-3,7352537;NO;9;20;9;20;9;20;No;NO;;;44,1331867;0124;113;0124;113;RM113D0124;;;;;;;;
741;RM123D0001;Otro;Privada;Público;Parcesa ;Tanatorio M40;AVENIDA;LOS ROSALES;36;28041;Madrid;12;123;40,3635831;-3,6847443;24 horas;;;;;;;;YES;;;44,0483274;0001;123;0001;123;RM123D0001;;;;;;;;
739;RM123D0002;Centro comercial;Privada;Público;Obramart;Tienda Obramart;AVENIDA;LOS ROSALES;24;28041;Madrid;12;123;40,3649805;-3,6881611;NO;7;9;7;22;9;15;No;NO;;;44,0531416;0002;123;0002;123;RM123D0002;;;;;;;;
738;RM123D0003;Centro deportivo;Privada;Público;Forus Caja Mágica ;Gimnasio Caja Mágica ;CAMINO;PERALES;23;28041;Madrid;12;123;40,3689937;-3,6843701;NO;9;22;9;22;9;20;No;NO;;;44,0533638;0003;123;0003;123;RM123D0003;;;;;;;;
729;RM123D0004;Centro residencial de uso público;Privada;Público;Ilunion;Centro de Dia Loyola de Palacio;CALLE;SILVINA;10;28041;Madrid;12;123;40,3665508;-3,6914347;NO;8;18;8;19;8;19;No;NO;;;44,0579855;0004;123;0004;123;RM123D0004;;;;;;;;
736;RM123D0005;Centro educativo;Pública;Público;Comunidad de Madrid;Albergue Juvenil San Fermín ;AVENIDA;FUEROS;36;28041;Madrid;12;123;40,3703322;-3,6886235;24 horas;;;;;;;;YES;;;44,0589557;0005;123;0005;123;RM123D0005;;;;;;;;
3390;RM123D0006;Centro educativo;Pública;Público;Colegio República de Brasil;Colegio República de Brasil;AVENIDA;FUEROS;34;28041;Madrid;12;123;40,3703362;-3,6899624;NO;9;14;0;0;0;0;No;NO;;;44,0602986;0006;123;0006;123;RM123D0006;;;;;;;;
734;RM123D0007;Otro establecimiento administración pública;Pública;Público;Comunidad de Madrid;Centro de Día Amas;AVENIDA;SAN FERMÍN;15;28041;Madrid;12;123;40,3716464;-3,6906361;NO;9;8;9;8;9;8;No;NO;;;44,0622825;0007;123;0007;123;RM123D0007;;;;;;;;
2886;RM122D0008;Otro establecimiento administración pública;Pública;Público;Ayuntamiento de Madrid;Centro de formación ;CALLE;GINEBRO;1;28041;Madrid;12;122;40,36619116;-3,696588724;NO;9;15;0;0;0;0;No;NO;;;44,06277988;0008;122;0008;122;RM122D0008;;;;;;;;
732;RM123D0009;Otro establecimiento administración pública;Pública;Público;Ayuntamiento de Madrid;Biblioteca Pública San Fermín ;AVENIDA;SAN FERMÍN;10;28041;Madrid;12;123;40,3710517;-3,6925744;NO;8;21;8;15;8;15;No;NO;;;44,0636261;0009;123;0009;123;RM123D0009;;;;;;;;
727;RM123D0010;Transportes-Metro;Pública;Público;Metro de Madrid;Estación de Metro San Fermín;AVENIDA;ANDALUCÍA;14;28041;Madrid;12;123;40,369934;-3,694148;NO;6;2;6;2;6;2;No;YES;;;44,064082;0010;123;0010;123;RM123D0010;;;;;;;;
3111;RM122D0011;Centro educativo;Pública;Público;Comunidad de Madrid;IES Enrique Tierno Galván;AVENIDA;ANDALUCÍA;km 6,200;28041;Madrid;12;122;40,37022465;-3,695523041;NO;9;17;0;0;0;0;No;NO;;;44,06574769;0011;122;0011;122;RM122D0011;;;;;;;;
2884;RM122D0012;Centro deportivo;Pública;Público;Ayuntamiento de Madrid;CENTRO DEPORTIVO ORCASUR;CALLE;MOREJA;11;28041;Madrid;12;122;40,36825617;-3,697764278;NO;8;22;8;22;8;22;No;NO;;;44,06602045;0012;122;0012;122;RM122D0012;;;;;;;;
3118;RM122D0013;Centro educativo;Pública;Público;Comunidad de Madrid;UFIL Virgen de África;CALLE;SALVADOR MARTÍNEZ;3;28041;Madrid;12;122;40,36751787;-3,699181847;NO;9;17;0;0;0;0;No;NO;;;44,06669972;0013;122;0013;122;RM122D0013;;;;;;;;
3385;RM123D0014;Centro residencial de uso público;Pública;Público;Residencia Amavir;Residencia Amavir;AVENIDA;PERLA;3;28041;Madrid;12;123;40,3731922;-3,6943066;24 horas;;;;;;;;YES;;;44,0674988;0014;123;0014;123;RM123D0014;;;;;;;;
1887;RM123D0015;Centro deportivo;Pública;Público;Ayuntamiento de Madrid;PISCINA MUNICIPAL SAN FERMÍN;CALLE;ESTAFETA;S/N;28041;Madrid;12;123;40,375293;-3,692667;NO;10;21;10;21;10;21;No;NO;;;44,06796;0015;123;0015;123;RM123D0015;;;;;;;;
3386;RM122D0016;Centro residencial de uso público;Pública;Público;Residencia San José;Residencia San José;CALLE;TREVÉLEZ;5;28041;Madrid;12;122;40,3652708;-3,7027795;24 horas;;;;;;;;YES;;;44,0680503;0016;122;0016;122;RM122D0016;;;;;;;;
3329;RM122D0017;Centro residencial de uso público;Pública;Público;Ayuntamiento de Madrid;Centro de día y de mayores Orcasur-Usera;AVENIDA;ORCASUR;60;28041;Madrid;12;122;40,36814;-3,69999;NO;8;21;9;21;9;21;No;NO;;;44,06813;0017;122;0017;122;RM122D0017;;;;;;;;
2933;RM122D0018;Centro educativo;Privada;Público;Colegio Montserrat;Colegio Montserrat recepción;CALLE;TREVÉLEZ;3;28041;Madrid;12;122;40,36523324;-3,703033194;NO;9;17;0;0;0;0;No;NO;;;44,06826643;0018;122;0018;122;RM122D0018;;;;;;;;
3306;RM122D0019;Centro educativo;Pública;Público;Comunidad de Madrid;Centro ocupacional Ponce de León;CALLE;EDUARDO BARREIROS;6;28041;Madrid;12;122;40,37231;-3,69627;NO;8;18;0;0;0;0;No;NO;;;44,06858;0019;122;0019;122;RM122D0019;;;;;;;;
1889;RM123D0020;Centro de trabajo (no administración pública);Privada;Privado;SOCIEDAD COOPERATIVA MADRILEÑA DE SERVICIOS DE AUTOTAXI;COOPERATIVA TAXIS;CALLE;SAN MÁXIMO;8;28041;Madrid;12;123;40,37640288;-3,692885423;NO;7;21;8;14;0;0;No;NO;;;44,0692883;0020;123;0020;123;RM123D0020;;;;;;;;
3134;RM122D0021;Centro educativo;Pública;Público;Comunidad de Madrid;CEPA Daoíz y Velarde;CALLE;FERNANDO ORTIZ;2;28041;Madrid;12;122;40,36753228;-3,702750845;NO;9;17;0;0;0;0;No;NO;;;44,07028313;0021;122;0021;122;RM122D0021;;;;;;;;
3135;RM122D0022;Centro educativo;Pública;Público;Comunidad de Madrid;CEPA Daoíz y Velarde;CALLE;FERNANDO ORTIZ;2;28041;Madrid;12;122;40,36790227;-3,702648682;NO;9;17;0;0;0;0;No;NO;;;44,07055095;0022;122;0022;122;RM122D0022;;;;;;;;
1891;RM123D0023;Centro de trabajo (no administración pública);Privada;Privado;Prosegur;PROSEGUR;CALLE;SAN MÁXIMO;3;28041;Madrid;12;123;40,37865773;-3,692429071;24 horas;;;;;;;;YES;;;44,0710868;0023;123;0023;123;RM123D0023;;;;;;;;
1892;RM123D0024;Centro de trabajo (no administración pública);Privada;Privado;Comunidad de Madrid;MULTIEMPRESAS;CALLE;SAN MÁXIMO;11;28041;Madrid;12;123;40,3789111;-3,692243179;NO;7;21;8;15;15;0;Sí;YES;;;44,07115428;0024;123;0024;123;RM123D0024;;;;;;;;
2928;RM122D0025;Transportes-Renfe;Pública;Público;ADIF;Estación de Cercanías Orcasitas;CALLE;CAMPOTEJAR;S/N;28041;Madrid;12;122;40,36670118;-3,704603173;NO;5;0;6;0;6;0;No;YES;;;44,07130435;0025;122;0025;122;RM122D0025;;;;;;;;
1894;RM122D0026;Transportes-Metro;Pública;Público;Metro de Madrid;Estación de Metro 12 de Octubre;AVENIDA;CÓRDOBA;S/N;28041;Madrid;12;122;40,37547487;-3,695871518;NO;6;2;6;2;6;2;No;YES;;;44,07134639;0026;122;0026;122;RM122D0026;;;;;;;;
3298;RM122D0027;Centro de trabajo (no administración pública);Privada;Público;Vértice ;Vértice ;CALLE;ANTONIO LÓPEZ;249;28041;Madrid;12;122;40,37717;-3,6945;24 horas;;;;;;;;YES;;;44,07167;0027;122;0027;122;RM122D0027;;;;;;;;
3305;RM122D0028;Centro educativo;Pública;Público;Comunidad de Madrid;IES Ciudad de Jaen;CAMINO;RÍO;5;28041;Madrid;12;122;40,37224;-3,69943;NO;7;20;0;0;0;0;No;NO;;;44,07167;0028;122;0028;122;RM122D0028;;;;;;;;
2929;RM121D0029;Centro educativo;Privada;Público;Colegio Edith Stein;Colegio Edith Stein;CALLE;SOLARA;5;28041;Madrid;12;121;40,36567705;-3,707077678;NO;9;17;0;0;0;0;No;NO;;;44,07275473;0029;121;0029;121;RM121D0029;;;;;;;;
3115;RM121D0030;Centro educativo;Pública;Público;Comunidad de Madrid;CEIP Gloria Fuertes;CALLE;CENSO;3;28041;Madrid;12;121;40,36882612;-3,704801982;NO;9;17;0;0;0;0;No;NO;;;44,0736281;0030;121;0030;121;RM121D0030;;;;;;;;
3301;RM122D0031;Centro educativo;Pública;Público;Comunidad de Madrid;Colegio Ciudad Jaen;CALLE;MADRE ROSA BLANCO;3;28041;Madrid;12;122;40,372446;-3,701432;NO;8;14;0;0;0;0;No;NO;;;44,073878;0031;122;0031;122;RM122D0031;;;;;;;;
2930;RM121D0032;Viviendas;Privada;Privado;Comunidad de propietarios;Portal;CALLE;DODGE;3;28041;Madrid;12;121;40,36519498;-3,709298676;24 horas;;;;;;;;YES;;;44,07449366;0032;121;0032;121;RM121D0032;;;;;;;;
2931;RM121D0033;Otro establecimiento administración pública;Pública;Público;Ayuntamiento de Madrid;Pasillo aseos y aulas de formación;CALLE;TALBOT;10;28041;Madrid;12;121;40,36506579;-3,711264239;NO;9;14;0;0;0;0;No;NO;;;44,07633003;0033;121;0033;121;RM121D0033;;;;;;;;
3297;RM122D0034;Otro establecimiento administración pública;Pública;Público;Seguridad Social;Pegado al 12 de Octubre ;CALLE;DOCTOR TOLOSA LATOUR;7;28041;Madrid;12;122;40,37522;-3,70152;NO;8;15;0;0;0;0;Sí;YES;;;44,07674;0034;122;0034;122;RM122D0034;;;;;;;;
1897;RM122D0035;Transportes-Renfe;Pública;Público;ADIF;Estación de Cercanías 12 de Octubre;CALLE;DOCTOR TOLOSA LATOUR;S/N;28041;Madrid;12;122;40,37901259;-3,698679515;NO;5;0;6;0;6;0;No;YES;;;44,07769211;0035;122;0035;122;RM122D0035;;;;;;;;
1152;RM124D0036;Viviendas;Privada;Privado;Comunidad de propietarios;Comunidad de propietarios ;CAMINO;PERALES;11;28026;Madrid;12;124;40,383555;-3,694295;24 horas;;;;;;;;YES;;;44,07785;0036;124;0036;124;RM124D0036;;;;;;;;
1155;RM124D0037;Centro educativo;Pública;Público;Comunidad de Madrid;CEIP Nuestra Señora de la Fuencisla;CALLE;TOMELLOSO;39;28026;Madrid;12;124;40,380006;-3,69838;NO;7;5;0;0;0;0;No;NO;;;44,078386;0037;124;0037;124;RM124D0037;;;;;;;;
1121;RM124D0038;Viviendas;Privada;Privado;Comunidad de propietarios;Gimnasio ;CALLE;ANTONIO LÓPEZ;195;28026;Madrid;12;124;40,384678;-3,695433;NO;7;22;7;22;7;22;Sí;YES;;;44,080111;0038;124;0038;124;RM124D0038;;;;;;;;
3113;RM121D0039;Centro educativo;Pública;Público;Comunidad de Madrid;IEA Juan de Villanueva;CALLE;CAMINO VIEJO DE VILLAVERDE;28;28041;Madrid;12;121;40,36944481;-3,711168929;NO;9;17;0;0;0;0;No;NO;;;44,08061374;0039;121;0039;121;RM121D0039;;;;;;;;
1125;RM124D0040;Viviendas;Privada;Privado;Comunidad de propietarios;Comunidad de propietarios ;CALLE;ANTONIO LÓPEZ;232;28026;Madrid;12;124;40,384557;-3,696251;24 horas;;;;;;;;YES;;;44,080808;0040;124;0040;124;RM124D0040;;;;;;;;
2885;RM121D0041;Otro establecimiento administración pública;Pública;Público;Ayuntamiento de Madrid;Centro de Mayores;CALLE;CAMINO VIEJO DE VILLAVERDE;26;28041;Madrid;12;121;40,37021125;-3,711059197;NO;9;20;9;20;0;0;No;NO;;;44,08127045;0041;121;0041;121;RM121D0041;;;;;;;;
1129;RM124D0042;Viviendas;Privada;Privado;Comunidad de propietarios;Comunidad de propietarios ;CALLE;VADO;1;28026;Madrid;12;124;40,38547;-3,6958584;24 horas;;;;;;;;YES;;;44,0813284;0042;124;0042;124;RM124D0042;;;;;;;;
1154;RM124D0043;Transportes-Metro;Pública;Público;Metro de Madrid;Estación de Metro Los Almendrales;AVENIDA;CÓRDOBA;21;28026;Madrid;12;124;40,384167;-3,697822;NO;6;2;6;2;6;2;No;YES;;;44,081989;0043;124;0043;124;RM124D0043;;;;;;;;
3116;RM121D0044;Centro educativo;Pública;Público;Comunidad de Madrid;CEIP Meseta de Orcasitas;CALLE;CAMINO VIEJO DE VILLAVERDE;1;28041;Madrid;12;121;40,3718999;-3,710417315;NO;9;17;0;0;0;0;No;NO;;;44,08231722;0044;121;0044;121;RM121D0044;;;;;;;;
1150;RM124D0045;Otro;Privada;Público;Farmacia Yolanda Pontes;Farmacia ;CALLE;SANTUARIO;11;28026;Madrid;12;124;40,383724;-3,6996;NO;10;20;10;14;0;0;No;NO;;;44,083324;0045;124;0045;124;RM124D0045;;;;;;;;
1148;RM124D0046;Centro educativo;Privada;Público;Colegio Nuestra Señora de Fátima ;Centro educativo ;CALLE;MANUEL MUÑOZ;30;28026;Madrid;12;124;40,3845945;-3,701003;NO;9;5;0;0;0;0;No;NO;;;44,0855975;0046;124;0046;124;RM124D0046;;;;;;;;
2932;RM121D0047;Viviendas;Privada;Privado;Comunidad de propietarios;Portal;CALLE;CESTONA;86;28041;Madrid;12;121;40,37241284;-3,713438183;24 horas;;;;;;;;YES;;;44,08585102;0047;121;0047;121;RM121D0047;;;;;;;;
1149;RM124D0048;Centro educativo;Privada;Público;Centro educativo ;Colegio Mater Purissima;CALLE;MADRE CÁNDIDA MARÍA DE JESÚS;4;28026;Madrid;12;124;40,38463;-3,701529;NO;8;6;0;0;0;0;No;NO;;;44,086159;0048;124;0048;124;RM124D0048;;;;;;;;
1153;RM124D0049;Centro educativo;Pública;Público;Comunidad de Madrid;CEIP Marcelo Usera;CALLE;PERALES DE TAJUÑA;1;28026;Madrid;12;124;40,387064;-3,699536;NO;7;9;0;0;0;0;No;NO;;;44,0866;0049;124;0049;124;RM124D0049;;;;;;;;
3128;RM121D0050;Centro educativo;Pública;Público;Comunidad de Madrid;CEIP Puerto Rico;CALLE;SEGURA;74;28041;Madrid;12;121;40,36817026;-3,719141343;NO;9;17;0;0;0;0;No;NO;;;44,0873116;0050;121;0050;121;RM121D0050;;;;;;;;
1142;RM124D0051;Centro educativo;Privada;Público;Colegio Central Manuel Muñoz S.L;Colegio Central ;CALLE;MANUEL MUÑOZ;9;28026;Madrid;12;124;40,385926;-3,701989;NO;9;13;0;0;0;0;No;NO;;;44,087915;0051;124;0051;124;RM124D0051;;;;;;;;
3136;RM121D0052;Centro educativo;Pública;Público;Comunidad de Madrid;CEPA Orcasitas;CALLE;OREJA;186;28041;Madrid;12;121;40,36974815;-3,718934319;NO;9;17;0;0;0;0;No;NO;;;44,08868247;0052;121;0052;121;RM121D0052;;;;;;;;
2812;RM127D0053;Centro residencial de uso público;Privada;Público;Residencia San Vicente Ade;Residencia San Vicente Ade;AVENIDA;RAFAELA YBARRA;75;28026;Madrid;12;127;40,3784295;-3,7116098;NO;7;22;7;22;7;22;No;NO;;;44,0900393;0053;127;0053;127;RM127D0053;;;;;;;;
2813;RM127D0054;Centro educativo;Privada;Público;Colegio Rafaela Ybarra;Colegio Rafaela Ybarra;AVENIDA;RAFAELA YBARRA;73;28026;Madrid;12;127;40,378989;-3,711574;NO;8;15;0;0;0;0;No;NO;;;44,090563;0054;127;0054;127;RM127D0054;;;;;;;;
2809;RM126D0055;Centro deportivo;Pública;Público;Ayuntamiento de Madrid;Pabellón Jesús Rollan - Polideportivo Orcasitas;CALLE;AVENA;11;28026;Madrid;12;126;40,3761618;-3,7150531;NO;9;21;0;0;0;0;No;NO;;;44,0912149;0055;126;0055;126;RM126D0055;;;;;;;;
1151;RM125D0056;Otro establecimiento administración pública;Pública;Público;Centro de Mayores Usera ;Centro de Mayores Usera ;CALLE;CARMEN BRUGUERA;33;28026;Madrid;12;125;40,387875;-3,703866;NO;9;20;9;20;9;20;No;NO;;;44,091741;0056;125;0056;125;RM125D0056;;;;;;;;
3129;RM121D0057;Centro educativo;Pública;Público;Comunidad de Madrid;IES Pío Baroja;CALLE;TOLOSA;2;28041;Madrid;12;121;40,37294705;-3,718826963;NO;9;17;0;0;0;0;No;NO;;;44,09177401;0057;121;0057;121;RM121D0057;;;;;;;;
2818;RM127D0058;Centro educativo;Privada;Público;Colegio San Luis Felca;Colegio San Luis Felca;CALLE;DOLORES BARRANCO;65;28026;Madrid;12;127;40,3827988;-3,7091808;NO;9;16;0;0;0;0;No;NO;;;44,0919796;0058;127;0058;127;RM127D0058;;;;;;;;
1157;RM125D0059;Centro comercial;Privada;Público;H&M ;CC Plaza Río Planta 0;AVENIDA;MANZANARES;210;28026;Madrid;12;125;40,391149;-3,701297;NO;10;22;10;22;10;22;Sí;YES;;;44,092446;0059;125;0059;125;RM125D0059;;;;;;;;
1159;RM125D0060;Centro comercial;Privada;Público;CC Paza Rio;Punto de información ;AVENIDA;MANZANARES;210;28026;Madrid;12;125;40,391149;-3,701297;NO;10;22;10;22;10;22;Sí;YES;;;44,092446;0060;125;0060;125;RM125D0060;;;;;;;;
1160;RM125D0061;Centro comercial;Privada;Público;CC Plaza Río ;Ascensores planta baja, acceso Avda Manzanares ;AVENIDA;MANZANARES;210;28026;Madrid;12;125;40,391149;-3,701297;NO;10;22;10;22;10;22;Sí;YES;;;44,092446;0061;125;0061;125;RM125D0061;;;;;;;;
2814;RM127D0062;Otro establecimiento administración pública;Pública;Público;Ayuntamiento de Madrid;Junta Municipal Distrito Usera;AVENIDA;RAFAELA YBARRA;41;28026;Madrid;12;127;40,382435;-3,710681;NO;9;17;0;0;0;0;No;NO;;;44,093116;0062;127;0062;127;RM127D0062;;;;;;;;
2811;RM125D0063;Centro comercial;Privada;Público;Ayuntamiento de Madrid;Mercado Usera;CALLE;AMPARO USERA;46;28026;Madrid;12;125;40,3870613;-3,706496;NO;9;20;9;14;0;0;No;NO;;;44,0935573;0063;125;0063;125;RM125D0063;;;;;;;;
3282;RM125D0064;Transportes-Metro;Pública;Público;Metro de Madrid;Estación de Metro Usera vestíbulo;CALLE;AMPARO USERA;46;28026;Madrid;12;125;40,38702243;-3,706617509;NO;6;2;6;2;6;2;No;YES;;;44,09363994;0064;125;0064;125;RM125D0064;;;;;;;;
3283;RM125D0065;Transportes-Metro;Pública;Público;Metro de Madrid;Estación de Metro Usera línea 6;CALLE;AMPARO USERA;46;28026;Madrid;12;125;40,38702243;-3,706617509;NO;6;2;6;2;6;2;No;YES;;;44,09363994;0065;125;0065;125;RM125D0065;;;;;;;;
2819;RM125D0066;Centro educativo;Pública;Público;Colegio Juan Sebastián Elcano;Colegio Juan Sebastián Elcano;CALLE;MIRASIERRA;29;28026;Madrid;12;125;40,38912983;-3,704773244;NO;8;21;0;0;0;0;No;NO;;;44,09390308;0066;125;0066;125;RM125D0066;;;;;;;;
2817;RM125D0067;Centro deportivo;Pública;Público;Ayuntamiento de Madrid;CDM Moscardó;CALLE;ANDRÉS ARTEAGA;5;28026;Madrid;12;125;40,388393;-3,7064575;NO;10;22;10;14;10;14;No;NO;;;44,0948505;0067;125;0067;125;RM125D0067;;;;;;;;
2808;RM127D0068;Centro educativo;Privada;Público;Fundación Educación y Evangelio;Colegio Luz Casanova Usera;CALLE;MARIANO VELA;35;28026;Madrid;12;127;40,384481;-3,7103746;NO;8;20;0;0;0;0;No;NO;;;44,0948556;0068;127;0068;127;RM127D0068;;;;;;;;
2816;RM125D0069;Centro deportivo;Privada;Público;Club Deportivo Moscardó;Estadio Román Valero;CALLE;ANDRÉS ARTEAGA;1;28026;Madrid;12;125;40,3891944;-3,7060082;NO;19;22;0;0;0;0;No;NO;;;44,0952026;0069;125;0069;125;RM125D0069;;;;;;;;
2822;RM126D0070;Centro educativo;Pública;Público;Comunidad de Madrid;CEIP Pradolongo;CALLE;PARQUE DE LA PALOMA;9;28026;Madrid;12;126;40,3790401;-3,7164522;NO;8;17;0;0;0;0;No;NO;;;44,0954923;0070;126;0070;126;RM126D0070;;;;;;;;
1117;RM125D0071;Otro establecimiento administración pública;Pública;Público;SEPE;Oficina de empleo Usera;CALLE;ANTONIO LÓPEZ;101;28026;Madrid;12;125;40,392125;-3,70362;NO;8;14;0;0;0;0;No;NO;;;44,095745;0071;125;0071;125;RM125D0071;;;;;;;;
2821;RM126D0072;Centro educativo;Pública;Público;Colegio República de Venezuela;Colegio República de Venezuela;CALLE;CERECINOS;8;28026;Madrid;12;126;40,3834409;-3,713605;NO;9;16;0;0;0;0;No;NO;;;44,0970459;0072;126;0072;126;RM126D0072;;;;;;;;
2824;RM126D0073;Centro educativo;Pública;Público;Comunidad de Madrid;IES Pradolongo;CALLE;ALBARDÍN;6;28026;Madrid;12;126;40,3796754;-3,71743;NO;8;17;0;0;0;0;No;NO;;;44,0971054;0073;126;0073;126;RM126D0073;;;;;;;;
2823;RM125D0074;Centro educativo;Pública;Público;Comunidad de Madrid;IES Pedro Salinas;CALLE;GENERAL MARVÁ;24;28026;Madrid;12;125;40,3887683;-3,7087743;NO;9;20;0;0;0;0;No;NO;;;44,0975426;0074;125;0074;125;RM125D0074;;;;;;;;
1115;RM125D0075;Centro educativo;Pública;Público;CEPYC C/ Antonio López 81;Centro de estudios ;CALLE;ANTONIO LÓPEZ;81;28026;Madrid;12;125;40,393148;-3,70441;NO;7;23;0;0;0;0;No;NO;;;44,097558;0075;125;0075;125;RM125D0075;;;;;;;;
2820;RM125D0076;Centro educativo;Pública;Público;Comunidad de Madrid;CEIP Jorge Manrique;PLAZA;PINTOR LUCAS;17;28026;Madrid;12;125;40,3881173;-3,7102649;NO;9;16;0;0;0;0;No;NO;;;44,0983822;0076;125;0076;125;RM125D0076;;;;;;;;
2998;RM126D0077;Otro establecimiento administración pública;Pública;Público;CREMATORIO SUR;CREMATORIO SUR;AVENIDA;PRINCESA JUANA DE AUSTRIA;1;28026;Madrid;12;126;40,3671427;-3,7312428;24 horas;;;;;;;;YES;;;44,0983855;0077;126;0077;126;RM126D0077;;;;;;;;
3055;RM125D0078;Otro establecimiento administración pública;Pública;Privado;Bomberos de Madrid;PARQUE 5 DE BOMBEROS;PASEO;SANTA MARÍA DE LA CABEZA;S/N;28026;Madrid;12;125;40,392099;-3,706979;24 horas;;;;;;;;YES;;;44,099078;0078;125;0078;125;RM125D0078;;;;;;;;
2810;RM125D0079;Centro educativo;Privada;Público;Colegio Sagrado Corazón PP Capuchinos;Colegio Sagrado Corazón PP Capuchinos;PASEO;SANTA MARÍA DE LA CABEZA;115;28026;Madrid;12;125;40,3903531;-3,7098658;NO;8;20;0;0;0;0;No;NO;;;44,1002189;0079;125;0079;125;RM125D0079;;;;;;;;
2807;RM126D0080;Centro deportivo;Privada;Público;Go Fit;Go Fit Plaza Eliptica;AVENIDA;PRINCESA JUANA DE AUSTRIA;S/N;28026;Madrid;12;126;40,3836519;-3,717242;NO;7;23;7;23;7;23;No;NO;;;44,1008939;0080;126;0080;126;RM126D0080;;;;;;;;
2815;RM125D0081;Otro establecimiento administración pública;Pública;Público;Comunidad de Madrid;Comedor Social Plaza Elíptica (AMAS);CALLE;SAN FILIBERTO;2;28026;Madrid;12;125;40,3854901;-3,7159492;NO;9;19;0;0;0;0;No;NO;;;44,1014393;0081;125;0081;125;RM125D0081;;;;;;;;
2786;RM134D0001;Transportes-Metro;Pública;Público;Metro de Madrid;Estación de Metro Sierra de Guadalupe;AVENIDA;DEMOCRACIA;S/N;28031;Madrid;13;134;40,38221299;-3,625007745;NO;6;2;6;2;6;2;No;YES;;;44,00722074;0001;134;0001;134;RM134D0001;;;;;;;;
2787;RM134D0002;Centro deportivo;Privada;Público;INDIE PADEL CLUB;INDIE PADEL CLUB;AVENIDA;DEMOCRACIA;11;28031;Madrid;13;134;40,38625909;-3,624821292;NO;9;0;9;0;9;0;No;NO;;;44,01108038;0002;134;0002;134;RM134D0002;;;;;;;;
2785;RM134D0003;Centro de trabajo (no administración pública);Privada;Privado;Desconocido;Naves Industriales;CALLE;ARBOLEDA;18;28031;Madrid;13;134;40,38722482;-3,626161564;NO;9;15;0;0;0;0;No;NO;;;44,01338638;0003;134;0003;134;RM134D0003;;;;;;;;
570;RM134D0004;Viviendas;Privada;Privado;Comunidad de propietarios;Jardines de la Villa;CALLE;CHARLEROI;2;28031;Madrid;13;134;40,3813825;-3,6321053;24 horas;;;;;;;;YES;;;44,0134878;0004;134;0004;134;RM134D0004;;;;;;;;
2792;RM134D0005;Centro de trabajo (no administración pública);Privada;Público;FORD;Edificio Vallausa - Ford;AVENIDA;ALBUFERA;323;28031;Madrid;13;134;40,38350656;-3,630674671;NO;10;20;10;14;0;0;No;NO;;;44,01418123;0005;134;0005;134;RM134D0005;;;;;;;;
2784;RM134D0006;Centro educativo;Pública;Público;UPM;Universidad Politécnica Polideportivo;CALLE;ARBOLEDA;S/N;28031;Madrid;13;134;40,38818543;-3,626783125;NO;8;21;9;14;0;0;No;NO;;;44,01496856;0006;134;0006;134;RM134D0006;;;;;;;;
2883;RM134D0007;Otro establecimiento administración pública;Pública;Público;Comunidad de Madrid;Campus Sur,7;AVENIDA;CAMPUS SUR;7;28030;Madrid;13;134;40,388295;-3,626694;24 horas;;;;;;;;YES;;;44,014989;0007;134;0007;134;RM134D0007;;;;;;;;
567;RM134D0008;Centro deportivo;Pública;Público;Ayuntamiento de Madrid;Piscina de Palomeras;CALLE;TRANVÍA DE ARGANDA;3;28031;Madrid;13;134;40,3825668;-3,6332653;NO;9;21;9;15;9;15;No;NO;;;44,0158321;0008;134;0008;134;RM134D0008;;;;;;;;
3522;RM134D0009;Centro de trabajo (no administración pública);Privada;Público;CLECE ALBUFERA;CLECE ALBUFERA;AVENIDA;ALBUFERA;319;28031;Madrid;13;134;40,384046;-3,631949;NO;8;15;0;0;0;0;No;NO;;;44,015995;0009;134;0009;134;RM134D0009;;;;;;;;
578;RM134D0010;Otro;Privada;Privado;FRIMETAL;Frimetal;CALLE;SAN TORIBIO;6;28031;Madrid;13;134;40,3806797;-3,6353635;NO;7;17;0;0;0;0;No;NO;;;44,0160432;0010;134;0010;134;RM134D0010;;;;;;;;
568;RM134D0011;Centro deportivo;Pública;Público;Ayuntamiento de Madrid;Polideportivo de Palomeras;CALLE;TRANVÍA DE ARGANDA;4;28031;Madrid;13;134;40,3824358;-3,6338393;NO;6;0;6;0;6;0;No;NO;;;44,0162751;0011;134;0011;134;RM134D0011;;;;;;;;
2790;RM134D0012;Centro educativo;Pública;Público;UPM;EDIFICIO DE LA ARBOLEDA;CALLE;ALAN TURING;3;28031;Madrid;13;134;40,38974495;-3,626609066;NO;9;21;0;0;0;0;No;NO;;;44,01635402;0012;134;0012;134;RM134D0012;;;;;;;;
2789;RM134D0013;Centro educativo;Pública;Público;UPM;ETSI SISTEMAS INFORMATICOS UNIVERSIDA POLITECNICA;CALLE;ALAN TURING;1;28031;Madrid;13;134;40,389768;-3,62669;NO;8;21;0;0;0;0;No;NO;;;44,016458;0013;134;0013;134;RM134D0013;;;;;;;;
2791;RM134D0014;Centro educativo;Pública;Público;UPM;BIBLIOTECA UNIVERSITARIA CAMPUS SUR UPM;CALLE;ALAN TURING;1;28031;Madrid;13;134;40,3903218;-3,6270067;NO;9;21;0;0;0;0;No;NO;;;44,0173285;0014;134;0014;134;RM134D0014;;;;;;;;
2788;RM134D0015;Centro educativo;Pública;Público;UPM;ETSI Y SISTEMAS COMUNICACION UNIVERSIDAD POLITECNICA;CALLE;MERCATOR;1;28031;Madrid;13;134;40,38965951;-3,629070767;NO;8;20;0;0;0;0;No;NO;;;44,01873028;0015;134;0015;134;RM134D0015;;;;;;;;
544;RM134D0016;Centro educativo;Pública;Público;Comunidad de Madrid;Escuela educación infantil ZALEO;CALLE;FUENTE DE PIEDRA;10;28018;Madrid;13;134;40,3825642;-3,6405559;NO;8;17;0;0;0;0;No;NO;;;44,0231201;0016;134;0016;134;RM134D0016;;;;;;;;
553;RM134D0017;Centro educativo;Pública;Público;Comunidad de Madrid;CEIP CARLOS SAINZ DE LOS TERREROS;CALLE;CARTAMA;1;28018;Madrid;13;134;40,3847823;-3,6391099;NO;9;15;0;0;0;0;No;NO;;;44,0238922;0017;134;0017;134;RM134D0017;;;;;;;;
550;RM134D0018;Centro educativo;Pública;Público;Comunidad de Madrid;CEIP Tolosa Latour;CALLE;ASTURIANOS;2;28018;Madrid;13;134;40,3821214;-3,64201;NO;8;16;0;0;0;0;No;NO;;;44,0241314;0018;134;0018;134;RM134D0018;;;;;;;;
3518;RM134D0019;Centro educativo;Pública;Público;Comunidad de Madrid;IES Antonio Domínguez Ortiz;CALLE;ANDALUCES;36;28038;Madrid;13;134;40,389006;-3,635758;NO;9;15;0;0;0;0;No;NO;;;44,024764;0019;134;0019;134;RM134D0019;;;;;;;;
3519;RM134D0020;Centro educativo;Pública;Público;Comunidad de Madrid;CEIP La Rioja;CALLE;LEÓN FELIPE;3;28038;Madrid;13;134;40,388193;-3,636958;NO;9;15;0;0;0;0;No;NO;;;44,025151;0020;134;0020;134;RM134D0020;;;;;;;;
547;RM134D0021;Centro educativo;Pública;Público;Comunidad de Madrid;COLEGIO ASTURIAS ;CALLE;ASTURIANOS;2;28018;Madrid;13;134;40,3830222;-3,642461;NO;9;17;0;0;0;0;No;NO;;;44,0254832;0021;134;0021;134;RM134D0021;;;;;;;;
545;RM134D0022;Centro educativo;Privada;Público;COLEGIO SANTA MARÍA DE LOS PINOS;COLEGIO SANTA MARÍA DE LOS PINOS;CALLE;ANGELILLO;9;28018;Madrid;13;134;40,3816269;-3,6448475;NO;10;16;0;0;0;0;No;NO;;;44,0264744;0022;134;0022;134;RM134D0022;;;;;;;;
2580;RM134D0023;Otro establecimiento administración pública;Pública;Público;Comunidad de Madrid;Centro base n°7 de Atencion a Personas con Discapacidad (en la entrada);AVENIDA;RAFAEL ALBERTI;37;28018;Madrid;13;134;40,3851434;-3,641769;NO;9;14;0;0;0;0;No;NO;;;44,0269124;0023;134;0023;134;RM134D0023;;;;;;;;
2581;RM134D0024;Transportes-Metro;Pública;Público;Metro de Madrid;Estación de Metro Miguel Hernandez;AVENIDA;ALBUFERA;285;28038;Madrid;13;134;40,3873529;-3,6397244;NO;6;2;6;2;6;2;No;YES;;;44,0270773;0024;134;0024;134;RM134D0024;;;;;;;;
572;RM131D0025;Centro deportivo;Pública;Público;Ayuntamiento de Madrid;Campo de Fútbol Alberto Garcia;CALLE;REGUERA DE TOMATEROS;93-91;28053;Madrid;13;131;40,370039;-3,658044;NO;15;21;8;20;8;20;No;NO;;;44,028083;0025;131;0025;131;RM131D0025;;;;;;;;
3526;RM134D0026;Otro;Privada;Público;CRUZ ROJA;CRUZ ROJA;CALLE;RAFAEL FERNÁNDEZ HIJICOS;11;28038;Madrid;13;134;40,392143;-3,636231;NO;9;15;0;0;0;0;No;NO;;;44,028374;0026;134;0026;134;RM134D0026;;;;;;;;
574;RM131D0027;Centro deportivo;Pública;Público;Ayuntamiento de Madrid;CDM Wilfred Agbonavbare;CALLE;REGUERA DE TOMATEROS;39;28053;Madrid;13;131;40,37186;-3,6568;NO;9;22;9;20;9;20;No;NO;;;44,02866;0027;131;0027;131;RM131D0027;;;;;;;;
3417;RM134D0028;Centro educativo;Pública;Público;Comunidad de Madrid;CEIP Concha Espina;CALLE;GERARDO DIEGO;6;28018;Madrid;13;134;40,3856141;-3,6439141;NO;9;19;0;0;0;0;No;NO;;;44,0295282;0028;134;0028;134;RM134D0028;;;;;;;;
3516;RM134D0029;Centro educativo;Pública;Público;Comunidad de Madrid;CEIP Aragón;AVENIDA;RAFAEL ALBERTI;2;28038;Madrid;13;134;40,392062;-3,637705;NO;9;17;0;0;0;0;No;NO;;;44,029767;0029;134;0029;134;RM134D0029;;;;;;;;
575;RM131D0030;Centro educativo;Pública;Público;Comunidad de Madrid;Escuela Infantil Los Delfines;CALLE;ESTEBAN CARROS;37;28053;Madrid;13;131;40,37347;-3,65781;NO;8;14;0;0;0;0;No;NO;;;44,03128;0030;131;0030;131;RM131D0030;;;;;;;;
537;RM133D0031;Centro educativo;Pública;Público;CENTRO EDUCATIVO MADRID SUR; CEIP MADRID SUR;CALLE;PUERTO DE BALBARÁN;133;28018;Madrid;13;133;40,3765577;-3,6554891;NO;8;15;0;0;0;0;No;NO;;;44,0320468;0031;133;0031;133;RM133D0031;;;;;;;;
3512;RM134D0032;Centro educativo;Pública;Público;Comunidad de Madrid;Colegio Centro Cultural Palomeras;CALLE;LUIS MARÍN;S/N;28038;Madrid;13;134;40,3925784;-3,639768;24 horas;;;;;;;;YES;;;44,0323464;0032;134;0032;134;RM134D0032;;;;;;;;
332;RM133D0033;Transportes-Renfe;Pública;Público;ADIF;Estación de Cercanías El Pozo;CALLE;PUERTO DE BALBARÁN;10;28053;Madrid;13;133;40,376317;-3,656248;NO;5;0;6;0;6;0;No;YES;;;44,032565;0033;133;0033;133;RM133D0033;;;;;;;;
552;RM135D0034;Centro educativo;Pública;Público;Comunidad de Madrid;UNIDAD DE FORMACIÓN INSERCCION LABORAL “TIERRUCA” ;CALLE;TIERRUCA;13;28018;Madrid;13;135;40,3848589;-3,649484;NO;8;20;0;0;0;0;No;NO;;;44,0343429;0034;135;0034;135;RM135D0034;;;;;;;;
2573;RM135D0035;Centro educativo;Pública;Público;Colegio Agustina Diez;Colegio Agustina Diez;CALLE;VESUBIO;5;28038;Madrid;13;135;40,3882089;-3,6470938;NO;8;19;0;0;0;0;No;NO;;;44,0353027;0035;135;0035;135;RM135D0035;;;;;;;;
3525;RM135D0036;Transportes-Metro;Pública;Público;Comunidad de Madrid;Estación de Metro Alto del Arenal;CALLE;SANTILLANA DEL MAR;19;28038;Madrid;13;135;40,390184;-3,645327;NO;6;2;6;2;6;2;No;YES;;;44,035511;0036;135;0036;135;RM135D0036;;;;;;;;
2575;RM135D0037;Transportes-Metro;Pública;Público;Metro de Madrid;Metro-Centro de mando Alto del Arenal;CALLE;SANTILLANA DEL MAR;19;28038;Madrid;13;135;40,3899707;-3,6455532;NO;6;1;6;1;6;1;Sí;YES;;;44,0355239;0037;135;0037;135;RM135D0037;;;;;;;;
2577;RM135D0038;Centro residencial de uso público;Privada;Público;Comunidad de Madrid;Centro de Mayores Alto del Arenal;CALLE;PERELADA;3;28038;Madrid;13;135;40,3911454;-3,6445853;NO;9;20;9;20;9;10;No;NO;;;44,0357307;0038;135;0038;135;RM135D0038;;;;;;;;
540;RM133D0039;Centro educativo;Privada;Público;Colegio María Inmaculada.;Colegio María Inmaculada;CALLE;LA VIOLETERA;8;28018;Madrid;13;133;40,3799817;-3,6564262;NO;8;20;0;0;0;0;No;NO;;;44,0364079;0039;133;0039;133;RM133D0039;;;;;;;;
314;RM131D0040;Centro deportivo;Pública;Público;Ayuntamiento de Madrid;Campo de fútbol Wilfred Agbonavbare;RONDA;SUR;231;28053;Madrid;13;131;40,373764;-3,662905;NO;17;22;0;0;0;0;No;NO;;;44,036669;0040;131;0040;131;RM131D0040;;;;;;;;
318;RM131D0041;Centro educativo;Pública;Público;Comunidad de Madrid;Escuela de Hostelería del Sur;RONDA;SUR;241;28053;Madrid;13;131;40,375958;-3,660878;NO;9;21;0;0;0;0;No;NO;;;44,036836;0041;131;0041;131;RM131D0041;;;;;;;;
425;RM131D0042;Centro educativo;Pública;Público;Comunidad de Madrid;CEIP Manuel Núñez de Arenas;CALLE;MARTOS;120;28053;Madrid;13;131;40,37536;-3,66175;NO;8;15;0;0;0;0;No;NO;;;44,03711;0042;131;0042;131;RM131D0042;;;;;;;;
3517;RM135D0043;Centro educativo;Pública;Público;Comunidad de Madrid;CEIP Santo Domingo;CALLE;SAN FELIÚ DE GUIXOLS;7;28038;Madrid;13;135;40,391985;-3,645987;NO;9;16;0;0;0;0;No;NO;;;44,037972;0043;135;0043;135;RM135D0043;;;;;;;;
305;RM131D0044;Centro educativo;Pública;Público;Comunidad de Madrid;Colegio García Morente;RONDA;SUR;229;28053;Madrid;13;131;40,373482;-3,664798;NO;8;16;0;0;0;0;No;NO;;;44,03828;0044;131;0044;131;RM131D0044;;;;;;;;
3509;RM135D0045;Centro educativo;Pública;Público;Comunidad de Madrid;CEIP Mesonero Romanos;CALLE;PONT DE MOLINS;31;28038;Madrid;13;135;40,39344;-3,644877;NO;8;17;0;0;0;0;No;NO;;;44,038317;0045;135;0045;135;RM135D0045;;;;;;;;
307;RM131D0046;Centro educativo;Pública;Público;Comunidad de Madrid;ESCUELA OFICIAL DE IDIOMAS PUENTE DE VALLECAS;RONDA;SUR;229;28053;Madrid;13;131;40,373431;-3,665443;NO;15;21;0;0;0;0;No;NO;;;44,038874;0046;131;0046;131;RM131D0046;;;;;;;;
3510;RM135D0047;Centro educativo;Privada;Público;Centro Privado De Educación Infantil Nazaret;Centro Privado De Educación Infantil Nazaret;CALLE;ARENAS DE IGUNA;1;28038;Madrid;13;135;40,391963;-3,647271;NO;9;16;0;0;0;0;No;NO;;;44,039234;0047;135;0047;135;RM135D0047;;;;;;;;
558;RM133D0048;Centro educativo;Pública;Público;Comunidad de Madrid;CEIP PALOMERAS BAJAS;CALLE;FELIPE DE DIEGO;6;28018;Madrid;13;133;40,3792382;-3,6608053;NO;8;17;0;0;0;0;No;NO;;;44,0400435;0048;133;0048;133;RM133D0048;;;;;;;;
542;RM133D0049;Centro educativo;Privada;Público;GSD;COLEGIO GREDOS SAN DIEGO VALLECAS;AVENIDA;PARQUE DE PALOMERAS BAJAS;16;28018;Madrid;13;133;40,3800085;-3,6608894;NO;7;22;0;0;0;0;No;NO;;;44,0408979;0049;133;0049;133;RM133D0049;;;;;;;;
2570;RM135D0050;Centro educativo;Pública;Público;Comunidad de Madrid;CEIP San Pablo;PLAZA;PEÑA MORRAZ;1;28038;Madrid;13;135;40,3894717;-3,6517606;NO;9;18;0;0;0;0;No;NO;;;44,0412323;0050;135;0050;135;RM135D0050;;;;;;;;
3511;RM135D0051;Centro educativo;Privada;Público;ESCUELA INFANTIL JAVIER GARCÍA PITA;ESCUELA INFANTIL JAVIER GARCÍA PITA;CALLE;HUMANES;12;28038;Madrid;13;135;40,395585;-3,646824;NO;8;17;0;0;0;0;No;NO;;;44,042409;0051;135;0051;135;RM135D0051;;;;;;;;
2579;RM135D0052;Centro residencial de uso público;Pública;Público;Centro de Dia y Residencia Vallecas;Centro de Dia y residencia de Mayores Vallecas (en la entrada);CALLE;BENJAMÍN PALENCIA;25;28038;Madrid;13;135;40,3947657;-3,6477996;24 horas;;;;;;;;YES;;;44,0425653;0052;135;0052;135;RM135D0052;;;;;;;;
2567;RM135D0053;Centro educativo;Pública;Público;Instituto, Av Albufera 144, 28038;Instituto de Educacion secundaria Tirso de Molina ;AVENIDA;ALBUFERA;144;28038;Madrid;13;135;40,3909503;-3,6519493;NO;9;21;0;0;0;0;No;NO;;;44,0428996;0053;135;0053;135;RM135D0053;;;;;;;;
321;RM133D0054;Centro educativo;Privada;Público;Colegio Gredos San Diego;Colegio Gredos San Diego;AVENIDA;PARQUE DE PALOMERAS BAJAS;14;28018;Madrid;13;133;40,38013828;-3,662914527;NO;8;21;0;0;0;0;No;NO;;;44,04305281;0054;133;0054;133;RM133D0054;;;;;;;;
322;RM133D0055;Centro deportivo;Pública;Público;Comunidad de Madrid;Asamblea de Madrid;AVENIDA;PABLO NERUDA;140;28018;Madrid;13;133;40,38159578;-3,661760706;NO;9;21;0;0;0;0;No;NO;;;44,04335649;0055;133;0055;133;RM133D0055;;;;;;;;
330;RM133D0056;Centro deportivo;Privada;Público;Dreamfit;Gimnasio Dreamfit;AVENIDA;PABLO NERUDA;91;28018;Madrid;13;133;40,38133163;-3,662166708;NO;6;23;8;21;8;15;No;NO;;;44,04349834;0056;133;0056;133;RM133D0056;;;;;;;;
331;RM133D0057;Centro comercial;Privada;Público;CC Madrid-Sur;Centro comercial Madrid-Sur;AVENIDA;PABLO NERUDA;91;28018;Madrid;13;133;40,381334;-3,662173992;NO;10;22;10;22;10;22;No;NO;;;44,04350799;0057;133;0057;133;RM133D0057;;;;;;;;
289;RM131D0058;Otro establecimiento administración pública;Pública;Público;Ayuntamiento de Madrid;Centro de mayores centro de servicios sociales Entrevias ;CALLE;YUSTE;8;28053;Madrid;13;131;40,375901;-3,66835;NO;8;20;8;20;8;20;No;NO;;;44,044251;0058;131;0058;131;RM131D0058;;;;;;;;
295;RM131D0059;Centro educativo;Privada;Público;Comunidad de Madrid;CEPA PRIMERO DE MAYO - FUNDACIO JOSE MARIA DE LOS LLANOS;CALLE;LOS BARROS;11;28053;Madrid;13;131;40,376766;-3,667845;NO;8;20;0;0;0;0;No;NO;;;44,044611;0059;131;0059;131;RM131D0059;;;;;;;;
333;RM133D0060;Centro comercial;Privada;Público;Carrefour Vallecas;Carrefour Vallecas;AVENIDA;PABLO NERUDA;91;28018;Madrid;13;133;40,381828;-3,663132263;NO;10;22;10;22;10;22;No;NO;;;44,04496026;0060;133;0060;133;RM133D0060;;;;;;;;
3520;RM135D0061;Centro educativo;Pública;Público;Comunidad de Madrid;CEIP Virgen del Cerro;CALLE;MOHERNANDO;1;28038;Madrid;13;135;40,396101;-3,648973;NO;7;17;0;0;0;0;No;NO;;;44,045074;0061;135;0061;135;RM135D0061;;;;;;;;
2565;RM136D0062;Transportes-Metro;Pública;Público;Metro de Madrid;Estación de Metro Buenos Aires;AVENIDA;ALBUFERA;S/N;28038;Madrid;13;136;40,3916839;-3,653918;NO;6;2;6;2;6;2;No;YES;;;44,0456019;0062;136;0062;136;RM136D0062;;;;;;;;
285;RM131D0063;Centro educativo;Pública;Público;Comunidad de Madrid;CEPA ENTREVIAS;CALLE;SERENA;394;28053;Madrid;13;131;40,376499;-3,66951;NO;9;21;0;0;0;0;No;NO;;;44,046009;0063;131;0063;131;RM131D0063;;;;;;;;
878;RM136D0064;Centro educativo;Privada;Público;Colegio Tajamar;Colegio Tajamar;CALLE;PÍO FELIPE;12;28038;Madrid;13;136;40,3964221;-3,6510388;NO;9;17;0;0;0;0;No;NO;;;44,0474609;0064;136;0064;136;RM136D0064;;;;;;;;
3058;RM136D0065;Otro establecimiento administración pública;Pública;Privado;Bomberos de Madrid;PARQUE 8 DE BOMBEROS;CALLE;PÍO FELIPE;S/N;28038;Madrid;13;136;40,394524;-3,653104;24 horas;;;;;;;;YES;;;44,047628;0065;136;0065;136;RM136D0065;;;;;;;;
867;RM136D0066;Centro educativo;Privada;Público;Colegio Los Tilos;Colegio Los Tilos;CALLE;EL BOSCO;S/N;28038;Madrid;13;136;40,3986939;-3,6494538;NO;8;18;0;0;0;0;No;NO;;;44,0481477;0066;136;0066;136;RM136D0066;;;;;;;;
3415;RM131D0067;Centro educativo;Pública;Público;Comunidad de Madrid;CEIP Giner de los Ríos;CALLE;MEMBEZAR;25;28053;Madrid;13;131;40,3797776;-3,668415;NO;9;19;0;0;0;0;No;NO;;;44,0481926;0067;131;0067;131;RM131D0067;;;;;;;;
888;RM136D0068;Centro comercial;Privada;Público;Albufera Plaza;Albufera Plaza;AVENIDA;ALBUFERA;153;28038;Madrid;13;136;40,39255;-3,6557888;NO;10;22;10;22;0;0;No;NO;;;44,0483388;0068;136;0068;136;RM136D0068;;;;;;;;
327;RM133D0069;Centro residencial de uso público;Pública;Público;Comunidad de Madrid;Centro de mayores;CALLE;ARROYO DEL OLIVAR;106;28018;Madrid;13;133;40,39043516;-3,658033951;NO;9;20;9;20;9;20;No;NO;;;44,04846911;0069;133;0069;133;RM133D0069;;;;;;;;
3544;RM131D0070;Centro de trabajo (no administración pública);Privada;Público;EDAR LA CHINA AQUAMBIENTE SERVICOS PARA EL SECTOR DEL AGUA SAU;EDAR LA CHINA;CALLE;EMBAJADORES;326;28045;Madrid;13;131;40,368725;-3,679942;24 horas;;;;;;;;YES;;;44,048667;0070;131;0070;131;RM131D0070;;;;;;;;
282;RM131D0071;Centro educativo;Pública;Público;Comunidad de Madrid;I.E.S ARCIPRESTE DE HITA;RONDA;SUR;6;28053;Madrid;13;131;40,376781;-3,671903;NO;8;20;0;0;0;0;No;NO;;;44,048684;0071;131;0071;131;RM131D0071;;;;;;;;
932;RM132D0072;Transportes-Renfe;Pública;Público;ADIF;Estación de Cercanías Asamblea de Madrid-Entrevías;AVENIDA;ENTREVÍAS;S/N;28053;Madrid;13;132;40,3817028;-3,6679476;NO;5;0;6;0;6;0;No;YES;;;44,0496504;0072;132;0072;132;RM132D0072;;;;;;;;
280;RM131D0073;Centro educativo;Pública;Público;Comunidad de Madrid;14-30 Espacio Joven;RONDA;SUR;143;28053;Madrid;13;131;40,377378;-3,672339;NO;8;21;0;0;0;0;No;NO;;;44,049717;0073;131;0073;131;RM131D0073;;;;;;;;
336;RM133D0074;Centro educativo;Pública;Público;Comunidad de Madrid;Colegio Magerit;CALLE;ANTONIO FOLGUERAS;27;28018;Madrid;13;133;40,38887809;-3,661195838;NO;9;20;0;0;0;0;No;NO;;;44,05007393;0074;133;0074;133;RM133D0074;;;;;;;;
329;RM133D0075;Centro educativo;Privada;Público;VALDECAS SOCIEDAD COOPERATIVA;Colegio Valdecas;CALLE;JAVIER DE MIGUEL;17;28018;Madrid;13;133;40,3882716;-3,66189683;NO;9;18;0;0;0;0;No;NO;;;44,05016843;0075;133;0075;133;RM133D0075;;;;;;;;
335;RM133D0076;Centro educativo;Pública;Público;Comunidad de Madrid;Colegio Eduardo Rojo;CALLE;EDUARDO ROJO;5;28018;Madrid;13;133;40,38739534;-3,662781755;NO;9;17;0;0;0;0;No;NO;;;44,0501771;0076;133;0076;133;RM133D0076;;;;;;;;
277;RM131D0077;Centro deportivo;Pública;Público;Ayuntamiento de Madrid;CDM Entrevias;RONDA;SUR;4;28053;Madrid;13;131;40,378005;-3,673531;NO;8;22;8;22;8;22;No;NO;;;44,051536;0077;131;0077;131;RM131D0077;;;;;;;;
3412;RM131D0078;Centro educativo;Privada;Público;Colegio Liceo Cónsul;Vestíbulo, entrada principal;CALLE;PEIRONCELY;7;28053;Madrid;13;131;40,3821055;-3,6700089;NO;9;18;0;0;0;0;No;NO;;;44,0521144;0078;131;0078;131;RM131D0078;;;;;;;;
422;RM131D0079;Centro educativo;Pública;Público;Comunidad de Madrid;Colegio Santa Rafaela Maria;CALLE;SANTA RAFAELA MARÍA DEL SAGRADO CORAZÓN;112;28053;Madrid;13;131;40,37874;-3,67341;NO;8;15;0;0;0;0;No;NO;;;44,05215;0079;131;0079;131;RM131D0079;;;;;;;;
334;RM133D0080;Transportes-Metro;Pública;Público;Metro de Madrid;Estación de Metro Portazgo;AVENIDA;ALBUFERA;108;28038;Madrid;13;133;40,39326875;-3,659790213;NO;6;2;6;2;6;2;No;YES;;;44,05305896;0080;133;0080;133;RM133D0080;;;;;;;;
900;RM136D0081;Centro educativo;Pública;Público;Comunidad de Madrid;IES Fray Junípero Serra;CAMINO;VALDERRIBAS;120;28038;Madrid;13;136;40,395106;-3,6580422;NO;9;14;0;0;0;0;No;NO;;;44,0531482;0081;136;0081;136;RM136D0081;;;;;;;;
3413;RM131D0082;Centro educativo;Privada;Público;Colegio Cumbre Oxford;Hall entrada ;CALLE;BUENDÍA;50;28053;Madrid;13;131;40,382221;-3,6714841;NO;9;19;0;0;0;0;No;NO;;;44,0537051;0082;131;0082;131;RM131D0082;;;;;;;;
576;RM131D0083;Centro educativo;Pública;Público;Comunidad de Madrid;CEIP FRANCISCO RUANO;CALLE;ALMURADIEL;150;28053;Madrid;13;131;40,38027;-3,67345;NO;9;15;0;0;0;0;No;NO;;;44,05372;0083;131;0083;131;RM131D0083;;;;;;;;
3407;RM133D0084;Centro educativo;Pública;Público;Comunidad de Madrid;CEIP Amós Acero Hall de entrada;CALLE;RODRÍGUEZ ESPINOSA;54;28053;Madrid;13;133;40,3898297;-3,6639937;NO;9;19;0;0;0;0;No;NO;;;44,0538234;0084;133;0084;133;RM133D0084;;;;;;;;
3406;RM132D0085;Centro educativo;Privada;Público;Colegio Raimundo Lulio;Colegio Raimundo Lulio;AVENIDA;SAN DIEGO;63;28053;Madrid;13;132;40,38667637;-3,667838477;NO;8;17;0;0;0;0;No;NO;;;44,05451485;0085;132;0085;132;RM132D0085;;;;;;;;
3409;RM133D0086;Centro educativo;Pública;Público;Centro de Educación de Personas Adultas ;Pasillo de entrada a la izquierda, conserje ;CALLE;NUESTRA SEÑORA DEL PERPETUO SOCORRO;23;28053;Madrid;13;133;40,392741;-3,662625;NO;9;21;0;0;0;0;No;NO;;;44,055366;0086;133;0086;133;RM133D0086;;;;;;;;
928;RM132D0087;Centro de trabajo (no administración pública);Privada;Público;Cruz Roja ;Cruz Roja;CALLE;SIERRA CARBONERA;70;28053;Madrid;13;132;40,3907146;-3,6648929;NO;9;19;0;0;0;0;No;NO;;;44,0556075;0087;132;0087;132;RM132D0087;;;;;;;;
890;RM136D0088;Centro educativo;Pública;Público;Comunidad de Madrid;IES NUMANCIA;CALLE;MARISMAS;14 B;28038;Madrid;13;136;40,4019391;-3,6548129;NO;9;15;0;0;0;0;No;NO;;;44,056752;0088;136;0088;136;RM136D0088;;;;;;;;
897;RM136D0089;Centro educativo;Pública;Público;Comunidad de Madrid;CEIP EL MADROÑO;CALLE;MARISMAS;14 C;28038;Madrid;13;136;40,4019391;-3,6548129;NO;9;14;0;0;0;0;No;NO;;;44,056752;0089;136;0089;136;RM136D0089;;;;;;;;
893;RM132D0090;Centro educativo;Pública;Público;Comunidad de Madrid;IES Vallecas 1;AVENIDA;ALBUFERA;78;28038;Madrid;13;132;40,3948666;-3,6630201;NO;9;15;0;0;0;0;No;NO;;;44,0578867;0090;132;0090;132;RM132D0090;;;;;;;;
3439;RM132D0091;Centro educativo;Pública;Público;Comunidad de Madrid;CEIP Jaime Balmes Hall entrada;CALLE;SIERRA DE LA SOLANA;2;28053;Madrid;13;132;40,3877947;-3,6705236;NO;8;19;0;0;0;0;No;NO;;;44,0583183;0091;132;0091;132;RM132D0091;;;;;;;;
3401;RM132D0092;Centro educativo;Privada;Público;Colegio San José ;Almacén izquierda Hall de entrada ;CALLE;FRANCISCO LAGUNA;21;28053;Madrid;13;132;40,3906967;-3,6701967;NO;8;17;0;0;0;0;No;NO;;;44,0608934;0092;132;0092;132;RM132D0092;;;;;;;;
3402;RM132D0093;Centro de trabajo (no administración pública);Privada;Público;Zelenza S.L.;Hall de entrada ;AVENIDA;SAN DIEGO;1;28053;Madrid;13;132;40,3897508;-3,6714114;NO;8;17;0;0;0;0;No;NO;;;44,0611622;0093;132;0093;132;RM132D0093;;;;;;;;
880;RM136D0094;Centro residencial de uso público;Privada;Público;Amavir;Residencia Amavir;CALLE;BALTASAR SANTOS;2;28038;Madrid;13;136;40,4021498;-3,659186;24 horas;;;;;;;;YES;;;44,0613358;0094;136;0094;136;RM136D0094;;;;;;;;
941;RM132D0095;Transportes-Metro;Pública;Público;Metro de Madrid;Estación de Metro Nueva Numancia;AVENIDA;ALBUFERA;54;28038;Madrid;13;132;40,3962626;-3,6651223;NO;6;2;6;2;6;2;No;YES;;;44,0613849;0095;132;0095;132;RM132D0095;;;;;;;;
885;RM136D0096;Otro establecimiento administración pública;Pública;Público;Seguridad Social;Tesorería Seguridad Social;AVENIDA;ALBUFERA;41;28038;Madrid;13;136;40,3966435;-3,6656299;NO;9;14;0;0;0;0;No;NO;;;44,0622734;0096;136;0096;136;RM136D0096;;;;;;;;
873;RM136D0097;Centro educativo;Privada;Público;Colegio Los Salesianos;Colegio Los Salesianos. Ciudad de los Muchachos;CALLE;SANTA MARTA;15;28038;Madrid;13;136;40,4025;-3,6621071;NO;7;21;0;0;0;0;No;NO;;;44,0646071;0097;136;0097;136;RM136D0097;;;;;;;;
884;RM136D0098;Centro educativo;Privada;Público;Colegio Divina Patora;Colegio Divina Pastora;CALLE;EMILIO ORTUÑO;13 bis;28038;Madrid;13;136;40,3988635;-3,6658859;NO;8;17;0;0;0;0;No;NO;;;44,0647494;0098;136;0098;136;RM136D0098;;;;;;;;
937;RM132D0099;Centro de trabajo (no administración pública);Privada;Público;Farmacia Conde ;Farmacia Conde;AVENIDA;MONTE IGUELDO;14;28053;Madrid;13;132;40,3966297;-3,6682326;24 horas;;;;;;;;YES;;;44,0648623;0099;132;0099;132;RM132D0099;;;;;;;;
876;RM136D0100;Otro establecimiento administración pública;Pública;Público;Ayuntamiento de Madrid;Centro de Día Fátima;CALLE;SIERRA DE LOS FILABRES;15;28038;Madrid;13;136;40,3983683;-3,6668706;NO;8;15;0;0;0;0;No;NO;;;44,0652389;0100;136;0100;136;RM136D0100;;;;;;;;
869;RM136D0101;Centro educativo;Privada;Público;Medac Centro Educativo;MEDAC;CALLE;FRANCISCO IGLESIAS;17;28038;Madrid;13;136;40,3992781;-3,6661371;NO;8;15;0;0;0;0;No;NO;;;44,0654152;0101;136;0101;136;RM136D0101;;;;;;;;
939;RM132D0102;Transportes-Metro;Pública;Público;Metro de Madrid;Estación de Metro Puente Vallecas;AVENIDA;ALBUFERA;14;28038;Madrid;13;132;40,3977011;-3,6681585;NO;6;2;6;2;6;2;No;YES;;;44,0658596;0102;132;0102;132;RM132D0102;;;;;;;;
924;RM131D0103;Otro establecimiento administración pública;Pública;Público;Ayuntamiento de Madrid;Madrid Calle 3 ;CALLE;MÉNDEZ ÁLVARO;95;28053;Madrid;13;131;40,3921527;-3,6737302;24 horas;;;;;;;;YES;;;44,0658829;0103;131;0103;131;RM131D0103;;;;;;;;
927;RM132D0104;Otro establecimiento administración pública;Pública;Público;Comunidad de Madrid;Centro Base 2 ;CALLE;MELQUÍADES BIENCINTO;15;28053;Madrid;13;132;40,3961275;-3,6701031;NO;7;20;0;0;0;0;Sí;YES;;;44,0662306;0104;132;0104;132;RM132D0104;;;;;;;;
1979;RM131D0105;Otro establecimiento administración pública;Pública;Público;Edificio de Calle 30;Edificio Gestión Calle 30;CALLE;MÉNDEZ ÁLVARO;95;28053;Madrid;13;131;40,3917544;-3,6746508;NO;8;15;0;0;0;0;Sí;YES;;;44,0664052;0105;131;0105;131;RM131D0105;;;;;;;;
926;RM132D0106;Hotel, hostal, alojamiento;Privada;Público;Hotel Ibis;Hotel Ibis;CALLE;LOZANO;3;28053;Madrid;13;132;40,3962312;-3,6706255;24 horas;;;;;;;;YES;;;44,0668567;0106;132;0106;132;RM132D0106;;;;;;;;
229;RM141D0001;Centro educativo;Pública;Público;Comunidad de Madrid;CEIP Fontarrón;CALLE;ARROYO FONTARRÓN;24;28030;Madrid;14;141;40,395121;-3,633499;NO;9;15;0;0;0;0;No;NO;;;44,02862;0001;141;0001;141;RM141D0001;;;;;;;;
236;RM141D0002;Centro deportivo;Pública;Público;Ayuntamiento de Madrid;Piscina de verano Moratalaz ;CALLE;ENCOMIENDA DE PALACIOS;S/N;28030;Madrid;14;141;40,396362;-3,632804;15 May-15 Sept 1000-2100H;0;0;0;0;0;0;No;NO;;;44,029166;0002;141;0002;141;RM141D0002;;;;;;;;
2878;RM141D0003;Centro educativo;Pública;Público;Ayuntamiento de Madrid;Centro Educativo de Seguridad Vial;CALLE;LUIS DE HOYOS SAINZ;49;28030;Madrid;14;141;40,400416;-3,628839;24 horas;;;;;;;;YES;;;44,029255;0003;141;0003;141;RM141D0003;;;;;;;;
2874;RM141D0004;Otro;Privada;Público;Arzobispado de Madrid;Residencia Caritas de personas mayores de Moratalaz;CALLE;LUIS DE HOYOS SAINZ;196;28030;Madrid;14;141;40,400372;-3,629349;24 horas;;;;;;;;YES;;;44,029721;0004;141;0004;141;RM141D0004;;;;;;;;
2875;RM141D0005;Centro residencial de uso público;Privada;Público;Albertia;Residencia Albertia Moratalaz;CALLE;HACIENDA DE PAVONES;261;28030;Madrid;14;141;40,399676;-3,63058;24 horas;;;;;;;;YES;;;44,030256;0005;141;0005;141;RM141D0005;;;;;;;;
267;RM141D0006;Centro educativo;Pública;Público;Comunidad de Madrid;IES Felipe II;CALLE;VALDEBERNARDO;1;28030;Madrid;14;141;40,397471;-3,633857;NO;9;14;0;0;0;0;No;NO;;;44,031328;0006;141;0006;141;RM141D0006;;;;;;;;
248;RM141D0007;Centro deportivo;Pública;Público;Ayuntamiento de Madrid;Pabellón Polideportivo Moratalaz;CALLE;VALDEBERNARDO;2;28030;Madrid;14;141;40,398815;-3,63256;NO;6;0;8;22;8;22;No;NO;;;44,031375;0007;141;0007;141;RM141D0007;;;;;;;;
255;RM141D0008;Centro deportivo;Pública;Público;Ayuntamiento de Madrid;Campo de fútbol Moratalaz ;CALLE;VALDEBERNARDO;2;28030;Madrid;14;141;40,398926;-3,632547;NO;8;22;8;22;8;22;No;NO;;;44,031473;0008;141;0008;141;RM141D0008;;;;;;;;
259;RM141D0009;Centro educativo;Pública;Público;Comunidad de Madrid;Escuela Oficial de Idiomas;CALLE;VALDEBERNARDO;3;28030;Madrid;14;141;40,398591;-3,633036;NO;14;22;0;0;0;0;No;NO;;;44,031627;0009;141;0009;141;RM141D0009;;;;;;;;
2882;RM142D0010;Viviendas;Privada;Privado;Comunidad de propietarios Doctor García Tapia 232;C.P Doctor García Tapia 232;AVENIDA;DOCTOR GARCÍA TAPIA;232;28030;Madrid;14;142;40,40669;-3,62508;24 horas;;;;;;;;YES;;;44,03177;0010;142;0010;142;RM142D0010;;;;;;;;
2876;RM141D0011;Centro educativo;Privada;Público;Gredos San Diego;Colegio Gredos San Diego;CALLE;LUIS DE HOYOS SAINZ;170;28030;Madrid;14;141;40,403569;-3,628279;NO;7;22;0;0;0;0;No;NO;;;44,031848;0011;141;0011;141;RM141D0011;;;;;;;;
2881;RM141D0012;Otro;Privada;Público;Fundación Alas;Centro Ocupacional Fundación Alas;CALLE;ENCOMIENDA DE PALACIOS;235;28030;Madrid;14;141;40,397602;-3,635299;24 horas;;;;;;;;YES;;;44,032901;0012;141;0012;141;RM141D0012;;;;;;;;
2879;RM141D0013;Otro establecimiento administración pública;Pública;Público;SEPE;Oficina de empleo SEPE;CALLE;HACIENDA DE PAVONES;350;28030;Madrid;14;141;40,399043;-3,633919;NO;9;14;0;0;0;0;Sí;YES;;;44,032962;0013;141;0013;141;RM141D0013;;;;;;;;
2880;RM141D0014;Otro establecimiento administración pública;Pública;Público;Comunidad de Madrid;Centro de Formación CRN en frío y climatizacion;CALLE;HACIENDA DE PAVONES;350;28030;Madrid;14;141;40,399043;-3,633919;NO;9;20;0;0;0;0;Sí;YES;;;44,032962;0014;141;0014;141;RM141D0014;;;;;;;;
274;RM141D0015;Transportes-Metro;Pública;Público;Metro de Madrid;Estación de Metro Pavones;CALLE;HACIENDA DE PAVONES;215;28030;Madrid;14;141;40,400808;-3,635611;NO;6;2;6;2;6;2;No;YES;;;44,036419;0015;141;0015;141;RM141D0015;;;;;;;;
273;RM141D0016;Otro establecimiento administración pública;Pública;Público;Ayuntamiento de Madrid;Centro Sociocultural Moratalaz ;CALLE;FUENTE CARRANTONA;10;28030;Madrid;14;141;40,39958;-3,636869;NO;9;21;10;20;10;20;No;NO;;;44,036449;0016;141;0016;141;RM141D0016;;;;;;;;
2873;RM141D0017;Centro educativo;Pública;Público;Comunidad de Madrid;Colegio Martínez Montañes;CALLE;HACIENDA DE PAVONES;223;28030;Madrid;14;141;40,401934;-3,63482;NO;8;17;0;0;0;0;No;NO;;;44,036754;0017;141;0017;141;RM141D0017;;;;;;;;
368;RM145D0018;Centro educativo;Privada;Público;FUNDACION RAILES(ADEMO);DEA COLEGIO ADEMO;CALLE;HACIENDA DE PAVONES;328;28030;Madrid;14;145;40,400096;-3,638491;NO;10;16;0;0;0;0;No;NO;;;44,038587;0018;145;0018;145;RM145D0018;;;;;;;;
355;RM143D0019;Centro de trabajo (no administración pública);Pública;Privado;Canal de Isabel II;Canal Isabel II;CALLE;OBERÓN;11;28030;Madrid;14;143;40,405204;-3,634836;24 horas;;;;;;;;YES;;;44,04004;0019;143;0019;143;RM143D0019;;;;;;;;
370;RM145D0020;Otro establecimiento administración pública;Pública;Público;Ayuntamiento de Madrid;Dea Centro de Mayores;CALLE;ENCOMIENDA DE PALACIOS;190;28030;Madrid;14;145;40,39888795;-3,642025109;NO;10;20;10;20;10;20;No;NO;;;44,04091306;0020;145;0020;145;RM145D0020;;;;;;;;
365;RM146D0021;Centro educativo;Pública;Público;Colegio PIO BAROJA ;DEA PIO BAROJA;CALLE;LUIS DE HOYOS SAINZ;82;28030;Madrid;14;146;40,403814;-3,637173;NO;8;17;0;0;0;0;No;NO;;;44,040987;0021;146;0021;146;RM146D0021;;;;;;;;
351;RM143D0022;Centro deportivo;Privada;Público;Sagrada familia;Del centro deportivo safa;CALLE;OBERÓN;7;28030;Madrid;14;143;40,406033;-3,635105;NO;7;22;9;14;9;14;No;NO;;;44,041138;0022;143;0022;143;RM143D0022;;;;;;;;
359;RM143D0023;Centro educativo;Privada;Público;ONCE ;DEA ONCE;AVENIDA;DOCTOR GARCÍA TAPIA;210;28030;Madrid;14;143;40,406452;-3,6348;24 horas;;;;;;;;YES;;;44,041252;0023;143;0023;143;RM143D0023;;;;;;;;
371;RM145D0024;Otro establecimiento administración pública;Pública;Público;Ayuntamiento de Madrid;Dea Centro de dia;CALLE;ENCOMIENDA DE PALACIOS;190;28030;Madrid;14;145;40,399119;-3,642201;NO;8;18;0;0;0;0;No;NO;;;44,04132;0024;145;0024;145;RM145D0024;;;;;;;;
373;RM145D0025;Centro educativo;Pública;Público;Ayuntamiento de Madrid;Dea Menendez Pidal;CALLE;ENCOMIENDA DE PALACIOS;85;28030;Madrid;14;145;40,400447;-3,641057;NO;8;16;0;0;0;0;No;NO;;;44,041504;0025;145;0025;145;RM145D0025;;;;;;;;
348;RM143D0026;Centro educativo;Pública;Público;Sagrada Familia ;Desa sagrada familia;CALLE;OBERÓN;6;28030;Madrid;14;143;40,406709;-3,635239;NO;8;20;9;14;0;0;No;NO;;;44,041948;0026;143;0026;143;RM143D0026;;;;;;;;
340;RM143D0027;Viviendas;Privada;Privada;Comunidad de propietarios;Conserjería al lado;CALLE;FOBOS;5;28030;Madrid;14;143;40,409381;-3,634766;24 horas;;;;;;;;YES;;;44,044147;0027;143;0027;143;RM143D0027;;;;;;;;
374;RM145D0028;Centro educativo;Pública;Público;Comunidad de Madrid;UFIL SIERRA PALOMERAS;CALLE;ENCOMIENDA DE PALACIOS;52;28030;Madrid;14;145;40,399708;-3,645181;NO;8;18;0;0;0;0;No;NO;;;44,044889;0028;145;0028;145;RM145D0028;;;;;;;;
343;RM143D0029;Viviendas;Privada;Privada;Comunidad de propietarios;Dea Antonio Cumella, 11;CALLE;ANTONIO CUMELLA;11;28030;Madrid;14;143;40,410156;-3,636557;24 horas;;;;;;;;YES;;;44,046713;0029;143;0029;143;RM143D0029;;;;;;;;
383;RM145D0030;Centro educativo;Pública;Público;Ayuntamiento de Madrid;DEA REAL ARMADA;CALLE;CORREGIDOR JUAN FRANCISCO DE LUJÁN;114;28030;Madrid;14;145;40,401663;-3,645522;NO;8;16;0;0;0;0;No;NO;;;44,047185;0030;145;0030;145;RM145D0030;;;;;;;;
385;RM146D0031;Transportes-Metro;Pública;Público;Metro de Madrid;Estación de Metro Artilleros;CALLE;PICO DE LOS ARTILLEROS;126;28030;Madrid;14;146;40,405301;-3,641918;NO;6;2;6;2;6;2;No;YES;;;44,047219;0031;146;0031;146;RM146D0031;;;;;;;;
376;RM146D0032;Centro educativo;Pública;Público;Ayuntamiento de Madrid;DEA CONDE ARRUGA(COLEGIO);CALLE;HACIENDA DE PAVONES;105;28030;Madrid;14;146;40,403878;-3,643524;NO;9;16;0;0;0;0;No;NO;;;44,047402;0032;146;0032;146;RM146D0032;;;;;;;;
339;RM143D0033;Centro residencial de uso público;Privada;Privado;Comunidad de propietarios;José Bergamín, 44;CALLE;JOSÉ BERGAMÍN;44;28030;Madrid;14;143;40,411451;-3,636067;24 horas;;;;;;;;YES;;;44,047518;0033;143;0033;143;RM143D0033;;;;;;;;
386;RM146D0034;Transportes-Metro;Pública;Público;Metro de Madrid;Estación de Metro Artilleros;CALLE;CORREGIDOR JUAN DE BOBADILLA;S/N;28030;Madrid;14;146;40,407056;-3,6441196;NO;6;2;6;2;6;2;No;YES;;;44,0511756;0034;146;0034;146;RM146D0034;;;;;;;;
384;RM146D0035;Otro establecimiento administración pública;Pública;Público;Ayuntamiento de Madrid;DEA CENTRO MAYORES ISAAC RABIN;AVENIDA;MORATALAZ;134;28030;Madrid;14;146;40,406683;-3,646776;NO;8;22;8;22;8;22;No;NO;;;44,053459;0035;146;0035;146;RM146D0035;;;;;;;;
381;RM145D0036;Centro educativo;Pública;Público;Comunidad de Madrid;CEPA MAYORES MORATALA,;CALLE;CORREGIDOR ALONSO DE TOBAR;7;28030;Madrid;14;145;40,403933;-3,649767;NO;8;21;0;0;0;0;No;NO;;;44,0537;0036;145;0036;145;RM145D0036;;;;;;;;
378;RM145D0037;Centro educativo;Pública;Público;Comunidad de Madrid;IES VALCARCEL ;PLAZA;ENCUENTRO;4;28030;Madrid;14;145;40,405415;-3,652229;NO;8;22;0;0;0;0;No;NO;;;44,057644;0037;145;0037;145;RM145D0037;;;;;;;;
112;RM143D0038;Centro educativo;Pública;Público;Escuela de Diseño de Moratalaz;Escuela de Diseño;CALLE;CAMINO DE LOS VINATEROS;106;28030;Madrid;14;143;40,40899268;-3,64869703;NO;8;21;0;0;0;0;No;NO;;;44,05768971;0038;143;0038;143;RM143D0038;;;;;;;;
109;RM143D0039;Centro educativo;Pública;Público;Comunidad de Madrid;IES Rey Pastor;CALLE;CORREGIDOR JOSÉ DE PASAMONTE;17;28030;Madrid;14;143;40,41064502;-3,648041099;NO;9;20;0;0;0;0;No;NO;;;44,05868612;0039;143;0039;143;RM143D0039;;;;;;;;
108;RM143D0040;Centro educativo;Pública;Público;Colegio Sainz de Vicuña;Colegio Sainz de Vicuña secretaria;CALLE;CAMINO DE LOS VINATEROS;104;28030;Madrid;14;143;40,40914862;-3,649806379;NO;9;16;0;0;0;0;No;NO;;;44,058955;0040;143;0040;143;RM143D0040;;;;;;;;
3491;RM143D0041;Centro educativo;Pública;Público;Comunidad de Madrid;IES Sede Rey Pastor;CALLE;CORREGIDOR JOSÉ DE PASAMONTE;17;28030;Madrid;14;143;40,410938;-3,648239;NO;9;9;0;0;0;0;No;NO;;;44,059177;0041;143;0041;143;RM143D0041;;;;;;;;
100;RM143D0042;Centro educativo;Privada;Público;Colegio San Martin;Colegio San Martín;AVENIDA;DOCTOR GARCÍA TAPIA;124;28030;Madrid;14;143;40,41193543;-3,647664535;NO;9;17;0;0;0;0;No;NO;;;44,05959997;0042;143;0042;143;RM143D0042;;;;;;;;
93;RM143D0043;Transportes-Metro;Pública;Público;Metro de Madrid;Estación de Metro Vinateros;CALLE;CAMINO DE LOS VINATEROS;73;28030;Madrid;14;143;40,40985844;-3,650143208;NO;6;2;6;2;6;2;No;YES;;;44,06000165;0043;143;0043;143;RM143D0043;;;;;;;;
110;RM143D0044;Centro educativo;Pública;Público;Colegio José de Pasamonte;Colegio José de Pasamonte secretaria;AVENIDA;DOCTOR GARCÍA TAPIA;47;28030;Madrid;14;143;40,41233949;-3,647904133;NO;9;16;0;0;0;0;No;NO;;;44,06024362;0044;143;0044;143;RM143D0044;;;;;;;;
90;RM144D0045;Centro educativo;Privada;Público;Colegio Nuestra Señora de Moratalaz;Colegio Nuestra Señora Moratalaz, secretaria;AVENIDA;MORATALAZ;91 bis;28030;Madrid;14;144;40,40670179;-3,655593786;NO;9;16;0;0;0;0;No;NO;;;44,06229558;0045;144;0045;144;RM144D0045;;;;;;;;
103;RM144D0046;Otro;Pública;Público;Centro de Día de Mayores;Centro de Día de Mayores de Moratalaz;CALLE;ARROYO BELINCOSO;13;28030;Madrid;14;144;40,40996929;-3,652855007;NO;9;19;0;0;0;0;No;NO;;;44,0628243;0046;144;0046;144;RM144D0046;;;;;;;;
106;RM144D0047;Centro educativo;Pública;Público;Comunidad de Madrid;CEIP Regimiento Inmemorial del Rey;AVENIDA;MORATALAZ;51;28030;Madrid;14;144;40,40734251;-3,656942706;NO;9;16;0;0;0;0;No;NO;;;44,06428522;0047;144;0047;144;RM144D0047;;;;;;;;
91;RM145D0048;Centro deportivo;Privada;Público;Gimnasio Dreamfit;Dreamfit Moratalaz;AVENIDA;MORATALAZ;40;28030;Madrid;14;145;40,40699591;-3,65927282;NO;6;23;6;23;8;15;No;NO;;;44,06626873;0048;145;0048;145;RM145D0048;;;;;;;;
105;RM144D0049;Centro deportivo;Pública;Público;Ayuntamiento de Madrid;CDM La Elipa pista de tenis;CALLE;ALCALDE GARRIDO JUARISTI;17;28030;Madrid;14;144;40,415388;-3,652558;NO;10;21;10;21;10;21;No;NO;;;44,067946;0049;144;0049;144;RM144D0049;;;;;;;;
107;RM144D0050;Centro educativo;Pública;Público;Comunidad de Madrid;Colegio Francisco de Luis ;CALLE;CORREGIDOR RODRIGO RODRÍGUEZ;5;28030;Madrid;14;144;40,40862095;-3,660255093;NO;9;16;0;0;0;0;No;NO;;;44,06887604;0050;144;0050;144;RM144D0050;;;;;;;;
104;RM144D0051;Centro deportivo;Pública;Público;Centro Deportivo Elipa;CDM la Elipa ;CALLE;ALCALDE GARRIDO JUARISTI;17;28030;Madrid;14;144;40,4143343;-3,655936946;NO;10;21;10;21;10;21;No;NO;;;44,07027125;0051;144;0051;144;RM144D0051;;;;;;;;
98;RM144D0052;Viviendas;Privada;Privado;Urbanización;Urbanización enfrente del Alcampo;CALLE;CAMINO DE LOS VINATEROS;10;28030;Madrid;14;144;40,41014192;-3,660529245;NO;8;20;0;0;0;0;No;NO;;;44,07067117;0052;144;0052;144;RM144D0052;;;;;;;;
111;RM144D0053;Centro educativo;Pública;Público;Comunidad de Madrid;IES Moratalaz;CALLE;CORREGIDOR DIEGO DE VALDERRÁBANO;35;28030;Madrid;14;144;40,41273174;-3,6582091;NO;8;21;0;0;0;0;No;NO;;;44,07094084;0053;144;0053;144;RM144D0053;;;;;;;;
97;RM144D0054;Transportes-Metro;Pública;Público;Metro de Madrid;Estación de Metro Estrella;CALLE;CAMINO DE LOS VINATEROS;1;28030;Madrid;14;144;40,41119868;-3,660056352;NO;6;2;6;2;6;2;No;YES;;;44,07125503;0054;144;0054;144;RM144D0054;;;;;;;;
1700;RM152D0001;Hotel, hostal, alojamiento;Privada;Público;Hotel torre garden;Hotel torre garden;CALLE;HERMANOS GARCÍA NOBLEJAS;190;28017;Madrid;15;152;40,419483;-3,62505;24 horas;;;;;;;;YES;;;44,044533;0001;152;0001;152;RM152D0001;;;;;;;;
26;RM152D0002;Centro educativo;Privada;Público;Escuela Infantil Alfredo Lopez;Escuela Infantil Alfredo Lopez;CALLE;VILLAESCUSA;50;28017;Madrid;15;152;40,4207138;-3,6302378;NO;8;17;0;0;0;0;No;NO;;;44,0509516;0002;152;0002;152;RM152D0002;;;;;;;;
25;RM152D0003;Centro educativo;Pública;Público;Comunidad de Madrid;IES Barrio de Bilbao;CALLE;VILLAESCUSA;19;28017;Madrid;15;152;40,42111826;-3,630660967;NO;7;21;0;0;0;0;No;NO;;;44,05177923;0003;152;0003;152;RM152D0003;;;;;;;;
3262;RM151D0004;Otro;Pública;Público;Cementerio de la Almudena;Oficinas crematorio de la Almudena;AVENIDA;DAROCA;100;28017;Madrid;15;151;40,419964;-3,633529;NO;9;19;9;19;9;16;No;NO;;;44,053493;0004;151;0004;151;RM151D0004;;;;;;;;
24;RM152D0005;Centro educativo;Pública;Público;Instituto Miguel Delibes;Instituto Miguel Delibes;CALLE;VILLAESCUSA;17;28017;Madrid;15;152;40,42213343;-3,631424274;NO;7;19;0;0;0;0;No;NO;;;44,0535577;0005;152;0005;152;RM152D0005;;;;;;;;
3257;RM152D0006;Otro establecimiento administración pública;Pública;Público;Centro de Salud Gandhi;Centro de Salud Gandhi;CALLE;GANDHI;30;28017;Madrid;15;152;40,425294;-3,631611;NO;8;21;0;0;0;0;No;NO;;;44,056905;0006;152;0006;152;RM152D0006;;;;;;;;
3255;RM152D0007;Transportes-Metro;Pública;Público;Metro de Madrid;Estación de Metro García Noblejas;CALLE;LUIS DEL CAMPO;S/N;28017;Madrid;15;152;40,429078;-3,631995;NO;6;2;6;2;6;2;No;YES;;;44,061073;0007;152;0007;152;RM152D0007;;;;;;;;
3254;RM152D0008;Centro educativo;Pública;Público;Comunidad de Madrid;C.E.P.A. Ciudad Lineal;CALLE;HERMANOS GARCÍA NOBLEJAS;70;28037;Madrid;15;152;40,428722;-3,632823;NO;8;21;0;0;0;0;No;NO;;;44,061545;0008;152;0008;152;RM152D0008;;;;;;;;
27;RM152D0009;Transportes-Metro;Pública;Público;Metro de Madrid;Estación de Metro La Almudena;CALLE;ARRIAGA;75;28017;Madrid;15;152;40,423681;-3,6393516;NO;6;2;6;2;6;2;No;YES;;;44,0630326;0009;152;0009;152;RM152D0009;;;;;;;;
23;RM152D0010;Centro educativo;Privada;Público;Colegio Salesianos-Santo Domingo Savio;Colegio Salesianos-Santo Domingo Savio;CALLE;SANTO DOMINGO SAVIO;2;28017;Madrid;15;152;40,43038828;-3,634248398;NO;7;21;0;0;0;0;No;NO;;;44,06463668;0010;152;0010;152;RM152D0010;;;;;;;;
3258;RM152D0011;Viviendas;Privada;Privado;Comunidad de propietarios de Gutierre de Cetina 96;Comunidad de Gutierre de Cetina 96;CALLE;GUTIERRE DE CETINA;96;28017;Madrid;15;152;40,426457;-3,638553;24 horas;;;;;;;;YES;;;44,06501;0011;152;0011;152;RM152D0011;;;;;;;;
3256;RM152D0012;Centro deportivo;Pública;Público;Ayuntamiento de Madrid;CDM Pueblo Nuevo;CALLE;FRANCISCO RIOJA;14;28017;Madrid;15;152;40,430124;-3,638567;NO;9;21;9;14;9;14;No;NO;;;44,068691;0012;152;0012;152;RM152D0012;;;;;;;;
3261;RM151D0013;Centro educativo;Pública;Público;Comunidad de Madrid;IES Francisco de Goya;CALLE;SANTA IRENE;4;28017;Madrid;15;151;40,418638;-3,650799;NO;8;15;0;0;0;0;No;NO;;;44,069437;0013;151;0013;151;RM151D0013;;;;;;;;
3455;RM152D0014;Transportes-Metro;Pública;Público;Comunidad de Madrid;Estación de Metro Ascao;CALLE;ASCAO;29;28017;Madrid;15;152;40,430186;-3,641132;NO;6;2;6;2;6;2;No;YES;;;44,071318;0014;152;0014;152;RM152D0014;;;;;;;;
21;RM152D0015;Centro educativo;Pública;Público;Colegio JOYFE VITAL AZA;Colegio JOYFE VITAL AZA;CALLE;VITAL AZA;65;28017;Madrid;15;152;40,43330648;-3,639286512;NO;7;19;0;0;0;0;No;NO;;;44,07259299;0015;152;0015;152;RM152D0015;;;;;;;;
3260;RM151D0016;Centro educativo;Pública;Público;Comunidad de Madrid;Colegio San Juan Bosco;CALLE;SANTA IRENE;2;28017;Madrid;15;151;40,419933;-3,65335;NO;8;17;0;0;0;0;No;NO;;;44,073283;0016;151;0016;151;RM151D0016;;;;;;;;
3259;RM151D0017;Otro;Pública;Público;FMF SPORT CLINIC;Clínica fisioterapia ;CALLE;ARRIAGA;3;28017;Madrid;15;151;40,427615;-3,645965;NO;10;21;10;14;0;0;No;NO;;;44,07358;0017;151;0017;151;RM151D0017;;;;;;;;
3352;RM151D0018;Centro educativo;Pública;Público;Colegio Gustavo Adolfo Bécquer;Colegio Gustavo Adolfo Bécquer;CALLE;SANTA GENOVEVA;32;28017;Madrid;15;151;40,4239429;-3,6497594;NO;9;18;0;0;0;0;No;NO;;;44,0737023;0018;151;0018;151;RM151D0018;;;;;;;;
22;RM152D0019;Transportes-Metro;Pública;Público;Metro de Madrid;Estació de Metro Ciudad Lineal acceso García Noblejas;CALLE;HERMANOS GARCÍA NOBLEJAS;2;28037;Madrid;15;152;40,437588;-3,638051;NO;6;2;6;2;6;2;No;YES;;;44,075639;0019;152;0019;152;RM152D0019;;;;;;;;
20;RM152D0020;Centro educativo;Privada;Público;Colegio Liceo Maradiaga;Colegio Liceo Maradiaga;CALLE;FRANCISCO MADARIAGA;26;28017;Madrid;15;152;40,43525364;-3,640696198;NO;8;20;0;0;0;0;No;NO;;;44,07594984;0020;152;0020;152;RM152D0020;;;;;;;;
28;RM151D0021;Transportes-Metro;Pública;Público;Metro de Madrid;Estación de Metro La Elipa;AVENIDA;MARQUÉS DE CORBERA;56;28017;Madrid;15;151;40,426426;-3,650806;NO;6;2;6;2;6;2;No;YES;;;44,077232;0021;151;0021;151;RM151D0021;;;;;;;;
19;RM152D0022;Centro de trabajo (no administración pública);Privada;Privado;Ascensores BOSA;Ascensores BOSA;CALLE;TIMOTEO DOMINGO;21;28017;Madrid;15;152;40,4332057;-3,644761;NO;8;18;0;0;0;0;No;NO;;;44,0779667;0022;152;0022;152;RM152D0022;;;;;;;;
1825;RM153D0023;Centro deportivo;Privada;Público;Gorilla;Gimnasio Gorilla Health club;CALLE;MARQUESA DE TORRECILLA;4;28027;Madrid;15;153;40,43833;-3,64042;NO;7;22;11;15;0;0;No;NO;;;44,07875;0023;153;0023;153;RM153D0023;;;;;;;;
1802;RM153D0024;Transportes-Metro;Pública;Público;Metro de Madrid;Estación de Metro Pueblo Nuevo;CALLE;ALCALÁ;373;28027;Madrid;15;153;40,43532;-3,64397;NO;6;2;6;2;6;2;No;YES;;;44,07929;0024;153;0024;153;RM153D0024;;;;;;;;
1816;RM153D0025;Centro educativo;Pública;Público;Colegio Conde de romanones ;Colegio Conde de romanones ;CALLE;ELFO;143;28027;Madrid;15;153;40,43733;-3,64231;NO;9;16;0;0;0;0;No;NO;;;44,07964;0025;153;0025;153;RM153D0025;;;;;;;;
1803;RM153D0026;Centro educativo;Privada;Público;Centro educativo de formación profesional Teide;Teide ;CALLE;ALCALÁ;339;28027;Madrid;15;153;40,43356;-3,64782;NO;8;21;0;0;0;0;No;NO;;;44,08138;0026;153;0026;153;RM153D0026;;;;;;;;
3351;RM151D0027;Centro educativo;Pública;Público;Colegio Leopoldo Alas;Colegio Leopoldo Alas;CALLE;PEDREZUELA;18;28017;Madrid;15;151;40,4283078;-3,6534085;NO;9;16;0;0;0;0;No;NO;;;44,0817163;0027;151;0027;151;RM151D0027;;;;;;;;
3265;RM151D0028;Centro educativo;Pública;Público;Comunidad de Madrid;Centro Ocupacional Ángel de La Guarda;AVENIDA;DAROCA;60;28017;Madrid;15;151;40,42924;-3,652542;24 horas;;;;;;;;YES;;;44,081782;0028;151;0028;151;RM151D0028;;;;;;;;
1865;RM154D0029;Centro educativo;Pública;Público;Colegio Nuevo equipo;Entrada principal Colegio Nuevo equipo;CALLE;LÓPEZ DE ARANDA;5;28027;Madrid;15;154;40,4420008;-3,6399025;NO;9;14;0;0;0;0;No;NO;;;44,0819033;0029;154;0029;154;RM154D0029;;;;;;;;
1807;RM151D0030;Transportes-Metro;Pública;Público;Metro de Madrid;Estación de Metro Quintana;CALLE;ALCALÁ;306;28027;Madrid;15;151;40,43289;-3,64904;NO;6;2;6;2;6;2;No;YES;;;44,08193;0030;151;0030;151;RM151D0030;;;;;;;;
1805;RM153D0031;Viviendas;Privada;Privado;Comunidad de propietarios;Portal de viviendas ;CALLE;SIENA;78;28027;Madrid;15;153;40,43346;-3,64913;NO;0;0;0;0;0;0;No;NO;;;44,08259;0031;153;0031;153;RM153D0031;;;;;;;;
29;RM151D0032;Centro educativo;Privada;Público;Colegio Nuestra Señora de las Victorias ;Colegio Nuestra Señora de las Victorias ;CALLE;APÓSTOL SANTIAGO;72;28017;Madrid;15;151;40,42887032;-3,654440647;NO;7;19;0;0;0;0;No;NO;;;44,08331097;0032;151;0032;151;RM151D0032;;;;;;;;
3263;RM151D0033;Viviendas;Privada;Privado;Comunidad de propietarios de Ricardo Ortiz 80;Comunidad de Ricardo Ortiz 80;CALLE;RICARDO ORTIZ;80;28017;Madrid;15;151;40,425062;-3,658799;24 horas;;;;;;;;YES;;;44,083861;0033;151;0033;151;RM151D0033;;;;;;;;
2318;RM154D0034;Centro educativo;Privada;Público;Colegio Santa Maria del Carmen;Colegio Santa Maria del Carmen;CALLE;MISTERIOS;38;28027;Madrid;15;154;40,4413377;-3,6425763;NO;8;16;0;0;0;0;No;NO;;;44,083914;0034;154;0034;154;RM154D0034;;;;;;;;
1636;RM153D0035;Centro educativo;Privada;Público;Misioneras Esclavas del Sagrado Corazón de María;Colegio Corazón de María ;CALLE;ZIGIA;1;28027;Madrid;15;153;40,438572;-3,645443;NO;8;20;0;0;0;0;No;NO;;;44,084015;0035;153;0035;153;RM153D0035;;;;;;;;
1620;RM154D0036;Centro deportivo;Pública;Público;Ayuntamiento de Madrid;CDM La Concepción ;CALLE;JOSÉ DEL HIERRO;5;28027;Madrid;15;154;40,436269;-3,648261;NO;8;23;8;23;8;23;No;NO;;;44,08453;0036;154;0036;154;RM154D0036;;;;;;;;
3264;RM151D0037;Centro deportivo;Privada;Público;Gimnasio VivaGym Ventas;Gimnasio VivaGym;PLAZA;BAMI;S/N;28017;Madrid;15;151;40,430544;-3,655016;NO;7;23;9;14;0;0;No;NO;;;44,08556;0037;151;0037;151;RM151D0037;;;;;;;;
1647;RM154D0038;Centro educativo;Pública;Público;Comunidad de Madrid;CEIP Nuestra Señora de la Concepción;CALLE;VIRGEN DEL SAGRARIO;24;28027;Madrid;15;154;40,436942;-3,64977;NO;8;14;0;0;0;0;No;NO;;;44,086712;0038;154;0038;154;RM154D0038;;;;;;;;
1720;RM154D0039;Hotel, hostal, alojamiento;Privada;Público;1881 Madrid Ventas Hotel;1881 Madrid Ventas Hotel;CALLE;ALCALÁ;269;28027;Madrid;15;154;40,432073;-3,656622;24 horas;;;;;;;;YES;;;44,088695;0039;154;0039;154;RM154D0039;;;;;;;;
1779;RM154D0040;Hotel, hostal, alojamiento;Privada;Público;AccorInvest;Hotel Ibis budget;CALLE;SIENA;10;28027;Madrid;15;154;40,432636;-3,656267;24 horas;;;;;;;;YES;;;44,088903;0040;154;0040;154;RM154D0040;;;;;;;;
1714;RM154D0041;Centro de trabajo (no administración pública);Privada;Privado;TELEPERFORMANCE;Teleperformance;CALLE;ALCALÁ;265;28027;Madrid;15;154;40,43201;-3,657038;NO;6;23;6;23;6;23;Sí;YES;;;44,089048;0041;154;0041;154;RM154D0041;;;;;;;;
1717;RM154D0042;Centro de trabajo (no administración pública);Privada;Privado;Elecnor;Elecnor;CALLE;ALCALÁ;265;28027;Madrid;15;154;40,43201;-3,657038;NO;6;23;6;23;6;23;No;NO;;;44,089048;0042;154;0042;154;RM154D0042;;;;;;;;
1810;RM154D0043;Transportes-Metro;Pública;Público;Metro de Madrid;Estación de Metro El Carmen;CALLE;ALCALÁ;265;28027;Madrid;15;154;40,43185;-3,65748;NO;6;2;6;2;6;2;No;YES;;;44,08933;0043;154;0043;154;RM154D0043;;;;;;;;
2312;RM154D0044;Centro educativo;Pública;Público;Colegio San Benito;Edificio de infantil y cocinas;CALLE;FERNÁNDEZ CARO;15;28027;Madrid;15;154;40,4437423;-3,6462379;NO;8;17;0;0;0;0;No;NO;;;44,0899802;0044;154;0044;154;RM154D0044;;;;;;;;
1676;RM154D0045;Centro comercial;Privada;Público;Dreamfit;Dreamfit tercera planta Mercado Ventas;CALLE;VIRGEN DE LA ALEGRÍA;10;28027;Madrid;15;154;40,433564;-3,656829;NO;6;23;8;20;8;15;No;NO;;;44,090393;0045;154;0045;154;RM154D0045;;;;;;;;
1665;RM154D0046;Centro educativo;Privada;Público;Fundación Casa de la Virgen;Colegio concertado Casa de la Virgen;CALLE;VIRGEN DEL VAL;1;28027;Madrid;15;154;40,43618;-3,654766;NO;8;19;0;0;0;0;No;NO;;;44,090946;0046;154;0046;154;RM154D0046;;;;;;;;
1863;RM154D0047;Hotel, hostal, alojamiento;Privada;Público;Hotel Artiem Madrid;Zona desayunos tras recepción;CALLE;JUAN PÉREZ ZÚÑIGA;20;28027;Madrid;15;154;40,4428513;-3,648108;24 horas;;;;;;;;YES;;;44,0909593;0047;154;0047;154;RM154D0047;;;;;;;;
1632;RM155D0048;Transportes-Metro;Pública;Público;Metro de Madrid;Estación de Metro Barrio de La Concepción;CALLE;MARTÍNEZ VILLERGAS;1;28027;Madrid;15;155;40,439257;-3,651915;NO;6;2;6;2;6;2;No;YES;;;44,091172;0048;155;0048;155;RM155D0048;;;;;;;;
2306;RM154D0049;Centro educativo;Pública;Público;Colegio San Benito;Pasillo entrada del colegio;CALLE;JUAN PÉREZ ZÚÑIGA;36;28027;Madrid;15;154;40,4443302;-3,6469064;NO;8;16;0;0;0;0;No;NO;;;44,0912366;0049;154;0049;154;RM154D0049;;;;;;;;
2295;RM155D0050;Centro educativo;Privada;Público;Colegio Stella Maris Fundación Educativa Santo Domingo;Entrada principal;CALLE;JUAN PÉREZ ZÚÑIGA;47;28027;Madrid;15;155;40,4443404;-3,6469047;NO;8;16;0;0;0;0;No;NO;;;44,0912451;0050;155;0050;155;RM155D0050;;;;;;;;
2303;RM155D0051;Centro educativo;Privada;Público;Colegio Stella Maris Fundación Educativa Santo Domingo;Colegio Stella Maris, hall entrada;CALLE;JUAN PÉREZ ZÚÑIGA;47;28027;Madrid;15;155;40,4446239;-3,6468092;NO;8;17;0;0;0;0;No;NO;;;44,0914331;0051;155;0051;155;RM155D0051;;;;;;;;
1660;RM155D0052;Centro educativo;Pública;Público;Ayuntamiento de Madrid;CEIP Carlos V;CALLE;ANTONIO CANTALEJO;S/N;28027;Madrid;15;155;40,436902;-3,65506;NO;9;16;0;0;0;0;No;NO;;;44,091962;0052;155;0052;155;RM155D0052;;;;;;;;
2176;RM154D0053;Otro establecimiento administración pública;Pública;Público;Comunidad de Madrid;Oficina de Empleo Barrio de la Concepción;CALLE;VIRGEN DEL PUIG;5;28027;Madrid;15;154;40,433105;-3,659077;NO;8;15;0;0;0;0;No;NO;;;44,092182;0053;154;0053;154;RM154D0053;;;;;;;;
1778;RM155D0054;Centro deportivo;Privada;Público;Fitup SMmarr gym;Gimnasio Fitup;CALLE;VIRGEN DE ÁFRICA;14;28027;Madrid;15;155;40,438284;-3,654181;NO;7;23;9;20;9;15;No;NO;;;44,092465;0054;155;0054;155;RM155D0054;;;;;;;;
1860;RM155D0055;Centro educativo;Pública;Público;Academia escuela de idiomas ;Entrando subiendo las escaleras en la primera planta al lado de la recepción ;CALLE;CARLOTA O'NEILL;15;28027;Madrid;15;155;40,4431812;-3,6500768;NO;10;22;0;0;0;0;No;NO;;;44,093258;0055;155;0055;155;RM155D0055;;;;;;;;
1859;RM155D0056;Centro educativo;Pública;Público;Comunidad de Madrid;CPEE Infanta Elena Enfermeria;AVENIDA;BADAJOZ;76;28027;Madrid;15;155;40,4435938;-3,6503587;NO;9;16;0;0;0;0;No;NO;;;44,0939525;0056;155;0056;155;RM155D0056;;;;;;;;
1692;RM155D0057;Centro de trabajo (no administración pública);Privada;Privado;ÁMADEUS;AMADEUS Oficina planta baja;CALLE;SALVADOR DE MADARIAGA;1;28027;Madrid;15;155;40,436616;-3,657649;NO;6;22;0;0;0;0;Sí;YES;;;44,094265;0057;155;0057;155;RM155D0057;;;;;;;;
1696;RM155D0058;Centro de trabajo (no administración pública);Privada;Privado;AMADEUS;Oficinas AMADEUS quinta planta;CALLE;SALVADOR DE MADARIAGA;1;28027;Madrid;15;155;40,436616;-3,657649;NO;6;22;0;0;0;0;Sí;YES;;;44,094265;0058;155;0058;155;RM155D0058;;;;;;;;
1707;RM155D0059;Centro de trabajo (no administración pública);Privada;Privado;AMADEUS;Edificio Oficinas Ala Izquierda empresa AMADEUS;CALLE;SALVADOR DE MADARIAGA;1;28027;Madrid;15;155;40,436616;-3,657649;NO;6;23;0;0;0;0;Sí;YES;;;44,094265;0059;155;0059;155;RM155D0059;;;;;;;;
1711;RM155D0060;Centro de trabajo (no administración pública);Privada;Privado;AMADEUS ;Instalaciones deportivas AMADEUS;CALLE;SALVADOR DE MADARIAGA;1;28027;Madrid;15;155;40,436616;-3,657649;NO;6;22;0;0;0;0;Sí;YES;;;44,094265;0060;155;0060;155;RM155D0060;;;;;;;;
1857;RM155D0061;Centro educativo;Pública;Público;Comunidad de Madrid;CEIP Méjico Hall entrada, subiendo escaleras;AVENIDA;BADAJOZ;74;28027;Madrid;15;155;40,4436015;-3,6507168;NO;9;13;0;0;0;0;No;NO;;;44,0943183;0061;155;0061;155;RM155D0061;;;;;;;;
1683;RM155D0062;Centro de trabajo (no administración pública);Privada;Privado;Realia;Edificio oficinas Realia;CALLE;SALVADOR DE MADARIAGA;1;28027;Madrid;15;155;40,436839;-3,65808;NO;6;22;0;0;0;0;No;NO;;;44,094919;0062;155;0062;155;RM155D0062;;;;;;;;
1777;RM154D0063;Centro deportivo;Privada;Público;Franquicia Basicfit;Gimnasio Basicfit;CALLE;VIRGEN DE LA PAZ;22;28027;Madrid;15;154;40,435802;-3,659263;NO;6;0;8;21;8;21;No;NO;;;44,095065;0063;154;0063;154;RM154D0063;;;;;;;;
1856;RM155D0064;Viviendas;Privada;Privado;Comunidad de propietarios;En el portal del edificio de viviendas ;AVENIDA;BADAJOZ;15;28027;Madrid;15;155;40,4432657;-3,6526882;NO;9;20;0;0;0;0;No;NO;;;44,0959539;0064;155;0064;155;RM155D0064;;;;;;;;
1855;RM155D0065;Viviendas;Privada;Privado;Comunidad de propietarios;Nada más entrar al portal a mano derecha enfrente del ascensor ;AVENIDA;BADAJOZ;13;28027;Madrid;15;155;40,4431243;-3,652872;NO;8;14;0;0;0;0;No;NO;;;44,0959963;0065;155;0065;155;RM155D0065;;;;;;;;
1847;RM155D0066;Centro educativo;Pública;Público;Instituto Salvador Dalí;Acceso principal Instituto Salvador Dalí;CALLE;VERDAGUER Y GARCÍA;2;28027;Madrid;15;155;40,4397918;-3,6563877;NO;8;21;0;0;0;0;No;NO;;;44,0961795;0066;155;0066;155;RM155D0066;;;;;;;;
1356;RM155D0067;Centro educativo;Privada;Público;colegio mailer inmaculada ;colegio mailer inmaculada ;CALLE;MADRE ANTONIA PARÍS;1;28027;Madrid;15;155;40,44435493;-3,651941424;NO;7;19;0;0;0;0;No;NO;;;44,09629635;0067;155;0067;155;RM155D0067;;;;;;;;
1653;RM155D0068;Otro;Privada;Público;BEONE ARTURO SORIA ;BEONE ARTURO SORIA ;CALLE;JOSEFA VALCÁRCEL;9;28027;Madrid;15;155;40,44864694;-3,647722013;NO;8;21;0;0;0;0;No;NO;;;44,09636895;0068;155;0068;155;RM155D0068;;;;;;;;
1358;RM155D0069;Centro de trabajo (no administración pública);Privada;Privado;Polar consultores;Polar consultores;CALLE;JOSEFA VALCÁRCEL;9;28027;Madrid;15;155;40,448637;-3,6477399;NO;7;21;0;0;0;0;Sí;YES;;;44,0963769;0069;155;0069;155;RM155D0069;;;;;;;;
1846;RM155D0070;Otro;Privada;Público;Tanatorio M-30 ;Recepción Tanatorio;CALLE;SALVADOR DE MADARIAGA;11;28027;Madrid;15;155;40,4401511;-3,6571259;24 horas;;;;;;;;YES;;;44,097277;0070;155;0070;155;RM155D0070;;;;;;;;
1853;RM155D0071;Viviendas;Privada;Privado;Comunidad de propietarios;Nada más entrar al portal detrás de la garita ;CALLE;CARIBE;4;28027;Madrid;15;155;40,442497;-3,65551;NO;9;14;9;20;9;20;No;NO;;;44,098007;0071;155;0071;155;RM155D0071;;;;;;;;
1354;RM155D0072;Viviendas;Privada;Privado;Comunidad de propietarios;comunidad vecinos;CALLE;CONDESA DE VENADITO;16;28027;Madrid;15;155;40,4444042;-3,6536589;24 horas;;;;;;;;YES;;;44,0980631;0072;155;0072;155;RM155D0072;;;;;;;;
1353;RM155D0073;Viviendas;Privada;Privado;Comunidad de propietarios;comunidad vecinos;CALLE;CONDESA DE VENADITO;14;28027;Madrid;15;155;40,4442447;-3,6538188;24 horas;;;;;;;;YES;;;44,0980635;0073;155;0073;155;RM155D0073;;;;;;;;
1352;RM155D0074;Viviendas;Privada;Privado;Comunidad de propietarios;comunidad vecinos;CALLE;CONDESA DE VENADITO;12;28027;Madrid;15;155;40,4441195;-3,654209;24 horas;;;;;;;;YES;;;44,0983285;0074;155;0074;155;RM155D0074;;;;;;;;
1355;RM155D0075;Otro establecimiento administración pública;Pública;Público;SEPE;SEPE edificio a;CALLE;CONDESA DE VENADITO;9;28027;Madrid;15;155;40,4455083;-3,6528793;24 horas;;;;;;;;YES;;;44,0983876;0075;155;0075;155;RM155D0075;;;;;;;;
1848;RM155D0076;Hotel, hostal, alojamiento;Pública;Público;Novotel Hotels & Resorts;Novotel ibis style Madrid city las ventas ;CALLE;ALBACETE;1;28027;Madrid;15;155;40,4413884;-3,6570998;24 horas;;;;;;;;YES;;;44,0984882;0076;155;0076;155;RM155D0076;;;;;;;;
1357;RM155D0077;Centro de trabajo (no administración pública);Privada;Público;cemex;cemex ;CALLE;HERNÁNDEZ DE TEJADA;1;28027;Madrid;15;155;40,4473984;-3,6516998;NO;7;22;0;0;0;0;Sí;YES;;;44,0990982;0077;155;0077;155;RM155D0077;;;;;;;;
1342;RM155D0078;Hotel, hostal, alojamiento;Privada;Público;hotel travelodge;hotel travelodge;CALLE;TORRELAGUNA;69;28027;Madrid;15;155;40,444382;-3,6552836;24 horas;;;;;;;;YES;;;44,0996656;0078;155;0078;155;RM155D0078;;;;;;;;
1849;RM155D0079;Otro;Privada;Privado;Ilunion;En la garita de entrada ;CALLE;ALBACETE;3;28027;Madrid;15;155;40,442394;-3,657434;24 horas;;;;;;;;YES;;;44,099828;0079;155;0079;155;RM155D0079;;;;;;;;
1340;RM155D0080;Otro establecimiento administración pública;Pública;Público;Ministerio de Trabajo y Economía Social;ministerio trabajo ;CALLE;TORRELAGUNA;73;28027;Madrid;15;155;40,4450822;-3,6553476;NO;0;7;15;0;0;0;Sí;YES;;;44,1004298;0080;155;0080;155;RM155D0080;;;;;;;;
1351;RM155D0081;Centro de trabajo (no administración pública);Privada;Público;Edifcio Condesa de venadito 1;edifcio condesa de venadito 1 en el edificio ;CALLE;CONDESA DE VENADITO;1;28027;Madrid;15;155;40,4441195;-3,6564899;NO;5;0;0;0;0;0;Sí;YES;;;44,1006094;0081;155;0081;155;RM155D0081;;;;;;;;
1851;RM155D0082;Otro;Privada;Privado;Oficinas ;Nada más entrar pasados los tornos a la derecha ;CALLE;ALBACETE;5;28027;Madrid;15;155;40,4432693;-3,6574126;24 horas;;;;;;;;YES;;;44,1006819;0082;155;0082;155;RM155D0082;;;;;;;;
1344;RM155D0083;Centro de trabajo (no administración pública);Privada;Público;comite olimpico internacional;olimpic brodcast service;CALLE;TORRELAGUNA;75;28027;Madrid;15;155;40,4455726;-3,6555542;24 horas;;;;;;;;YES;;;44,1011268;0083;155;0083;155;RM155D0083;;;;;;;;
1350;RM155D0084;Centro de trabajo (no administración pública);Privada;Público;usines parcl;ussines parck;CALLE;MARTÍNEZ VILLERGAS;49;28027;Madrid;15;155;40,4443233;-3,6575001;24 horas;;;;;;;;YES;;;44,1018234;0084;155;0084;155;RM155D0084;;;;;;;;
1349;RM155D0085;Centro de trabajo (no administración pública);Privada;Público;Uber sistems;Uber sistems;CALLE;MARTÍNEZ VILLERGAS;52;28027;Madrid;15;155;40,4450038;-3,6569298;NO;7;22;0;0;0;0;Sí;YES;;;44,1019336;0085;155;0085;155;RM155D0085;;;;;;;;
2717;RM156D0086;Centro de trabajo (no administración pública);Privada;Público;Axa Seguros;Axa Seguros;CALLE;EMILIO VARGAS;6;28043;Madrid;15;156;40,4479141;-3,6543586;NO;9;21;9;14;0;0;No;NO;;;44,1022727;0086;156;0086;156;RM156D0086;;;;;;;;
2715;RM156D0087;Otro establecimiento administración pública;Pública;Público;Enresa;Enresa;CALLE;EMILIO VARGAS;7;28043;Madrid;15;156;40,4479518;-3,6544159;24 horas;;;;;;;;YES;;;44,1023677;0087;156;0087;156;RM156D0087;;;;;;;;
2724;RM156D0088;Centro de trabajo (no administración pública);Privada;Público;Veolia;Veolia;CALLE;TORRELAGUNA;60;28043;Madrid;15;156;40,446633;-3,6560004;24 horas;;;;;;;;YES;;;44,1026334;0088;156;0088;156;RM156D0088;;;;;;;;
2725;RM156D0089;Centro de trabajo (no administración pública);Privada;Público;Laliga;Laliga;CALLE;TORRELAGUNA;60;28043;Madrid;15;156;40,446633;-3,6560004;NO;9;19;0;0;0;0;No;NO;;;44,1026334;0089;156;0089;156;RM156D0089;;;;;;;;
2720;RM156D0090;Centro de trabajo (no administración pública);Privada;Público;BNP Paribas;BNP Paribas;CALLE;EMILIO VARGAS;4;28043;Madrid;15;156;40,4475278;-3,655242;24 horas;;;;;;;;YES;;;44,1027698;0090;156;0090;156;RM156D0090;;;;;;;;
2719;RM156D0091;Hotel, hostal, alojamiento;Privada;Público;Ilunion;Hotel Ilunion Atrium;CALLE;EMILIO VARGAS;3;28043;Madrid;15;156;40,4475648;-3,6553527;24 horas;;;;;;;;YES;;;44,1029175;0091;156;0091;156;RM156D0091;;;;;;;;
2310;RM156D0092;Otro establecimiento administración pública;Pública;Público;Cámara de Cuentas;Cámara de Cuentas de la CAM;CALLE;RAMÍREZ DE ARELLANO;15;28043;Madrid;15;156;40,44887347;-3,654320255;NO;9;14;0;0;0;0;Sí;YES;;;44,10319373;0092;156;0092;156;RM156D0092;;;;;;;;
2723;RM156D0093;Centro de trabajo (no administración pública);Privada;Privado;Flabesa;Torrelaguna 77;CALLE;TORRELAGUNA;77;28043;Madrid;15;156;40,4469825;-3,656336;NO;8;18;0;0;0;0;No;NO;;;44,1033185;0093;156;0093;156;RM156D0093;;;;;;;;
2722;RM156D0094;Centro de trabajo (no administración pública);Privada;Público;La Liga de Fútbol ;Edificio Fiteni;CALLE;EMILIO VARGAS;1;28043;Madrid;15;156;40,4472499;-3,6560889;NO;9;19;0;0;0;0;No;NO;;;44,1033388;0094;156;0094;156;RM156D0094;;;;;;;;
2740;RM156D0095;Otro establecimiento administración pública;Pública;Público;Comunidad de Madrid;Cámara de Cueo;CALLE;RAMÍREZ DE ARELLANO;15;28043;Madrid;15;156;40,4489476;-3,6544089;24 horas;;;;;;;;YES;;;44,1033565;0095;156;0095;156;RM156D0095;;;;;;;;
2729;RM156D0096;Centro de trabajo (no administración pública);Privada;Público;Merrimack Cordis Integralis;Merrimack;CALLE;RAMÍREZ DE ARELLANO;29;28043;Madrid;15;156;40,4466641;-3,6571712;24 horas;;;;;;;;YES;;;44,1038353;0096;156;0096;156;RM156D0096;;;;;;;;
2730;RM156D0097;Centro de trabajo (no administración pública);Privada;Privado;Unisys;Unisys ;CALLE;RAMÍREZ DE ARELLANO;29;28043;Madrid;15;156;40,4466641;-3,6571712;NO;8;18;0;0;0;0;No;NO;;;44,1038353;0097;156;0097;156;RM156D0097;;;;;;;;
2844;RM156D0098;Centro educativo;Privada;Público;Colegio Arturo Soria;Colegio Arturo Soria;CALLE;DUQUE DE TAMAMES;4;28043;Madrid;15;156;40,4505981;-3,653683;NO;8;20;0;0;0;0;No;NO;;;44,1042811;0098;156;0098;156;RM156D0098;;;;;;;;
2869;RM156D0099;Centro educativo;Pública;Público;Conservatorio Profesional de Música Arturo Soria;Conservatorio Profesional de Música Arturo Soria;CALLE;ESTRECHO DE MESINA;2;28043;Madrid;15;156;40,452047;-3,6522614;NO;8;22;0;0;0;0;No;NO;;;44,1043084;0099;156;0099;156;RM156D0099;;;;;;;;
2321;RM156D0100;Centro educativo;Privada;Público;CONSERVATORIO DE MÚSICA Arturo Soria;CONSERVATORIO DE MÚSICA Arturo Soria;CALLE;ESTRECHO DE MESINA;2;28043;Madrid;15;156;40,4520462;-3,6523345;NO;9;22;0;0;0;0;No;NO;;;44,1043807;0100;156;0100;156;RM156D0100;;;;;;;;
2726;RM156D0101;Otro establecimiento administración pública;Pública;Público;Tribunal de Cuentas;Tribunal de Cuentas;CALLE;TORRELAGUNA;79;28043;Madrid;15;156;40,4477735;-3,6568004;24 horas;;;;;;;;YES;;;44,1045739;0101;156;0101;156;RM156D0101;;;;;;;;
2738;RM156D0102;Centro de trabajo (no administración pública);Privada;Privado;Quirón Salud;Quirón Salud;CALLE;RAMÍREZ DE ARELLANO;21;28043;Madrid;15;156;40,4485032;-3,6563008;NO;7;22;0;0;0;0;No;NO;;;44,104804;0102;156;0102;156;RM156D0102;;;;;;;;
2735;RM156D0103;Centro de trabajo (no administración pública);Privada;Privado;Siemens Gamesa;Siemens Gamesa;CALLE;RAMÍREZ DE ARELLANO;37;28043;Madrid;15;156;40,4461446;-3,6587346;NO;8;18;0;0;0;0;No;NO;;;44,1048792;0103;156;0103;156;RM156D0103;;;;;;;;
2728;RM156D0104;Otro;Privada;Público;Ibermutua;Ibermutua;CALLE;RAMÍREZ DE ARELLANO;27;28043;Madrid;15;156;40,4477941;-3,657772;NO;8;20;8;20;8;20;No;NO;;;44,1055661;0104;156;0104;156;RM156D0104;;;;;;;;
2732;RM156D0105;Centro de trabajo (no administración pública);Privada;Privado;Allianz compañía de seguros ;Allianz ;CALLE;RAMÍREZ DE ARELLANO;35;28043;Madrid;15;156;40,4474209;-3,6581955;24 horas;;;;;;;;YES;;;44,1056164;0105;156;0105;156;RM156D0105;;;;;;;;
2322;RM156D0106;Centro educativo;Privada;Público;Hastings School;Escuela inglesa CALLE de Lorenzo Solano Tendero;CALLE;LORENZO SOLANO TENDERO;11;28043;Madrid;15;156;40,45354887;-3,652344923;NO;8;17;0;0;0;0;No;NO;;;44,10589379;0106;156;0106;156;RM156D0106;;;;;;;;
2320;RM156D0107;Centro residencial de uso público;Privada;Público;Sanitas;Residencia Mayores Sanitas;CALLE;LORENZO SOLANO TENDERO;7;28043;Madrid;15;156;40,4529438;-3,6530872;24 horas;;;;;;;;YES;;;44,106031;0107;156;0107;156;RM156D0107;;;;;;;;
2736;RM156D0108;Centro deportivo;Pública;Público;Ayuntamiento de Madrid;Centro deportivo san Juan Bautista;CALLE;TREVIANA;1;28043;Madrid;15;156;40,4483182;-3,6582699;NO;9;21;10;21;10;21;No;NO;;;44,1065881;0108;156;0108;156;RM156D0108;;;;;;;;
2868;RM156D0109;Centro deportivo;Pública;Público;Ayuntamiento de Madrid;CDM San Juan Bautista;CALLE;TREVIANA;1;28043;Madrid;15;156;40,448334;-3,658322;NO;8;22;9;21;9;21;No;NO;;;44,106656;0109;156;0109;156;RM156D0109;;;;;;;;
2741;RM156D0110;Centro educativo;Privada;Público;Colegio nuestra señora del buen consejo;Colegio nuestra señora del buen consejo;CALLE;ÁBALOS;5;28043;Madrid;15;156;40,4504078;-3,6563189;NO;8;18;0;0;0;0;No;NO;;;44,1067267;0110;156;0110;156;RM156D0110;;;;;;;;
2857;RM156D0111;Otro establecimiento administración pública;Pública;Público;DGT;DGT (Jefatura Provincial de Tráfico);CALLE;ARTURO SORIA;143;28043;Madrid;15;156;40,453681;-3,654742;NO;9;14;0;0;0;0;No;NO;;;44,108423;0111;156;0111;156;RM156D0111;;;;;;;;
2847;RM156D0112;Centro educativo;Pública;Público;Comunidad de Madrid;CEIP Juan Bautista;CALLE;SORZANO;1;28043;Madrid;15;156;40,45114;-3,658913;NO;9;16;0;0;0;0;No;NO;;;44,110053;0112;156;0112;156;RM156D0112;;;;;;;;
2866;RM156D0113;Centro educativo;Pública;Público;Comunidad de Madrid;IES San Juan Bautista;CALLE;SAN NEMESIO;1;28043;Madrid;15;156;40,4522396;-3,6582434;NO;8;19;0;0;0;0;No;NO;;;44,110483;0113;156;0113;156;RM156D0113;;;;;;;;
2850;RM156D0114;Centro educativo;Privada;Público;Colegio Madre de Dios;Colegio Madre de Dios;CALLE;ÁNGEL MUÑOZ;5;28043;Madrid;15;156;40,4542184;-3,6569459;NO;9;15;0;0;0;0;No;NO;;;44,1111643;0114;156;0114;156;RM156D0114;;;;;;;;
2846;RM157D0115;Transportes-Metro;Pública;Público;Metro de Madrid;Estación de Metro Arturo Soria vestíbulo Ulises;CALLE;ULISES;1;28043;Madrid;15;157;40,45602273;-3,656166464;NO;6;2;6;2;6;2;No;YES;;;44,11218919;0115;157;0115;157;RM157D0115;;;;;;;;
2845;RM157D0116;Transportes-Metro;Pública;Público;Metro de Madrid;Estación de Metro Arturo Soria línea 4;CALLE;ULISES;1;28043;Madrid;15;157;40,456039;-3,656183;NO;6;2;6;2;6;2;No;YES;;;44,112222;0116;157;0116;157;RM157D0116;;;;;;;;
2856;RM157D0117;Centro educativo;Privada;Público;Hastings School;Hastings School Nexus;CALLE;MANUEL MARAÑÓN;8;28043;Madrid;15;157;40,457491;-3,655112;NO;8;17;0;0;0;0;No;NO;;;44,112603;0117;157;0117;157;RM157D0117;;;;;;;;
2851;RM156D0118;Transportes-Metro;Pública;Público;Metro de Madrid;Estación de Metro Avenida de la Paz;AVENIDA;RAMÓN Y CAJAL;80;28043;Madrid;15;156;40,4532872;-3,6619264;NO;6;2;6;2;6;2;No;YES;;;44,1152136;0118;156;0118;156;RM156D0118;;;;;;;;
3429;RM157D0119;Centro de trabajo (no administración pública);Privada;Privado;CEFTRAL;CEFTRAL;PLAZA;CIUDAD DE SALTA;10;28043;Madrid;15;157;40,4541626;-3,6623975;NO;7;15;0;0;0;0;No;NO;;;44,1165601;0119;157;0119;157;RM157D0119;;;;;;;;
2275;RM157D0120;Otro establecimiento administración pública;Pública;Público;Comunidad de Madrid;Cámara Oficial de Comercio, Industria y Servicios de Madrid;CALLE;PEDRO SALINAS;11;28043;Madrid;15;157;40,45777;-3,66221;NO;8;15;0;0;0;0;No;NO;;;44,11998;0120;157;0120;157;RM157D0120;;;;;;;;
2854;RM157D0121;Otro;Pública;Público;Ministerio de Defensa;Residencia Logística Militar La Inmaculada;CALLE;LÓPEZ DE HOYOS;317;28043;Madrid;15;157;40,460749;-3,65931;24 horas;;;;;;;;YES;;;44,120059;0121;157;0121;157;RM157D0121;;;;;;;;
2276;RM157D0122;Centro educativo;Privada;Público;Comunidad de Madrid;COLEGIO RAMÓN Y CAJAL;CALLE;ARTURO SORIA;206;28043;Madrid;15;157;40,46071;-3,66097;NO;8;18;0;0;0;0;No;NO;;;44,12168;0122;157;0122;157;RM157D0122;;;;;;;;
2277;RM157D0123;Centro educativo;Privada;Público;Comunidad de Madrid;Colegio Santísimo Sacramento;CALLE;ARTURO SORIA;208;28043;Madrid;15;157;40,46074;-3,6617;NO;8;20;0;0;0;0;No;NO;;;44,12244;0123;157;0123;157;RM157D0123;;;;;;;;
2282;RM158D0124;Centro educativo;Privada;Público;EUDE BUSINESS SCHOOL;EUDE BUSINESS SCHOOL;CALLE;ARTURO SORIA;245;28033;Madrid;15;158;40,46603;-3,66605;NO;9;21;9;14;0;0;No;NO;;;44,13208;0124;158;0124;158;RM158D0124;;;;;;;;
2283;RM159D0125;Centro de trabajo (no administración pública);Privada;Privado;Más que un caramelo C&Ch;Más que un caramelo C&Ch;CALLE;JOAQUÍN ARROYO;9;28033;Madrid;15;159;40,46844;-3,66395;NO;9;18;0;0;0;0;No;NO;;;44,13239;0125;159;0125;159;RM159D0125;;;;;;;;
3377;RM159D0126;Centro residencial de uso público;Pública;Público;Ministerio de Defensa;Residencia de oficiales “La Fragata”. Armada. Ministerio de Defensa;CALLE;SERRANO GALVACHE;7;28033;Madrid;15;159;40,4710973;-3,6689572;24 horas;;;;;;;;YES;;;44,1400545;0126;159;0126;159;RM159D0126;;;;;;;;
2281;RM159D0127;Centro educativo;Privada;Público;CSIC;Instituto de Ciencias de la Construcción Eduardo Torroja;CALLE;SERRANO GALVACHE;4;28033;Madrid;15;159;40,47229;-3,67023;NO;8;18;0;0;0;0;No;NO;;;44,14252;0127;159;0127;159;RM159D0127;;;;;;;;
2371;RM159D0128;Centro de trabajo (no administración pública);Privada;Privado;Impernor ;Oficina planta 3;CALLE;GOLFO DE SALÓNICA;27;28033;Madrid;15;159;40,478171;-3,665649;NO;8;18;0;0;0;0;No;NO;;;44,14382;0128;159;0128;159;RM159D0128;;;;;;;;
2378;RM159D0129;Centro de trabajo (no administración pública);Privada;Privado;Musaat;DEA Musaat;CALLE;JAZMÍN;66;28033;Madrid;15;159;40,481905;-3,662965;NO;7;19;0;0;0;0;No;NO;;;44,14487;0129;159;0129;159;RM159D0129;;;;;;;;
3375;RM159D0130;Centro residencial de uso público;Pública;Público;Ministerio de Defensa;Residencia de tropa “Soldado Manuel Llois”. Armada. Ministerio de Defensa;CALLE;ARTURO SORIA;291;28033;Madrid;15;159;40,4761115;-3,6690842;24 horas;;;;;;;;YES;;;44,1451957;0130;159;0130;159;RM159D0130;;;;;;;;
3376;RM159D0131;Centro residencial de uso público;Pública;Público;Ministerio de Defensa;Residencia de tropa “Granadero Martín Álvarez”. Armada. Ministerio de Defensa;CALLE;ARTURO SORIA;291;28033;Madrid;15;159;40,4761115;-3,6690842;24 horas;;;;;;;;YES;;;44,1451957;0131;159;0131;159;RM159D0131;;;;;;;;
2397;RM159D0132;Centro de trabajo (no administración pública);Privada;Privado;Enpresa: Colonial ;DEA Colonial ;CALLE;ARTURO SORIA;336;28033;Madrid;15;159;40,481346;-3,66509;NO;7;22;0;0;0;0;No;NO;;;44,146436;0132;159;0132;159;RM159D0132;;;;;;;;
2400;RM159D0133;Transportes-Metro;Pública;Público;Metro de Madrid;Estación de Metro Pinar de Chamartín;CALLE;ARTURO SORIA;330;28033;Madrid;15;159;40,479963;-3,667016;NO;6;2;6;2;6;2;No;YES;;;44,146979;0133;159;0133;159;RM159D0133;;;;;;;;
3381;RM159D0134;Centro educativo;Pública;Público;Comunidad de Madrid;CEIP Joaquín Turina Edifico despachos, entrada;CALLE;ARTURO SORIA;332;28033;Madrid;15;159;40,4807938;-3,6663631;NO;9;14;0;0;0;0;No;NO;;;44,1471569;0134;159;0134;159;RM159D0134;;;;;;;;
2279;RM159D0135;Centro de trabajo (no administración pública);Privada;Privado;VESTAS EOLICA S.A.U.;Edificio Madroño- Vestas Eólica S.A.U.;CALLE;SERRANO GALVACHE;56;28033;Madrid;15;159;40,47638;-3,67139;NO;7;21;0;0;0;0;No;NO;;;44,14777;0135;159;0135;159;RM159D0135;;;;;;;;
2399;RM159D0136;Viviendas;Privada;Privado;Comunidad de propietarios;DEA Arturo Soria 325;CALLE;ARTURO SORIA;325;28033;Madrid;15;159;40,480057;-3,6677946;24 horas;;;;;;;;YES;;;44,1478516;0136;159;0136;159;RM159D0136;;;;;;;;
2398;RM159D0137;Viviendas;Privada;Privado;Comunidad de propietarios;DEA Comunidad Vecinos Arturo Soria 339;CALLE;ARTURO SORIA;339;28033;Madrid;15;159;40,482517;-3,665708;24 horas;;;;;;;;YES;;;44,148225;0137;159;0137;159;RM159D0137;;;;;;;;
2278;RM159D0138;Centro de trabajo (no administración pública);Privada;Privado;GMP;Edificio GMP;CALLE;SERRANO GALVACHE;56;28033;Madrid;15;159;40,47598;-3,67236;NO;7;21;0;0;0;0;No;NO;;;44,14834;0138;159;0138;159;RM159D0138;;;;;;;;
2280;RM159D0139;Centro de trabajo (no administración pública);Privada;Privado;Elecnor;Edificio Elecnor;CALLE;ARTURO SORIA;343;28033;Madrid;15;159;40,48336;-3,66586;NO;6;22;0;0;0;0;No;NO;;;44,14922;0139;159;0139;159;RM159D0139;;;;;;;;
2385;RM159D0140;Centro deportivo;Privada;Público;Holliday Gym ;DEA Holliday Gym ;CALLE;CONDADO DE TREVIÑO;33;28033;Madrid;15;159;40,480396;-3,669179;NO;7;23;8;14;8;14;No;NO;;;44,149575;0140;159;0140;159;RM159D0140;;;;;;;;
968;RM161D0001;Centro educativo;Privada;Público;Colegio concertado Santa Maria de la Hispanidad;Colegio concertado Santa Maria de la Hispanidad;CALLE;ARMONÍA;22;28042;Madrid;16;161;40,453229;-3,6117037;NO;9;18;0;0;0;0;No;NO;;;44,0649327;0001;161;0001;161;RM161D0001;;;;;;;;
961;RM161D0002;Centro de trabajo (no administración pública);Privada;Privado;AENA AEROPUERTOS;AENA EDIFICIO PIOVERA AZUL;CALLE;PEONÍAS;12;28042;Madrid;16;161;40,4506152;-3,6160715;NO;8;20;0;0;0;0;Sí;YES;;;44,0666867;0002;161;0002;161;RM161D0002;;;;;;;;
964;RM161D0003;Viviendas;Privada;Privado;Comunidad de propietarios calle Peonias 13;Edificio de viviendas privadas;CALLE;PEONÍAS;13;28042;Madrid;16;161;40,4507731;-3,6169367;NO;9;20;0;0;0;0;No;NO;;;44,0677098;0003;161;0003;161;RM161D0003;;;;;;;;
971;RM161D0004;Centro educativo;Privada;Público;Hermanas de la compasion;Colegio de educación especial María Corredentora;CALLE;LUIS DE LA MATA;24;28042;Madrid;16;161;40,4541059;-3,6139501;NO;8;20;0;0;0;0;No;NO;;;44,068056;0004;161;0004;161;RM161D0004;;;;;;;;
979;RM161D0005;Centro educativo;Privada;Público;Colegio Bristol SA;Colegio Bristol la Piovera;CALLE;ENRIQUE DE PRADA;9;28042;Madrid;16;161;40,4546666;-3,6135374;NO;8;19;0;0;0;0;No;NO;;;44,068204;0005;161;0005;161;RM161D0005;;;;;;;;
998;RM161D0006;Centro deportivo;Privada;Público;AQA LOS PRUNOS;Gimnasio AQA los Prunos;AVENIDA;PRUNOS;100;28042;Madrid;16;161;40,4531736;-3,6185487;NO;7;22;9;15;9;15;No;NO;;;44,0717223;0006;161;0006;161;RM161D0006;;;;;;;;
977;RM161D0007;Centro de trabajo (no administración pública);Privada;Privado;VORWERK ESPAÑA;EDIFICIO VORWERK TERMOMIX;AVENIDA;ARROYO DEL SANTO;7;28042;Madrid;16;161;40,4512944;-3,6208058;NO;8;18;0;0;0;0;No;NO;;;44,0721002;0007;161;0007;161;RM161D0007;;;;;;;;
983;RM161D0008;Centro comercial;Privada;Público;El Corte Inglés;Corte Inglés Campo de las Naciones;AVENIDA;ANDES;50;28042;Madrid;16;161;40,456406;-3,6184726;NO;10;21;10;21;11;20;Sí;YES;;;44,0748786;0008;161;0008;161;RM161D0008;;;;;;;;
1326;RM161D0009;Centro de trabajo (no administración pública);Privada;Privado;Banco de Santader;Banco Santander edificio Abelias;CALLE;ABELIAS;1;28042;Madrid;16;161;40,451952;-3,624402;24 horas;;;;;;;;YES;;;44,076354;0009;161;0009;161;RM161D0009;;;;;;;;
2326;RM162D0010;Viviendas;Privada;Privado;Viviendas;Viviendas diagonalmente enfrente del Centro Comercial: Campo de Las Naciones ;CALLE;MAHONIA;3;28043;Madrid;16;162;40,45627518;-3,620232947;24 horas;;;;;;;;YES;;;44,07650813;0010;162;0010;162;RM162D0010;;;;;;;;
992;RM161D0011;Centro de trabajo (no administración pública);Privada;Privado;Banco de Santander;Edificio Banco de Santander;CALLE;ABELIAS;1;28042;Madrid;16;161;40,4514513;-3,6252613;NO;7;19;0;0;0;0;Sí;YES;;;44,0767126;0011;161;0011;161;RM161D0011;;;;;;;;
1114;RM161D0012;Centro de trabajo (no administración pública);Privada;Privado;Banco de Santander;Edificio Banco de Santander;CALLE;ABELIAS;1;28042;Madrid;16;161;40,4515123;-3,6252522;NO;7;18;0;0;0;0;No;NO;;;44,0767645;0012;161;0012;161;RM161D0012;;;;;;;;
989;RM162D0013;Centro de trabajo (no administración pública);Privada;Privado;Edificio Tucuman;Edificio Tucuman;GLORIETA;MAR CARIBE;1;28043;Madrid;16;162;40,4549692;-3,6225529;NO;8;18;0;0;0;0;No;NO;;;44,0775221;0013;162;0013;162;RM162D0013;;;;;;;;
3347;RM162D0014;Viviendas;Privada;Privado;Comunidad de propietarios;En la caseta del portero ;CALLE;JARILLA;9;28043;Madrid;16;162;40,45367665;-3,625976044;24 horas;;;;;;;;YES;;;44,07965269;0014;162;0014;162;RM162D0014;;;;;;;;
3432;RM162D0015;Centro educativo;Privada;Público;Adisli;Adisli;CALLE;DIONISIO INCA YUPANQUI;63;28043;Madrid;16;162;40,4617446;-3,6264667;NO;8;20;0;0;0;0;No;NO;;;44,0882113;0015;162;0015;162;RM162D0015;;;;;;;;
3431;RM162D0016;Centro de trabajo (no administración pública);Privada;Público;Cruz Roja;Cruz Roja Asamblea Local Madrid Norte;CALLE;JOSÉ ÁLVAREZ DE TOLEDO;2;28043;Madrid;16;162;40,4620188;-3,62921863;NO;9;19;0;0;0;0;No;NO;;;44,09123743;0016;162;0016;162;RM162D0016;;;;;;;;
3074;RM163D0017;Viviendas;Privada;Privado;Comunidad de propietarios Silvano 139;Comunidad de propietarios Calle Silvano 139;CALLE;SILVANO;139;28043;Madrid;16;163;40,4627584;-3,6285588;24 horas;;;;;;;;YES;;;44,0913172;0017;163;0017;163;RM163D0017;;;;;;;;
3346;RM163D0018;Centro deportivo;Pública;Público;Ayuntamiento de Madrid;Centro Deportivo Luis Aragonés ;CALLE;EL PROVENCIO;20;28043;Madrid;16;163;40,465299;-3,6284391;NO;9;22;9;22;9;22;No;NO;;;44,0937381;0018;163;0018;163;RM163D0018;;;;;;;;
3083;RM163D0019;Centro deportivo;Pública;Público;Ayuntamiento de Madrid;Centro deportivo Luis Aragonés - Recibidor;CALLE;EL PROVENCIO;20;28043;Madrid;16;163;40,4652675;-3,628485;NO;6;23;8;23;8;23;No;NO;;;44,0937525;0019;163;0019;163;RM163D0019;;;;;;;;
3342;RM163D0020;Otro establecimiento administración pública;Pública;Público;Ayuntamiento de Madrid;Centro de mayores Nuestra Señora del Carmen;CALLE;RAMÓN POWER;24;28043;Madrid;16;163;40,463544;-3,631603;NO;9;19;9;20;9;20;No;NO;;;44,095147;0020;163;0020;163;RM163D0020;;;;;;;;
3343;RM163D0021;Otro;Privada;Privado;Araya;Centro de educación especial ;CALLE;RAMÓN POWER;9;28043;Madrid;16;163;40,46372564;-3,631872558;NO;9;16;0;0;0;0;No;NO;;;44,0955982;0021;163;0021;163;RM163D0021;;;;;;;;
2370;RM163D0022;Otro establecimiento administración pública;Pública;Público;Ayuntamiento de Madrid;Agencia Tributaria Ayuntamiento ;CALLE;RAMÓN POWER;24;28043;Madrid;16;163;40,4635617;-3,6322176;NO;8;17;0;0;0;0;No;NO;;;44,0957793;0022;163;0022;163;RM163D0022;;;;;;;;
760;RM166D0023;Centro educativo;Pública;Público;Comunidad de Madrid;Colegio Nuria Espert;CALLE;FERNANDO HIGUERAS;13;28055;Madrid;16;166;40,486374;-3,610602;NO;7;18;0;0;0;0;No;NO;;;44,096976;0023;166;0023;166;RM166D0023;;;;;;;;
2364;RM163D0024;Centro educativo;Pública;Público;Ayuntamiento de Madrid;EEI Gran Vía ;CALLE;SILVANO;77;28043;Madrid;16;163;40,4627886;-3,6344442;NO;8;17;0;0;0;0;No;NO;;;44,0972328;0024;163;0024;163;RM163D0024;;;;;;;;
857;RM166D0025;Hotel, hostal, alojamiento;Privada;Público;Media Hoteles ;Melia;CALLE;JOSÉ ANTONIO FERNÁNDEZ ORDÓÑEZ;55;28055;Madrid;16;166;40,49158149;-3,605687092;24 horas;;;;;;;;YES;;;44,09726858;0025;166;0025;166;RM166D0025;;;;;;;;
3077;RM166D0026;Otro establecimiento administración pública;Pública;Privado;Ayuntamiento de Madrid;"Cantón de limpieza; Edificio administración ";CALLE;TOMÁS REDONDO;8;28033;Madrid;16;166;40,4700017;-3,627485;24 horas;;;;;;;;YES;;;44,0974867;0026;166;0026;166;RM166D0026;;;;;;;;
757;RM166D0027;Viviendas;Privada;Privado;Comunidad de propietarios;Fernando higueras ;CALLE;FERNANDO HIGUERAS;15-27;28055;Madrid;16;166;40,486382;-3,6119437;24 horas;;;;;;;;YES;;;44,0983257;0027;166;0027;166;RM166D0027;;;;;;;;
3076;RM163D0028;Centro educativo;Pública;Público;Comunidad de Madrid;CEIP Rosalía De Castro ;CALLE;MOTILLA DEL PALANCAR;13;28043;Madrid;16;163;40,46534844;-3,633303222;NO;8;17;0;0;0;0;No;NO;;;44,09865166;0028;163;0028;163;RM163D0028;;;;;;;;
3344;RM163D0029;Centro educativo;Pública;Público;Comunidad de Madrid;Colegio Ramón Pérez de Ayala;CALLE;MOTILLA DEL PALANCAR;19;28043;Madrid;16;163;40,46589996;-3,63294274;NO;8;17;0;0;0;0;No;NO;;;44,0988427;0029;163;0029;163;RM163D0029;;;;;;;;
2393;RM163D0030;Centro comercial;Privada;Público;CC Palacio de hielo;CC Palacio de hielo;CALLE;SILVANO;77;28043;Madrid;16;163;40,4627855;-3,6366946;NO;10;2;10;2;10;2;No;NO;;;44,0994801;0030;163;0030;163;RM163D0030;;;;;;;;
3345;RM162D0031;Centro educativo;Privada;Público;Brains International Schools;Colegio Brains Hortaleza;CALLE;FRASCUELO;2;28043;Madrid;16;162;40,45449884;-3,645207205;NO;8;18;0;0;0;0;No;NO;;;44,09970605;0031;162;0031;162;RM162D0031;;;;;;;;
764;RM166D0032;Viviendas;Privada;Privado;Vivienda ;Vivienda ;CALLE;MARÍA REICHE;15;28055;Madrid;16;166;40,4877641;-3,6122174;24 horas;;;;;;;;YES;;;44,0999815;0032;166;0032;166;RM166D0032;;;;;;;;
3433;RM162D0033;Centro educativo;Privada;Público;Colegio Madrid Fundación Santa María;Colegio Madrid Fundación Santa María;RONDA;SOBRADIEL;80;28043;Madrid;16;162;40,4533763;-3,64660618;NO;9;18;0;0;0;0;No;NO;;;44,09998248;0033;162;0033;162;RM162D0033;;;;;;;;
2328;RM162D0034;Viviendas;Privada;Privado;Viviendas ;Viviendas y oficinas arquitectos;AVENIDA;MADROÑOS;27;28043;Madrid;16;162;40,45599918;-3,644337019;24 horas;;;;;;;;YES;;;44,1003362;0034;162;0034;162;RM162D0034;;;;;;;;
3434;RM162D0035;Centro deportivo;Privada;Público;Club Deportivo Colegio Fundación Santa María;Club Deportivo Colegio Fundación Santa María;CALLE;JOSELITO;S/N;28043;Madrid;16;162;40,4544454;-3,6459165;NO;16;20;0;0;0;0;No;NO;;;44,1003619;0035;162;0035;162;RM162D0035;;;;;;;;
2384;RM162D0036;Transportes-Metro;Pública;Público;Metro de Madrid;Estación de Metro Canillas;AVENIDA;MACHUPICHU;S/N;28043;Madrid;16;162;40,4651136;-3,6354376;NO;6;2;6;2;6;2;No;YES;;;44,1005512;0036;162;0036;162;RM162D0036;;;;;;;;
3071;RM163D0037;Viviendas;Privada;Privado;Comunidad de propietarios Plaza Patricia Aguado 3;Comunidad de propietarios Plaza Patricia Aguado 3;PLAZA;PATRICIO AGUADO;3;28043;Madrid;16;163;40,46426;-3,636447;24 horas;;;;;;;;YES;;;44,100707;0037;163;0037;163;RM163D0037;;;;;;;;
2388;RM163D0038;Centro deportivo;Pública;Público;centro deportivo ;Palacio de Hielo;CALLE;SILVANO;77;28043;Madrid;16;163;40,4630437;-3,638039;NO;18;21;13;21;13;21;No;NO;;;44,1010827;0038;163;0038;163;RM163D0038;;;;;;;;
2390;RM163D0039;Centro comercial;Privada;Público;Cines mk2;Cines mk2;CALLE;SILVANO;77;28043;Madrid;16;163;40,4630437;-3,638039;NO;3;1;3;1;3;1;No;NO;;;44,1010827;0039;163;0039;163;RM163D0039;;;;;;;;
2392;RM162D0040;Centro deportivo;Privada;Público;We on CC Palacio de Hielo;Gimnasio We on CC Palacio de Hielo;CALLE;SILVANO;78;28043;Madrid;16;162;40,4630437;-3,638039;NO;7;22;8;21;8;8;No;NO;;;44,1010827;0040;162;0040;162;RM162D0040;;;;;;;;
3428;RM163D0041;Centro educativo;Pública;Público;Colegio Garcilaso de la Vega;Colegio Garcilaso de la Vega;CALLE;TREFACIO;18;28043;Madrid;16;163;40,46697;-3,6342386;NO;9;14;0;0;0;0;No;NO;;;44,1012086;0041;163;0041;163;RM163D0041;;;;;;;;
3088;RM163D0042;Centro deportivo;Privada;Público;GEA Crossfit;Gimnasio Gea Crossfit ;CALLE;SICÉLIDAS;10;28043;Madrid;16;163;40,4634337;-3,6377815;NO;7;22;10;13;0;0;No;NO;;;44,1012152;0042;163;0042;163;RM163D0042;;;;;;;;
779;RM166D0043;Viviendas;Privada;Privado;Comunidad de propietarios;CV;AVENIDA;JUAN ANTONIO SAMARANCH;67;28055;Madrid;16;166;40,490667;-3,610957;24 horas;;;;;;;;YES;;;44,101624;0043;166;0043;166;RM166D0043;;;;;;;;
3090;RM163D0044;Centro educativo;Pública;Público;Colegio concertado Santa Francisca Javier Cabrini - PATIO;Colegio concertado Santa Francisca Javier Cabrini - PATIO;CALLE;SANTA FRANCISCA JAVIER CABRINI;2;28043;Madrid;16;163;40,4643056;-3,6374466;NO;7;19;0;0;0;0;No;NO;;;44,1017522;0044;163;0044;163;RM163D0044;;;;;;;;
3091;RM163D0045;Centro educativo;Privada;Público;Colegio concertado Santa Francisca Javier Cabrini - ALMACÉN MATERIAL;Colegio concertado Santa Francisca Javier Cabrini - ALMACÉN MATERIAL;CALLE;SANTA FRANCISCA JAVIER CABRINI;2;28043;Madrid;16;163;40,4643056;-3,6374466;NO;9;19;0;0;0;0;No;NO;;;44,1017522;0045;163;0045;163;RM163D0045;;;;;;;;
768;RM166D0046;Viviendas;Privada;Privado;Comunidad de propietarios;El retiro de Valdebebas ;CALLE;MARÍA REICHE;2;28055;Madrid;16;166;40,488303;-3,6135035;24 horas;;;;;;;;YES;;;44,1018065;0046;166;0046;166;RM166D0046;;;;;;;;
2226;RM163D0047;Viviendas;Privada;Privado;Cominidad de propietarios Alcorisa 41;Edificio de viviendas;CALLE;ALCORISA;41;28043;Madrid;16;163;40,46222364;-3,639607751;24 horas;;;;;;;;YES;;;44,10183139;0047;163;0047;163;RM163D0047;;;;;;;;
2330;RM163D0048;Centro educativo;Privada;Público;Colegio S.F.J. Cabrini;Colegio S.F.J. Cabrini;CALLE;SANTA FRANCISCA JAVIER CABRINI;2;28043;Madrid;16;163;40,464273;-3,637716;NO;8;18;0;0;0;0;No;NO;;;44,101989;0048;163;0048;163;RM163D0048;;;;;;;;
3078;RM164D0049;Otro establecimiento administración pública;Pública;Público;Comité olímpico español;Comité olímpico español;CALLE;AREQUIPA;13;28043;Madrid;16;164;40,4689652;-3,633548;24 horas;;;;;;;;YES;;;44,1025132;0049;164;0049;164;RM164D0049;;;;;;;;
3086;RM163D0050;Otro;Privada;Público;Sanitas;Sanitas centro dental;CALLE;TIBERÍADES;6;28043;Madrid;16;163;40,46565239;-3,637009873;NO;9;21;9;14;0;0;No;NO;;;44,10266226;0050;163;0050;163;RM163D0050;;;;;;;;
3430;RM163D0051;Centro deportivo;Privada;Público;Asociación Deportiva Esperanza;Campo Fútbol Asociación Deportiva Esperanza;CALLE;ANDORRA;28;28043;Madrid;16;163;40,4600559;-3,6428793;NO;17;22;10;22;10;22;No;NO;;;44,1029352;0051;163;0051;163;RM163D0051;;;;;;;;
781;RM166D0052;Viviendas;Privada;Privado;Comunidad de propietarios;CV Mercedes de Borbón ;CALLE;MARÍA DE LAS MERCEDES DE BORBÓN;90;28055;Madrid;16;166;40,491766;-3,612029;24 horas;;;;;;;;YES;;;44,103795;0052;166;0052;166;RM166D0052;;;;;;;;
2214;RM163D0053;Centro de trabajo (no administración pública);Privada;Privado;Mas Orange;Edificio de oficinas ;CALLE;ULISES;99;28043;Madrid;16;163;40,45852288;-3,64574106;24 horas;;;;;;;;YES;;;44,10426394;0053;163;0053;163;RM163D0053;;;;;;;;
2116;RM166D0054;Centro de trabajo (no administración pública);Privada;Privado;Iberdrola;Edificio grande;CALLE;TOMÁS REDONDO;1;28033;Madrid;16;166;40,47311626;-3,631276359;NO;7;21;0;0;0;0;Sí;YES;;;44,10439262;0054;166;0054;166;RM166D0054;;;;;;;;
2118;RM166D0055;Centro de trabajo (no administración pública);Privada;Privado;Iberdrola;Edificio grande;CALLE;TOMÁS REDONDO;1;28033;Madrid;16;166;40,47311626;-3,631276359;NO;7;21;0;0;0;0;Sí;YES;;;44,10439262;0055;166;0055;166;RM166D0055;;;;;;;;
2236;RM163D0056;Transportes-Metro;Pública;Público;Metro de Madrid;Estación de Metro Esperanza;CALLE;ANDORRA;41;28043;Madrid;16;163;40,45955833;-3,64584533;NO;6;2;6;2;6;2;No;YES;;;44,10540366;0056;163;0056;163;RM163D0056;;;;;;;;
2870;RM163D0057;Transportes-Metro;Pública;Público;Metro de Madrid;Estación de Metro Esperanza;CALLE;ANDORRA;51;28043;Madrid;16;163;40,459617;-3,645859;NO;6;2;6;2;6;2;No;YES;;;44,105476;0057;163;0057;163;RM163D0057;;;;;;;;
3084;RM163D0058;Viviendas;Privada;Privado;Comunidad de propietarios;Calle de los Emigrantes 13 Piso 5;CALLE;LOS EMIGRANTES;13;28043;Madrid;16;163;40,46767476;-3,637854692;NO;0;0;0;0;0;0;Sí;YES;;;44,10552945;0058;163;0058;163;RM163D0058;;;;;;;;
3085;RM163D0059;Viviendas;Privada;Privado;Comunidad de propietarios;Comunidad de vecinos Calle Los Emigrantes 13 - GARAJE;CALLE;LOS EMIGRANTES;13;28043;Madrid;16;163;40,46767476;-3,637854692;NO;0;0;0;0;0;0;No;NO;;;44,10552945;0059;163;0059;163;RM163D0059;;;;;;;;
2323;RM162D0060;Centro residencial de uso público;Privada;Público;Caser;Caser residencial;CALLE;PUERTO DE SANTA MARÍA;15;28043;Madrid;16;162;40,45419313;-3,651525607;24 horas;;;;;;;;YES;;;44,10571874;0060;162;0060;162;RM162D0060;;;;;;;;
2069;RM164D0061;Centro educativo;Pública;Público;Comunidad de Madrid;IES Gabriel García Márquez;CALLE;NEVADO DEL RUIZ;1;28033;Madrid;16;164;40,47013768;-3,63558951;NO;8;19;0;0;0;0;No;NO;;;44,10572719;0061;164;0061;164;RM164D0061;;;;;;;;
3087;RM163D0062;Viviendas;Privada;Privado;Comunidad de propietarios;Comunidad de vecinos calle Torquemada 28 - PISO 5;CALLE;TORQUEMADA;28;28043;Madrid;16;163;40,468033;-3,6379072;NO;0;0;0;0;0;0;Sí;YES;;;44,1059402;0062;163;0062;163;RM163D0062;;;;;;;;
3081;RM166D0063;Centro de trabajo (no administración pública);Privada;Privado;Edificio Trianon ;Edificio Trianon ;CALLE;TOMÁS REDONDO;8;28033;Madrid;16;166;40,474492;-3,631834;24 horas;;;;;;;;YES;;;44,106326;0063;166;0063;166;RM166D0063;;;;;;;;
3082;RM166D0064;Centro de trabajo (no administración pública);Privada;Privado;Avoris;Edificio A;CALLE;VÍA DE LOS POBLADOS;13;28033;Madrid;16;166;40,474567;-3,631806;NO;8;8;0;0;0;0;No;NO;;;44,106373;0064;166;0064;166;RM166D0064;;;;;;;;
3089;RM166D0065;Centro de trabajo (no administración pública);Privada;Privado;Merlin;Parque Empresarial Cristalia ;CALLE;VÍA DE LOS POBLADOS;3;28033;Madrid;16;166;40,474598;-3,631831;NO;8;22;0;0;0;0;No;NO;;;44,106429;0065;166;0065;166;RM166D0065;;;;;;;;
2228;RM163D0066;Centro educativo;Pública;Público;Comunidad de Madrid;Instituto Conde de Orgaz;CALLE;NÁPOLES;56;28043;Madrid;16;163;40,45980575;-3,646708699;NO;9;21;0;0;0;0;No;NO;;;44,10651445;0066;163;0066;163;RM163D0066;;;;;;;;
2220;RM163D0067;Centro de trabajo (no administración pública);Privada;Privado;GROW  Agencia de publicidad;GROW;CALLE;MILÁN;36;28043;Madrid;16;163;40,45882676;-3,647784389;NO;9;21;0;0;0;0;No;NO;;;44,10661115;0067;163;0067;163;RM163D0067;;;;;;;;
782;RM166D0068;Viviendas;Privada;Privado;Comunidad de propietarios;CV;CALLE;MARÍA DE LAS MERCEDES DE BORBÓN;120;28055;Madrid;16;166;40,492942;-3,613699;24 horas;;;;;;;;YES;;;44,106641;0068;166;0068;166;RM166D0068;;;;;;;;
2867;RM163D0069;Centro educativo;Pública;Público;Comunidad de Madrid;CEIP La Esperanza;CALLE;ANDORRA;12;28043;Madrid;16;163;40,461162;-3,645825;NO;8;17;0;0;0;0;No;NO;;;44,106987;0069;163;0069;163;RM163D0069;;;;;;;;
770;RM166D0070;Viviendas;Privada;Privado;Comunidad de propietarios;Comunidad vecinos ;CALLE;FRANCISCO UMBRAL;61;28055;Madrid;16;166;40,481125;-3,62623;NO;9;14;0;0;0;0;No;NO;;;44,107355;0070;166;0070;166;RM166D0070;;;;;;;;
2382;RM163D0071;Transportes-Metro;Pública;Público;Metro de Madrid;Estación de Metro Mar de Cristal;CALLE;LOS EMIGRANTES;S/N;28043;Madrid;16;163;40,4689564;-3,6384094;NO;6;2;6;2;6;2;No;YES;;;44,1073658;0071;163;0071;163;RM163D0071;;;;;;;;
2230;RM163D0072;Centro educativo;Pública;Público;Comunidad de Madrid;CEPA Pablo Guzmán;CALLE;ANDORRA;19;28043;Madrid;16;163;40,46205606;-3,645444635;NO;9;22;0;0;0;0;No;NO;;;44,1075007;0072;163;0072;163;RM163D0072;;;;;;;;
2075;RM164D0073;Centro educativo;Pública;Público;Comunidad de Madrid;CEIP Dionisio Ridruejo;CALLE;ZIPAQUIRA;14;28033;Madrid;16;164;40,47299039;-3,63451193;NO;9;14;0;0;0;0;No;NO;;;44,10750232;0073;164;0073;164;RM164D0073;;;;;;;;
907;RM166D0074;Viviendas;Privada;Privado;Comunidad de propietarios secundino zuazo ;Secundino Zuazo 111-115;AVENIDA;SECUNDINO ZUAZO;111-115;28055;Madrid;16;166;40,495531;-3,612513;24 horas;;;;;;;;YES;;;44,108044;0074;166;0074;166;RM166D0074;;;;;;;;
2072;RM164D0075;Centro comercial;Privada;Público;CC Colombia;Centro Comercial;AVENIDA;BUCARAMANGA;2;28033;Madrid;16;164;40,47209938;-3,635997211;NO;9;21;9;21;10;14;No;NO;;;44,10809659;0075;164;0075;164;RM164D0075;;;;;;;;
2215;RM163D0076;Otro establecimiento administración pública;Pública;Público;Ayuntamiento de Madrid;CMM NUESTRA SEÑORA DE LA MERDED CAFETERÍA;PLAZA;NUESTRA SEÑORA DEL TRÁNSITO;12;28043;Madrid;16;163;40,46003099;-3,648314916;NO;9;20;10;20;10;14;No;NO;;;44,10834591;0076;163;0076;163;RM163D0076;;;;;;;;
783;RM166D0077;Centro educativo;Privada;Público;Colegio Gredos San Diego Valdebebas;Gredos San Diego Valdebebas ;CALLE;LEANDRO SILVA;10;28055;Madrid;16;166;40,497556;-3,610803;NO;7;21;0;0;0;0;No;NO;;;44,108359;0077;166;0077;166;RM166D0077;;;;;;;;
3106;RM164D0078;Centro comercial;Privada;Público;Carrefour;Carrefour centro comercial Gran Via de Hortaleza;AVENIDA;GRAN VÍA DE HORTALEZA;S/N;28043;Madrid;16;164;40,46946;-3,638971;NO;9;22;9;22;9;22;No;NO;;;44,108431;0078;164;0078;164;RM164D0078;;;;;;;;
2366;RM163D0079;Otro establecimiento administración pública;Pública;Público;Ayuntamiento de Madrid;Centro de Servicios Sociales Concepción Arenal;CALLE;JAVIER DEL QUINTO;12;28043;Madrid;16;163;40,4666245;-3,6422313;NO;9;19;0;0;0;0;No;NO;;;44,1088558;0079;163;0079;163;RM163D0079;;;;;;;;
769;RM166D0080;Centro educativo;Privada;Público;Ayuntamiento de Madrid;Escuela infantil doña Francisquita ;CALLE;CAMBADOS;1;28055;Madrid;16;166;40,478659;-3,63029;NO;8;17;0;0;0;0;No;NO;;;44,108949;0080;166;0080;166;RM166D0080;;;;;;;;
902;RM166D0081;Centro deportivo;Privada;Público;Gimnasio fitboxing;Fitboxing brooklin;CALLE;JOSEFINA ALDECOA;13;28055;Madrid;16;166;40,494471;-3,614582;NO;7;21;10;13;0;0;No;NO;;;44,109053;0081;166;0081;166;RM166D0081;;;;;;;;
906;RM166D0082;Viviendas;Privada;Privado;Comunid propietarios Josefina Aldecoa;Josefina Aldecoa 13 gimnasio;CALLE;JOSEFINA ALDECOA;13;28055;Madrid;16;166;40,494552;-3,61457;NO;8;20;8;20;8;20;No;NO;;;44,109122;0082;166;0082;166;RM166D0082;;;;;;;;
2174;RM163D0083;Centro educativo;Pública;Público;Comunidad de Madrid;CEP Princesa Sofía ;CARRETERA;CANILLAS;51;28043;Madrid;16;163;40,46413025;-3,645063451;NO;9;16;0;0;0;0;No;NO;;;44,1091937;0083;163;0083;163;RM163D0083;;;;;;;;
909;RM166D0084;Viviendas;Privada;Privado;Comunidad de propietarios Secundino Zuazo ;Secundinl Zuazo 96-106;AVENIDA;SECUNDINO ZUAZO;96-106;28055;Madrid;16;166;40,495426;-3,6138801;NO;7;18;7;18;7;18;No;NO;;;44,1093061;0084;166;0084;166;RM166D0084;;;;;;;;
895;RM166D0085;Viviendas;Privada;Privado;Comunidad de propietarios Maria de lasMercedes de Borbon 162-174;Maria de lasMercedes de Borbon 162-174;CALLE;MARÍA DE LAS MERCEDES DE BORBÓN;162-174;28055;Madrid;16;166;40,493026;-3,616797;24 horas;;;;;;;;YES;;;44,109823;0085;166;0085;166;RM166D0085;;;;;;;;
913;RM166D0086;Viviendas;Privada;Privado;Comunidad de propietarios josefina aldecoa 40-46; josefina aldecoa 40-46;CALLE;JOSEFINA ALDECOA;40-46;28055;Madrid;16;166;40,496024;-3,613956;NO;7;18;7;18;7;18;No;NO;;;44,10998;0086;166;0086;166;RM166D0086;;;;;;;;
2375;RM164D0087;Centro comercial;Privada;Público;CC Gran Vía Hortaleza;CC Gran Vía Hortaleza;CALLE;AYACUCHO;S/N;28043;Madrid;16;164;40,469791;-3,640489;NO;9;22;9;22;9;22;No;NO;;;44,11028;0087;164;0087;164;RM164D0087;;;;;;;;
2376;RM164D0088;Centro comercial;Privada;Público;Dental Star;Dental Star;CALLE;AREQUIPA;S/N;28043;Madrid;16;164;40,469791;-3,640489;NO;10;21;10;21;0;0;No;NO;;;44,11028;0088;164;0088;164;RM164D0088;;;;;;;;
2221;RM163D0089;Centro comercial;Privada;Público;UNIDE y Varios;Mercado UNIDE;CALLE;VALDECALERAS;3;28043;Madrid;16;163;40,46389535;-3,646795101;NO;9;22;9;22;0;0;No;NO;;;44,11069045;0089;163;0089;163;RM163D0089;;;;;;;;
2223;RM163D0090;Centro educativo;Pública;Público;Comunidad de Madrid;Centro de formación Rosa de Lima;CALLE;VALDECALERAS;3;28043;Madrid;16;163;40,46389535;-3,646795101;NO;9;22;0;0;0;0;No;NO;;;44,11069045;0090;163;0090;163;RM163D0090;;;;;;;;
2218;RM163D0091;Otro establecimiento administración pública;Pública;Público;Administración Pública;Espacio de Igualdad;CALLE;MATAPOZUELOS;2;28043;Madrid;16;163;40,461095;-3,649906;NO;9;21;9;21;9;21;No;NO;;;44,111001;0091;163;0091;163;RM163D0091;;;;;;;;
2234;RM164D0092;Centro comercial;Privada;Público;CC Gran Vía Hortaleza;Centro Comercial Carrefour Gran Vía de Hortaleza;CALLE;AREQUIPA;1;28043;Madrid;16;164;40,46947299;-3,641752654;NO;9;22;9;22;9;22;No;NO;;;44,11122564;0092;164;0092;164;RM164D0092;;;;;;;;
883;RM166D0093;Viviendas;Privada;Privado; Comunidad propietarios;Comunidad propietarios ;CALLE;LUIS MOYA BLANCO;19;28055;Madrid;16;166;40,495098;-3,616309;24 horas;;;;;;;;YES;;;44,111407;0093;166;0093;166;RM166D0093;;;;;;;;
2381;RM164D0094;Centro de trabajo (no administración pública);Privada;Privado;Empresa;Edificio de oficinas Mar de Cristal;CALLE;AREQUIPA;1;28043;Madrid;16;164;40,4694789;-3,64201;NO;8;20;0;0;0;0;No;NO;;;44,1114889;0094;164;0094;164;RM164D0094;;;;;;;;
882;RM166D0095;Viviendas;Privada;Privado;Comunidad de propietarios secundino zuazo 75;Secundino zuazo 75;AVENIDA;SECUNDINO ZUAZO;75;28055;Madrid;16;166;40,495779;-3,61635;24 horas;;;;;;;;YES;;;44,112129;0095;166;0095;166;RM166D0095;;;;;;;;
871;RM166D0096;Viviendas;Privada;Privado;Comunidad de propietarios calle de Fina Calderon 18;Calle Fina Calderon;CALLE;FINA DE CALDERÓN;18;28055;Madrid;16;166;40,494381;-3,617839;NO;7;19;7;19;7;19;No;NO;;;44,11222;0096;166;0096;166;RM166D0096;;;;;;;;
2100;RM166D0097;Centro de trabajo (no administración pública);Privada;Privado;Edificio F, ING;Edificio F;CALLE;VÍA DE LOS POBLADOS;1;28033;Madrid;16;166;40,47652348;-3,635873877;24 horas;;;;;;;;YES;;;44,11239736;0097;166;0097;166;RM166D0097;;;;;;;;
2103;RM166D0098;Centro de trabajo (no administración pública);Privada;Privado;Empresas;Edificio E;CALLE;VÍA DE LOS POBLADOS;1;28033;Madrid;16;166;40,47652348;-3,635873877;24 horas;;;;;;;;YES;;;44,11239736;0098;166;0098;166;RM166D0098;;;;;;;;
2094;RM166D0099;Centro de trabajo (no administración pública);Privada;Privado;Parque empresarial Alvento;Edificio A;CALLE;VÍA DE LOS POBLADOS;1;28033;Madrid;16;166;40,47665925;-3,635757183;24 horas;;;;;;;;YES;;;44,11241643;0099;166;0099;166;RM166D0099;;;;;;;;
889;RM166D0100;Viviendas;Privada;Privado;Comunidad de propietarios Luis Moya Blanco 36;Luis Moya Blanco 32-44;CALLE;LUIS MOYA BLANCO;32-44;28055;Madrid;16;166;40,496402;-3,616061;24 horas;;;;;;;;YES;;;44,112463;0100;166;0100;166;RM166D0100;;;;;;;;
915;RM166D0101;Viviendas;Privada;Privado;Comunidad de propietarios  josefina aldecoa 78-82; josefina aldecoa 78-82;CALLE;JOSEFINA ALDECOA;78-82;28055;Madrid;16;166;40,498766;-3,613952;NO;9;20;9;20;9;20;No;NO;;;44,112718;0101;166;0101;166;RM166D0101;;;;;;;;
2246;RM164D0102;Otro establecimiento administración pública;Pública;Público;Ayuntamiento de Madrid;Centro Municipal de Mayores Bucaramanga;AVENIDA;BARRANQUILLA;1;28033;Madrid;16;164;40,472785;-3,639981;NO;9;20;10;20;10;14;No;NO;;;44,112766;0102;164;0102;164;RM164D0102;;;;;;;;
858;RM166D0103;Viviendas;Privada;Privado;Cvecinos habitaqua II;Habitaqua II;CALLE;FINA DE CALDERÓN;19-23;28055;Madrid;16;166;40,494861;-3,618333;NO;7;23;7;23;7;23;No;NO;;;44,113194;0103;166;0103;166;RM166D0103;;;;;;;;
862;RM166D0104;Viviendas;Privada;Privado;Comunidad de propietarios;Manuel Gutierrez Mellado;CALLE;MANUEL GUTIÉRREZ MELLADO;11;28055;Madrid;16;166;40,493744;-3,620203;24 horas;;;;;;;;YES;;;44,113947;0104;166;0104;166;RM166D0104;;;;;;;;
2241;RM164D0105;Transportes-Metro;Pública;Público;Metro de Madrid;Estación de Metro San Lorenzo;AVENIDA;BARRANQUILLA;11;28033;Madrid;16;164;40,47454826;-3,63954773;NO;6;2;6;2;6;2;No;YES;;;44,11409599;0105;164;0105;164;RM164D0105;;;;;;;;
898;RM166D0106;Viviendas;Privada;Privado;Comunidad de propietarios Maria de lasMercedes de Borbon  228-236;Maria de lasMercedes de Borbon 228-236;CALLE;MARÍA DE LAS MERCEDES DE BORBÓN;228-236;28055;Madrid;16;166;40,493019;-3,621265;NO;9;21;9;21;9;21;No;NO;;;44,114284;0106;166;0106;166;RM166D0106;;;;;;;;
2863;RM163D0107;Centro educativo;Pública;Público;Comunidad de Madrid;IES Francisco Tomás y Valiente;CALLE;AGUSTÍN CALVO;3;28043;Madrid;16;163;40,463964;-3,6507272;NO;8;21;0;0;0;0;No;NO;;;44,1146912;0107;163;0107;163;RM163D0107;;;;;;;;
2864;RM163D0108;Centro educativo;Pública;Público;Comunidad de Madrid;CEIP Luis Cernuda;CALLE;CARRIL DEL CONDE;64;28043;Madrid;16;163;40,4613157;-3,653518;NO;8;20;0;0;0;0;No;NO;NOT VALID-DUPLICATED;it was RM163D0108 iqual to RM163D0109;44,1148337;0108;163;0108;163;RM163D0108;;;;;;;;
2865;RM163D0109;Centro educativo;Pública;Público;Comunidad de Madrid;CEIP Luis Cernuda;CALLE;CARRIL DEL CONDE;64;28043;Madrid;16;163;40,4613157;-3,653518;NO;8;20;0;0;0;0;No;NO;;;44,1148337;0109;163;0109;163;RM163D0109;;;;;;;;
2855;RM163D0110;Otro establecimiento administración pública;Pública;Público;Ayuntamiento de Madrid;Centro Cultural Carril del Conde;CALLE;CARRIL DEL CONDE;57;28043;Madrid;16;163;40,4607277;-3,6545493;NO;9;21;0;0;0;0;No;NO;;;44,115277;0110;163;0110;163;RM163D0110;;;;;;;;
2849;RM163D0111;Otro establecimiento administración pública;Pública;Público;Comunidad de Madrid;Centro Base 5 Personas con Discapacidad;CALLE;AGUSTÍN CALVO;4;28043;Madrid;16;163;40,463905;-3,651408;NO;9;14;0;0;0;0;No;NO;;;44,115313;0111;163;0111;163;RM163D0111;;;;;;;;
2862;RM163D0112;Otro establecimiento administración pública;Pública;Público;Ayuntamiento de Madrid;Centro Cultural Federico Chueca;CALLE;BENITA ÁVILA;23;28043;Madrid;16;163;40,465014;-3,650517;NO;8;21;0;0;0;0;No;NO;;;44,115531;0112;163;0112;163;RM163D0112;;;;;;;;
918;RM166D0113;Centro educativo;Pública;Público;Comunidad de Madrid;Colegio Alfredo Di stefano;CALLE;MANUEL GUTIÉRREZ MELLADO;34;28055;Madrid;16;166;40,495919;-3,619839;NO;8;17;0;0;0;0;No;NO;;;44,115758;0113;166;0113;166;RM166D0113;;;;;;;;
2252;RM164D0114;Centro educativo;Pública;Público;Comunidad de Madrid;CEPA Hortaleza-Mar Amarillo;CALLE;MAR AMARILLO;21;28033;Madrid;16;164;40,47477488;-3,641012719;NO;8;22;0;0;0;0;No;NO;;;44,1157876;0114;164;0114;164;RM164D0114;;;;;;;;
2256;RM164D0115;Centro educativo;Pública;Público;Colegio Virgen Milagrosa (FEyE);Colegio Virgen Milagrosa (FEyE);CALLE;CALVO SOTELO;3;28033;Madrid;16;164;40,47555015;-3,640831341;NO;8;17;0;0;0;0;No;NO;;;44,11638149;0115;164;0115;164;RM164D0115;;;;;;;;
2170;RM164D0116;Transportes-Metro;Pública;Público;Metro de Madrid;Estación de Metro Pinar del Rey;AVENIDA;GRAN VÍA DE HORTALEZA;47;28043;Madrid;16;164;40,46814844;-3,648251417;NO;6;2;6;2;6;2;No;YES;;;44,11639986;0116;164;0116;164;RM164D0116;;;;;;;;
872;RM166D0117;Viviendas;Privada;Privado;Comunidad de propietarios;Complejo Adhara;CALLE;MANUEL GUTIÉRREZ MELLADO;41;28055;Madrid;16;166;40,497426;-3,62009;24 horas;;;;;;;;YES;;;44,117516;0117;166;0117;166;RM166D0117;;;;;;;;
2166;RM164D0118;Centro educativo;Pública;Público;Comunidad de Madrid;CEIP Pablo Picasso;CALLE;ÁNGEL LUIS DE LA HERRÁN;35;28043;Madrid;16;164;40,47076725;-3,647144142;NO;9;17;0;0;0;0;No;NO;;;44,11791139;0118;164;0118;164;RM164D0118;;;;;;;;
2219;RM164D0119;Centro residencial de uso público;Pública;Público;Residencia Los Nogales;Residencia Los Nogales Hortaleza;CALLE;ALCOBENDAS;12;28033;Madrid;16;164;40,47587679;-3,642037772;24 horas;;;;;;;;YES;;;44,11791456;0119;164;0119;164;RM164D0119;;;;;;;;
2224;RM164D0120;Otro establecimiento administración pública;Pública;Público;Centro cultural CAM;Centro Cultural Hortaleza ;CALLE;SANTA VIRGILIA;15;28033;Madrid;16;164;40,47691309;-3,641988657;NO;10;22;10;22;10;22;No;NO;;;44,11890175;0120;164;0120;164;RM164D0120;;;;;;;;
2852;RM163D0121;Centro educativo;Privada;Público;Colegio Ramon y Cajal;Colegio Ramon y Cajal;CALLE;LÓPEZ DE HOYOS;386;28043;Madrid;16;163;40,461326;-3,65887;NO;8;18;0;0;0;0;No;NO;;;44,120196;0121;163;0121;163;RM163D0121;;;;;;;;
2859;RM163D0122;Otro establecimiento administración pública;Pública;Público;Ayuntamiento de Madrid;Junta Distrito Hortaleza;CARRETERA;CANILLAS;2;28043;Madrid;16;163;40,463002;-3,657302;NO;7;18;0;0;0;0;No;NO;;;44,120304;0122;163;0122;163;RM163D0122;;;;;;;;
2861;RM163D0123;Otro establecimiento administración pública;Pública;Público;Ayuntamiento de Madrid;Junta Distrito Hortaleza;CARRETERA;CANILLAS;2;28043;Madrid;16;163;40,463002;-3,657302;NO;7;18;0;0;0;0;No;NO;;;44,120304;0123;163;0123;163;RM163D0123;;;;;;;;
2848;RM163D0124;Otro;Privada;Público;Iglesia Evangélica Cristo Vive;Iglesia Evangélica Cristo Vive;AVENIDA;GRAN VÍA DE HORTALEZA;30;28043;Madrid;16;163;40,4667148;-3,6536874;NO;11;20;0;0;0;0;No;NO;;;44,1204022;0124;163;0124;163;RM163D0124;;;;;;;;
2853;RM163D0125;Otro establecimiento administración pública;Pública;Público;Ayuntamiento de Madrid;Centro de Mayores Pinar del Rey;CALLE;LÓPEZ DE HOYOS;329;28043;Madrid;16;163;40,465753;-3,655332;NO;8;20;10;14;0;0;No;NO;;;44,121085;0125;163;0125;163;RM163D0125;;;;;;;;
2285;RM164D0126;Otro establecimiento administración pública;Pública;Público;Ayuntamiento de Madrid;Centro Municipal Mayores Huerta de la Salud SALÓN DE JUEGOS-CAFETERIA;CALLE;SANTA VIRGILIA;4;28033;Madrid;16;164;40,475927;-3,645289;NO;10;20;10;20;0;0;No;NO;;;44,121216;0126;164;0126;164;RM164D0126;;;;;;;;
2288;RM164D0127;Otro establecimiento administración pública;Pública;Público;Centro Cultural Huerta de la Salud-Biblioteca;Centro Cultural Huerta de la Salud-Biblioteca;CALLE;AZAGRA;8;28033;Madrid;16;164;40,47519464;-3,646431628;NO;9;21;0;0;0;0;No;NO;;;44,12162627;0127;164;0127;164;RM164D0127;;;;;;;;
2274;RM163D0128;Viviendas;Privada;Privado;Comunidad de propietarios;COP Montearagón 5;CALLE;MONTEARAGÓN;5;28033;Madrid;16;163;40,46365752;-3,658599787;24 horas;;;;;;;;YES;;;44,12225731;0128;163;0128;163;RM163D0128;;;;;;;;
2287;RM164D0129;Otro establecimiento administración pública;Pública;Público;Centro Cultural Huerta de la Salud-Sala exposiciones ; Cultural Huerta de la Salud (SILO);CALLE;AZAGRA;18;28033;Madrid;16;164;40,47514954;-3,647442993;NO;10;21;0;0;0;0;No;NO;;;44,12259253;0129;164;0129;164;RM164D0129;;;;;;;;
2222;RM164D0130;Transportes-Metro;Pública;Público;Metro de Madrid;Estación de Metro Parque de Santa María;CALLE;SANTA VIRGILIA;1;28033;Madrid;16;164;40,47711866;-3,645518077;NO;6;2;6;2;6;2;No;YES;;;44,12263674;0130;164;0130;164;RM164D0130;;;;;;;;
2267;RM164D0131;Otro establecimiento administración pública;Pública;Público;Centro de Mayores AMAT;Centro de Mayores AMAT;CALLE;ALFACAR;12;28033;Madrid;16;164;40,477511;-3,647695;NO;9;13;0;0;0;0;No;NO;;;44,125206;0131;164;0131;164;RM164D0131;;;;;;;;
2237;RM164D0132;Centro educativo;Pública;Público;Comunidad de Madrid;CEIP Pinar del Rey;AVENIDA;SAN LUIS;23;28033;Madrid;16;164;40,47159252;-3,654159224;NO;7;16;0;0;0;0;No;NO;;;44,12575174;0132;164;0132;164;RM164D0132;;;;;;;;
2259;RM164D0133;Centro deportivo;Privada;Público;Gimnasio Basic Fit;Gimnasio Basic Fit;AVENIDA;VIRGEN DEL CARMEN;35;28033;Madrid;16;164;40,47520618;-3,650796701;NO;7;22;8;21;8;21;No;NO;;;44,12600288;0133;164;0133;164;RM164D0133;;;;;;;;
2270;RM164D0134;Centro de trabajo (no administración pública);Privada;Privado;Complejo de oficinas;Business Center;AVENIDA;SAN LUIS;25;28033;Madrid;16;164;40,46958831;-3,656510813;NO;9;18;0;0;0;0;No;NO;;;44,12609912;0134;164;0134;164;RM164D0134;;;;;;;;
2261;RM164D0135;Centro educativo;Pública;Público;Comunidad de Madrid;CEIP San Miguel;AVENIDA;VIRGEN DEL CARMEN;32;28033;Madrid;16;164;40,47438744;-3,652204442;NO;7;17;0;0;0;0;No;NO;;;44,12659188;0135;164;0135;164;RM164D0135;;;;;;;;
2264;RM164D0136;Centro educativo;Pública;Público;Comunidad de Madrid;CEPA Dulce Chacón;CALLE;ABERTURA;2;28033;Madrid;16;164;40,47717614;-3,649730349;NO;9;21;0;0;0;0;No;NO;;;44,12690649;0136;164;0136;164;RM164D0136;;;;;;;;
2284;RM164D0137;Otro establecimiento administración pública;Pública;Público;Ayuntamiento de Madrid;Centro Municipal de Mayores El Henar;CALLE;ABIZANDA;8;28033;Madrid;16;164;40,477411;-3,649973;NO;9;20;10;20;10;14;No;NO;;;44,127384;0137;164;0137;164;RM164D0137;;;;;;;;
2229;RM164D0138;Transportes-Metro;Pública;Público;Metro de Madrid;Estación de Metro Hortaleza;CALLE;MANUEL CHAVES NOGALES;4;28033;Madrid;16;164;40,47510672;-3,652459143;NO;6;2;6;2;6;2;No;YES;;;44,12756586;0138;164;0138;164;RM164D0138;;;;;;;;
2272;RM164D0139;Centro educativo;Pública;Público;Comunidad de Madrid;CEIP Filósofo Séneca;CALLE;SANTA ADELA;21;28033;Madrid;16;164;40,47825288;-3,650590161;NO;8;17;0;0;0;0;No;NO;;;44,12884304;0139;164;0139;164;RM164D0139;;;;;;;;
2269;RM164D0140;Centro educativo;Pública;Público;Comunidad de Madrid;IES Rosa Chacel;CALLE;ABIZANDA;70;28033;Madrid;16;164;40,47729844;-3,652008457;NO;8;14;0;0;0;0;No;NO;;;44,1293069;0140;164;0140;164;RM164D0140;;;;;;;;
2266;RM165D0141;Centro educativo;Privada;Público;Comunidad de Madrid;COLEGIO CRISTO REY;AVENIDA;SAN LUIS;29;28033;Madrid;16;165;40,47083459;-3,659141757;NO;8;17;0;0;0;0;No;NO;;;44,12997635;0141;165;0141;165;RM165D0141;;;;;;;;
2389;RM164D0142;Centro deportivo;Pública;Público;Ayuntamiento de Madrid;DEA Piscina Verano Hortaleza ;CARRETERA;ESTACIÓN DE HORTALEZA;14;28033;Madrid;16;164;40,477547;-3,653141;NO;10;21;10;21;10;21;Sí;YES;;;44,130688;0142;164;0142;164;RM164D0142;;;;;;;;
2386;RM165D0143;Centro deportivo;Pública;Público;Ayuntamiento de Madrid;CDM Hortaleza;CARRETERA;ESTACIÓN DE HORTALEZA;11;28033;Madrid;16;165;40,478522;-3,652539;NO;9;22;9;22;9;22;No;NO;;;44,131061;0143;165;0143;165;RM165D0143;;;;;;;;
3373;RM165D0144;Otro;Privada;Público;APNA. Asociación de padres de personas con autismo;Hall de entrada;CALLE;NAVALENO;9;28033;Madrid;16;165;40,4700378;-3,661283;NO;9;17;9;15;0;0;No;NO;;;44,1313208;0144;165;0144;165;RM165D0144;;;;;;;;
3380;RM165D0145;Otro establecimiento administración pública;Pública;Público;Residencia de la Armada “La Goleta”;Hall de entrada, recepción;CALLE;TRINQUETE;4;28033;Madrid;16;165;40,4735157;-3,6580573;24 horas;;;;;;;;YES;;;44,131573;0145;165;0145;165;RM165D0145;;;;;;;;
3379;RM165D0146;Otro establecimiento administración pública;Pública;Público;Residencia de la Armada “Navío”. Ministerio de Defensa;Recepción;CALLE;TRINQUETE;4;28033;Madrid;16;165;40,4732815;-3,6585921;24 horas;;;;;;;;YES;;;44,1318736;0146;165;0146;165;RM165D0146;;;;;;;;
3378;RM165D0147;Viviendas;Privada;Privado;Edificio de viviendas privadas;Bajo;CALLE;TRINQUETE;17;28033;Madrid;16;165;40,4728026;-3,6591688;NO;0;0;0;0;0;0;No;NO;;;44,1319714;0147;165;0147;165;RM165D0147;;;;;;;;
2394;RM165D0148;Centro educativo;Pública;Público;Ayuntamiento de Madrid;DES Centro Juvenil Carrión de los Condes ;CALLE;CARRIÓN DE LOS CONDES;73;28033;Madrid;16;165;40,475888;-3,657831;NO;15;18;0;0;0;0;No;NO;;;44,133719;0148;165;0148;165;RM165D0148;;;;;;;;
2391;RM165D0149;Otro establecimiento administración pública;Pública;Público;Ayuntamiento de Madrid;DEA Centro de Mayores San  Benito ;CALLE;CARRIÓN DE LOS CONDES;73;28033;Madrid;16;165;40,476318;-3,657932;NO;9;20;9;20;9;20;No;NO;;;44,13425;0149;165;0149;165;RM165D0149;;;;;;;;
1185;RM166D0150;Viviendas;Privada;Privado;Comunidad de propietarios;Alcampo Sanchinarro ;CALLE;ISABEL CLARA EUGENIA;8;28050;Madrid;16;166;40,48547659;-3,64916144;24 horas;;;;;;;;YES;;;44,13463803;0150;166;0150;166;RM166D0150;;;;;;;;
3382;RM165D0151;Centro educativo;Pública;Público;Comunidad de Madrid;IES Arturo Soria Hall entrada;CALLE;SOMONTÍN;59;28033;Madrid;16;165;40,4776524;-3,6603449;NO;8;14;0;0;0;0;No;NO;;;44,1379973;0151;165;0151;165;RM165D0151;;;;;;;;
3383;RM165D0152;Centro educativo;Pública;Público;Comunidad de Madrid;CEIP Méndez Núñez Pasillo dirección;CALLE;ALICÚN;9;28033;Madrid;16;165;40,4790793;-3,6595895;NO;9;14;0;0;0;0;No;NO;;;44,1386688;0152;165;0152;165;RM165D0152;;;;;;;;
2396;RM165D0153;Transportes-Metro;Pública;Público;Metro de Madrid;Estación de Metro Manoteras;CALLE;VÉLEZ RUBIO;1;28033;Madrid;16;165;40,476369;-3,662407;NO;6;2;6;2;6;2;No;YES;;;44,138776;0153;165;0153;165;RM165D0153;;;;;;;;
3064;RM165D0154;Otro establecimiento administración pública;Pública;Privado;Bomberos de Madrid;PARQUE 11 DE BOMBEROS;CALLE;MESENA;146;28033;Madrid;16;165;40,474151;-3,665173;24 horas;;;;;;;;YES;;;44,139324;0154;165;0154;165;RM165D0154;;;;;;;;
844;RM166D0155;Viviendas;Privada;Privado;Comunidad de propietarios calle san enrique osso 321;Urb el valle de el encinar;CALLE;SAN ENRIQUE DE OSSÓ;321-559;28055;Madrid;16;166;40,502968;-3,636582;24 horas;;;;;;;;YES;;;44,13955;0155;166;0155;166;RM166D0155;;;;;;;;
3374;RM165D0156;Otro establecimiento administración pública;Pública;Público;Ayuntamiento de Madrid;Centro de Día Municipal “Parque Querol” Cafetería;CALLE;VÉLEZ RUBIO;1;28033;Madrid;16;165;40,4767072;-3,6630751;NO;8;18;0;0;0;0;No;NO;;;44,1397823;0156;165;0156;165;RM165D0156;;;;;;;;
2401;RM166D0157;Transportes-Metro;Pública;Público;Metro de Madrid;Metro-Depósito Hortaleza;AVENIDA;MANUEL AZAÑA;S/N;28033;Madrid;16;166;40,482473;-3,657469;24 horas;;;;;;;;YES;;;44,139942;0157;166;0157;166;RM166D0157;;;;;;;;
2380;RM166D0158;Otro establecimiento administración pública;Pública;Privado;Comunidad de Madrid;DEA Depósito de metro Hortaleza L1;CALLE;ROQUETAS DE MAR;2;28033;Madrid;16;166;40,483533;-3,658044;24 horas;;;;;;;;YES;;;44,141577;0158;166;0158;166;RM166D0158;;;;;;;;
1202;RM166D0159;Centro educativo;Pública;Público;Comunidad de Madrid;Colegio Adolfo Suárez ;CALLE;INFANTA CATALINA MICAELA;31;28050;Madrid;16;166;40,48922225;-3,652725626;NO;8;16;0;0;0;0;No;NO;;;44,14194788;0159;166;0159;166;RM166D0159;;;;;;;;
1203;RM166D0160;Centro educativo;Pública;Público;Comunidad de Madrid;Colegio secundaria Adolfo Suárez ;CALLE;INFANTA CATALINA MICAELA;31;28050;Madrid;16;166;40,48922225;-3,652725626;NO;8;16;0;0;0;0;No;NO;;;44,14194788;0160;166;0160;166;RM166D0160;;;;;;;;
856;RM166D0161;Centro educativo;Privada;Público;Colegio Highlands;Polideportivo Colegio highlands;CALLE;SAN ENRIQUE DE OSSÓ;46;28055;Madrid;16;166;40,503952;-3,63822;NO;6;23;23;23;23;23;No;NO;;;44,142172;0161;166;0161;166;RM166D0161;;;;;;;;
1189;RM166D0162;Otro establecimiento administración pública;Pública;Público;Centro cultural Sanchinarro ;Centro cultural Sanchinarro ;CALLE;PRINCESA DE ÉBOLI;21;28050;Madrid;16;166;40,48774293;-3,654646393;NO;8;22;8;22;8;22;No;NO;;;44,14238932;0162;166;0162;166;RM166D0162;;;;;;;;
1190;RM166D0163;Otro establecimiento administración pública;Pública;Público;Biblioteca Sanchinarro ;Biblioteca Sanchinarro ;CALLE;PRINCESA DE ÉBOLI;21;28050;Madrid;16;166;40,48774293;-3,654646393;NO;8;22;8;22;8;22;No;NO;;;44,14238932;0163;166;0163;166;RM166D0163;;;;;;;;
2373;RM165D0164;Viviendas;Privada;Privado;Comunidad de propietarios, calle golfo de Salónica 40;DESA Consergería;CALLE;GOLFO DE SALÓNICA;40;28033;Madrid;16;165;40,479436;-3,663143;24 horas;;;;;;;;YES;;;44,142579;0164;165;0164;165;RM165D0164;;;;;;;;
850;RM166D0165;Centro educativo;Privada;Público;Colegio Highlands;Enfermeria colegio highlands;CALLE;SAN ENRIQUE DE OSSÓ;46;28055;Madrid;16;166;40,504239;-3,639404;NO;6;18;0;0;0;0;No;NO;;;44,143643;0165;166;0165;166;RM166D0165;;;;;;;;
1198;RM166D0166;Otro establecimiento administración pública;Pública;Público;SEPE;Oficina empleo Sanchinarro a;AVENIDA;INGENIERO EMILIO HERRERA;23;28050;Madrid;16;166;40,492616;-3,653030885;NO;9;14;0;0;0;0;No;NO;;;44,14564689;0166;166;0166;166;RM166D0166;;;;;;;;
1199;RM166D0167;Otro establecimiento administración pública;Pública;Público;Comunidad de Madrid;Oficina empleo CAM;AVENIDA;INGENIERO EMILIO HERRERA;23;28050;Madrid;16;166;40,492716;-3,653030885;NO;9;14;0;0;0;0;No;NO;;;44,14574689;0167;166;0167;166;RM166D0167;;;;;;;;
1212;RM166D0168;Viviendas;Privada;Privado;Comunidad de propietarios;Rotonda grande Sanchinarro ;PLAZA;ALCALDE MORENO TORRES;12;28050;Madrid;16;166;40,48918861;-3,657055769;24 horas;;;;;;;;NO;NOT VALID;it was RM166D0168;44,14624438;0168;166;0168;166;RM166D0168;;;;;;;;
1196;RM166D0169;Viviendas;Privada;Privado;Comunidad de propietarios;Urbanización ;CALLE;LUIS JIMÉNEZ DE ASÚA;23;28050;Madrid;16;166;40,4934282;-3,652943387;24 horas;;;;;;;;YES;;;44,14637159;0169;166;0169;166;RM166D0169;;;;;;;;
118;RM166D0170;Viviendas;Privada;Privado;Comunidad de propietarios;Junto al conserje;CALLE;AMÉRICO CASTRO;70-108;28050;Madrid;16;166;40,488908;-3,657536;24 horas;;;;;;;;YES;;;44,146444;0170;166;0170;166;RM166D0170;;;;;;;;
124;RM166D0171;Centro educativo;Privada;Público;CEU San Pablo;En el hall a la izquierda;AVENIDA;NICETO ALCALÁ ZAMORA;43;28050;Madrid;16;166;40,4955216;-3,6513384;NO;8;18;0;0;0;0;No;NO;;;44,14686;0171;166;0171;166;RM166D0171;;;;;;;;
1193;RM166D0172;Viviendas;Privada;Privado;Comunidad de propietarios;Cerca biblioteca Sanchinarro ;CALLE;OCTAVIO PAZ;26;28050;Madrid;16;166;40,49328847;-3,653756257;24 horas;;;;;;;;YES;;;44,14704473;0172;166;0172;166;RM166D0172;;;;;;;;
1250;RM166D0173;Centro educativo;Pública;Público;Comunidad de Madrid;IES Ramón y cajal;AVENIDA;MANOTERAS;55;28050;Madrid;16;166;40,48738776;-3,660070632;24 horas;;;;;;;;YES;;;44,14745839;0173;166;0173;166;RM166D0173;;;;;;;;
1223;RM166D0174;Transportes-Renfe;Pública;Público;ADIF;Estación de Cercanías Fuente de la Mora;CAMINO;FUENTE DE LA MORA;6;28050;Madrid;16;166;40,48488617;-3,662712673;NO;5;0;6;0;6;0;No;YES;;;44,14759884;0174;166;0174;166;RM166D0174;;;;;;;;
113;RM166D0175;Viviendas;Privada;Privado;Comunidad de propietarios;Al entrar a la derecha;CALLE;ISABEL CLARA EUGENIA;45;28050;Madrid;16;166;40,4942761;-3,6538915;24 horas;;;;;;;;YES;;;44,1481676;0175;166;0175;166;RM166D0175;;;;;;;;
1192;RM166D0176;Viviendas;Privada;Privado;Viviendas;Viviendas cerca biblioteca Sanchinarro ;CALLE;PRINCESA DE ÉBOLI;74;28050;Madrid;16;166;40,4917231;-3,656549485;24 horas;;;;;;;;YES;;;44,14827259;0176;166;0176;166;RM166D0176;;;;;;;;
116;RM166D0177;Viviendas;Privada;Privado;Comunidad de propietarios;Al lado del cuarto de basuras;CALLE;VICENTE BLASCO IBÁÑEZ;31;28050;Madrid;16;166;40,4956896;-3,6531536;24 horas;;;;;;;;YES;;;44,1488432;0177;166;0177;166;RM166D0177;;;;;;;;
1247;RM166D0178;Centro de trabajo (no administración pública);Privada;Privado;Ine;Ine;AVENIDA;MANOTERAS;52;28050;Madrid;16;166;40,48733547;-3,661637304;24 horas;;;;;;;;YES;;;44,14897277;0178;166;0178;166;RM166D0178;;;;;;;;
114;RM166D0179;Viviendas;Privada;Privado;Comunidad de propietarios;Portal 50 izquierda al fondo;CALLE;ISABEL CLARA EUGENIA;50;28050;Madrid;16;166;40,4950642;-3,6541054;NO;8;18;0;0;0;0;No;NO;;;44,1491696;0179;166;0179;166;RM166D0179;;;;;;;;
1219;RM166D0180;Centro de trabajo (no administración pública);Privada;Privado;Edificio Albor;Galería del coleccionista;AVENIDA;MANOTERAS;50;28050;Madrid;16;166;40,48725904;-3,662098851;24 horas;;;;;;;;YES;;;44,14935789;0180;166;0180;166;RM166D0180;;;;;;;;
1221;RM166D0181;Centro de trabajo (no administración pública);Privada;Privado;Empresa;Guia coleccionista;AVENIDA;MANOTERAS;50;28050;Madrid;16;166;40,48728579;-3,662146311;24 horas;;;;;;;;YES;;;44,1494321;0181;166;0181;166;RM166D0181;;;;;;;;
2768;RM166D0182;Centro de trabajo (no administración pública);Privada;Privado;Club internacional del libro;Av. Manoteras 50 Club internacional del Libro;AVENIDA;MANOTERAS;50;28050;Madrid;16;166;40,4873008;-3,6623532;NO;10;22;10;22;10;22;Sí;YES;;;44,149654;0182;166;0182;166;RM166D0182;;;;;;;;
2779;RM166D0183;Centro de trabajo (no administración pública);Privada;Privado;Novus Building;Novus Building Torre B;CAMINO;FUENTE DE LA MORA;1;28050;Madrid;16;166;40,4858838;-3,6639401;24 horas;;;;;;;;YES;;;44,1498239;0183;166;0183;166;RM166D0183;;;;;;;;
2780;RM166D0184;Centro de trabajo (no administración pública);Privada;Privado;Novus Building;Novus Building Torre A;CAMINO;FUENTE DE LA MORA;1;28050;Madrid;16;166;40,4858838;-3,6639401;24 horas;;;;;;;;YES;;;44,1498239;0184;166;0184;166;RM166D0184;;;;;;;;
1239;RM166D0185;Centro de trabajo (no administración pública);Privada;Privado;Empresa;Empresas;AVENIDA;MANOTERAS;48;28050;Madrid;16;166;40,48733491;-3,663008143;24 horas;;;;;;;;YES;;;44,15034305;0185;166;0185;166;RM166D0185;;;;;;;;
1241;RM166D0186;Centro de trabajo (no administración pública);Privada;Privado;Empresa;Empresas ;AVENIDA;MANOTERAS;48;28050;Madrid;16;166;40,48733491;-3,663008143;24 horas;;;;;;;;YES;;;44,15034305;0186;166;0186;166;RM166D0186;;;;;;;;
839;RM166D0187;Viviendas;Privada;Privado;Comunidad de propietarios urban el tozal;Urb el tozal;CAMINO;HUERTA;151;28055;Madrid;16;166;40,507324;-3,643212;24 horas;;;;;;;;YES;;;44,150536;0187;166;0187;166;RM166D0187;;;;;;;;
1215;RM166D0188;Viviendas;Privada;Privado;Comunidad de propietarios;Viviendas;AVENIDA;FRANCISCO PI Y MARGALL;74;28050;Madrid;16;166;40,49122825;-3,659600862;24 horas;;;;;;;;YES;;;44,15082911;0188;166;0188;166;RM166D0188;;;;;;;;
122;RM166D0189;Viviendas;Privada;Privado;Comunidad de propietarios;En el gimnasio;AVENIDA;NICETO ALCALÁ ZAMORA;24;28050;Madrid;16;166;40,4974289;-3,6534986;24 horas;;;;;;;;YES;;;44,1509275;0189;166;0189;166;RM166D0189;;;;;;;;
1230;RM166D0190;Centro de trabajo (no administración pública);Privada;Privado;Empresa, no digitex;Empresa;AVENIDA;MANOTERAS;46;28050;Madrid;16;166;40,48737683;-3,663551325;24 horas;;;;;;;;NO;NOT VALID;it was RM166D0190;44,15092816;0190;166;0190;166;RM166D0190;;;;;;;;
1228;RM166D0191;Centro de trabajo (no administración pública);Privada;Privado;Digitex;Digitex;AVENIDA;MANOTERAS;46;28050;Madrid;16;166;40,48739492;-3,663539703;24 horas;;;;;;;;NO;NOT VALID;it was RM166D0191;44,15093462;0191;166;0191;166;RM166D0191;;;;;;;;
175;RM166D0192;Viviendas;Privada;Privado;Comunidad de propietarios;Garita del conserje en la entrada ;CALLE;ANA DE AUSTRIA;34;28050;Madrid;16;166;40,496416;-3,6546667;24 horas;;;;;;;;YES;;;44,1510827;0192;166;0192;166;RM166D0192;;;;;;;;
173;RM166D0193;Centro educativo;Pública;Público;Escuela infantil;Hall de entrada;CALLE;ANA DE AUSTRIA;32;28050;Madrid;16;166;40,4955634;-3,6557382;NO;7;17;0;0;0;0;No;NO;;;44,1513016;0193;166;0193;166;RM166D0193;;;;;;;;
211;RM166D0194;Viviendas;Privada;Privado;Comunidad de propietarios;Gimnasio;CALLE;ANA DE AUSTRIA;44;28050;Madrid;16;166;40,4982468;-3,6531975;24 horas;;;;;;;;YES;;;44,1514443;0194;166;0194;166;RM166D0194;;;;;;;;
1232;RM166D0195;Centro de trabajo (no administración pública);Privada;Privado;Clece;Clece;AVENIDA;MANOTERAS;46;28050;Madrid;16;166;40,48757244;-3,664001627;24 horas;;;;;;;;YES;;;44,15157407;0195;166;0195;166;RM166D0195;;;;;;;;
2767;RM166D0196;Centro comercial;Privada;Público;Centro de ocio Manoteras;Centro ocio manoteras;AVENIDA;MANOTERAS;40;28050;Madrid;16;166;40,4860166;-3,6656125;NO;10;23;10;23;10;23;No;NO;;;44,1516291;0196;166;0196;166;RM166D0196;;;;;;;;
1237;RM166D0197;Centro de trabajo (no administración pública);Privada;Privado;Empresa;Empresa s2 grupo;AVENIDA;MANOTERAS;46;28050;Madrid;16;166;40,48761593;-3,664273441;24 horas;;;;;;;;YES;;;44,15188937;0197;166;0197;166;RM166D0197;;;;;;;;
399;RM166D0198;Centro residencial de uso público;Privada;Público;Kubos 44;Kubos 44;AVENIDA;MANOTERAS;44;28050;Madrid;16;166;40,48725301;-3,664718236;24 horas;;;;;;;;YES;;;44,15197125;0198;166;0198;166;RM166D0198;;;;;;;;
1249;RM166D0199;Centro educativo;Pública;Público;Colegio virgen del cortijo;Colegio virgen del cortijo;AVENIDA;MANOTERAS;12;28050;Madrid;16;166;40,48811342;-3,663924362;24 horas;;;;;;;;YES;;;44,15203778;0199;166;0199;166;RM166D0199;;;;;;;;
2769;RM166D0200;Centro de trabajo (no administración pública);Privada;Privado;Promociones San Sotero;Promociones San Sotero Hall Edificio;AVENIDA;MANOTERAS;32;28050;Madrid;16;166;40,4878735;-3,6653761;24 horas;;;;;;;;YES;;;44,1532496;0200;166;0200;166;RM166D0200;;;;;;;;
2770;RM166D0201;Centro de trabajo (no administración pública);Privada;Privado;Avis (dentro del complejo de Av. Manoteras 32);Avis (dentro del complejo de Av. Manoteras 32);AVENIDA;MANOTERAS;32;28050;Madrid;16;166;40,4878735;-3,6653761;NO;10;20;10;20;10;20;Sí;YES;;;44,1532496;0201;166;0201;166;RM166D0201;;;;;;;;
2773;RM166D0202;Centro de trabajo (no administración pública);Privada;Privado;Pascual;Hall Av. Manoteras 24 Edificio Pascual;AVENIDA;MANOTERAS;24;28050;Madrid;16;166;40,4864749;-3,6671245;24 horas;;;;;;;;YES;;;44,1535994;0202;166;0202;166;RM166D0202;;;;;;;;
209;RM166D0203;Centro educativo;Privada;Público;Colegio El Valle;Polideportivo colegio el Valle;CALLE;VICENTE BLASCO IBÁÑEZ;S/N;28050;Madrid;16;166;40,5018043;-3,6521028;NO;17;22;9;21;9;21;No;NO;;;44,1539071;0203;166;0203;166;RM166D0203;;;;;;;;
207;RM166D0204;Centro educativo;Pública;Público;Centro educativo el valle;Hall recepcion;CALLE;ANA DE AUSTRIA;60;28050;Madrid;16;166;40,5005508;-3,6538614;NO;9;18;0;0;0;0;No;NO;;;44,1544122;0204;166;0204;166;RM166D0204;;;;;;;;
133;RM166D0205;Centro educativo;Pública;Público;Colegio educativo;Hall principal a la derecha;AVENIDA;NICETO ALCALÁ ZAMORA;48;28050;Madrid;16;166;40,4988799;-3,6559257;NO;8;16;0;0;0;0;No;NO;;;44,1548056;0205;166;0205;166;RM166D0205;;;;;;;;
130;RM166D0206;Centro educativo;Pública;Público;Colegio Manuel Fraga Iribarne;En el hall principal a la derecha;AVENIDA;NICETO ALCALÁ ZAMORA;54;28050;Madrid;16;166;40,4992368;-3,6565087;NO;8;18;0;0;0;0;No;NO;;;44,1557455;0206;166;0206;166;RM166D0206;;;;;;;;
388;RM166D0207;Centro educativo;Pública;Público;Colegio Valdefuentes;Colegio Valdefuentes;CALLE;ANA DE AUSTRIA;6;28050;Madrid;16;166;40,4906488;-3,6651994;NO;9;17;0;0;0;0;No;NO;;;44,1558482;0207;166;0207;166;RM166D0207;;;;;;;;
2774;RM166D0208;Centro deportivo;Privada;Público;CrossFit Termopilas;CrossFit spartan box Av. Manoteras 22;AVENIDA;MANOTERAS;22;28050;Madrid;16;166;40,4880926;-3,6677787;NO;10;23;10;12;0;0;No;NO;;;44,1558713;0208;166;0208;166;RM166D0208;;;;;;;;
2766;RM166D0209;Centro educativo;Privada;Público;Colegio Educare Valdefuentes;Hall colegio educare valdefuentes;CALLE;ANA DE AUSTRIA;6;28050;Madrid;16;166;40,4908842;-3,665357;NO;7;19;0;0;0;0;No;NO;;;44,1562412;0209;166;0209;166;RM166D0209;;;;;;;;
2771;RM166D0210;Centro de trabajo (no administración pública);Privada;Privado;Caixabank;CaixaBank;AVENIDA;MANOTERAS;20;28050;Madrid;16;166;40,4875209;-3,6687795;NO;7;22;0;0;0;0;Sí;YES;;;44,1563004;0210;166;0210;166;RM166D0210;;;;;;;;
2772;RM166D0211;Centro de trabajo (no administración pública);Privada;Privado;Caixabank;CaixaBank Edificio Paris Complejo Neos20;AVENIDA;MANOTERAS;20;28050;Madrid;16;166;40,48832;-3,6688536;24 horas;;;;;;;;YES;;;44,1571736;0211;166;0211;166;RM166D0211;;;;;;;;
2775;RM166D0212;Centro de trabajo (no administración pública);Privada;Privado;Skylight Av. Manoteras 14-16;Edificio Skylight 14-16 Recepción;AVENIDA;MANOTERAS;14;28050;Madrid;16;166;40,4877019;-3,6699275;24 horas;;;;;;;;YES;;;44,1576294;0212;166;0212;166;RM166D0212;;;;;;;;
2781;RM166D0213;Centro de trabajo (no administración pública);Privada;Privado;Merlin Properties;Torre Chamartín Sur;CALLE;DULCE CHACÓN;55;28050;Madrid;16;166;40,4864744;-3,6715807;24 horas;;;;;;;;YES;;;44,1580551;0213;166;0213;166;RM166D0213;;;;;;;;
2776;RM166D0214;Centro de trabajo (no administración pública);Privada;Privado;Polaris;Av. Manoteras 12 Edificio Polaris;AVENIDA;MANOTERAS;12;28050;Madrid;16;166;40,4882963;-3,6698638;NO;7;23;0;0;0;0;No;NO;;;44,1581601;0214;166;0214;166;RM166D0214;;;;;;;;
188;RM166D0215;Centro residencial de uso público;Pública;Público;Residencia y centro de día Orpea Sanchinarro (CM);Residencia y centro de día Hall principal junto a recepcion;CALLE;PADRES DOMINICOS;2;28050;Madrid;16;166;40,502082;-3,6563159;24 horas;;;;;;;;YES;;;44,1583979;0215;166;0215;166;RM166D0215;;;;;;;;
393;RM166D0216;Otro;Pública;Público;CPDI DOS DE MAYO;CPDI DOS DE MAYO;CALLE;OÑA;3;28050;Madrid;16;166;40,48892611;-3,669843966;24 horas;;;;;;;;YES;;;44,15877008;0216;166;0216;166;RM166D0216;;;;;;;;
396;RM166D0217;Centro residencial de uso público;Pública;Público;Residencia de mayores manoteras;Residencia de mayores manoteras;CALLE;OÑA;3;28050;Madrid;16;166;40,4905504;-3,6683687;24 horas;;;;;;;;YES;;;44,1589191;0217;166;0217;166;RM166D0217;;;;;;;;
165;RM166D0218;Centro comercial;Privada;Público;El Corte Inglés;Corte Inglés Hipercor Margarita de Parma;CALLE;MARGARITA DE PARMA;1;28050;Madrid;16;166;40,4982466;-3,6613082;NO;10;22;10;22;11;21;No;NO;;;44,1595548;0218;166;0218;166;RM166D0218;;;;;;;;
2777;RM166D0219;Otro establecimiento administración pública;Pública;Público;Comunidad de Madrid;Centro ocupacional Nazaret;AVENIDA;MANOTERAS;1;28050;Madrid;16;166;40,489164;-3,6709551;NO;8;22;0;0;0;0;No;NO;;;44,1601191;0219;166;0219;166;RM166D0219;;;;;;;;
146;RM166D0220;Centro de trabajo (no administración pública);Privada;Privado;Empresa;Hall principal a la izquierda;CALLE;MARÍA DE PORTUGAL;9;28050;Madrid;16;166;40,4997933;-3,6603443;24 horas;;;;;;;;YES;;;44,1601376;0220;166;0220;166;RM166D0220;;;;;;;;
145;RM166D0221;Centro de trabajo (no administración pública);Privada;Privado;Empresa Merlin;Garita de seguridad;CALLE;MARÍA DE PORTUGAL;9 y 11;28050;Madrid;16;166;40,4998415;-3,6602963;24 horas;;;;;;;;YES;;;44,1601378;0221;166;0221;166;RM166D0221;;;;;;;;
150;RM166D0222;Centro de trabajo (no administración pública);Privada;Privado;Medtronic;En el hall principal a la derecha en las oficinas ;CALLE;MARÍA DE PORTUGAL;11;28050;Madrid;16;166;40,5001882;-3,6599617;NO;7;20;0;0;0;0;No;NO;;;44,1601499;0222;166;0222;166;RM166D0222;;;;;;;;
155;RM166D0223;Centro de trabajo (no administración pública);Privada;Privado;Empresa;Hall a la derecha, edificio 3 ;CALLE;MARÍA DE PORTUGAL;1;28050;Madrid;16;166;40,4956921;-3,6645842;24 horas;;;;;;;;YES;;;44,1602763;0223;166;0223;166;RM166D0223;;;;;;;;
156;RM166D0224;Centro de trabajo (no administración pública);Privada;Privado;Empresa;Edificio 2;CALLE;MARÍA DE PORTUGAL;1;28050;Madrid;16;166;40,4956921;-3,6645842;24 horas;;;;;;;;YES;;;44,1602763;0224;166;0224;166;RM166D0224;;;;;;;;
2763;RM166D0225;Centro de trabajo (no administración pública);Privada;Privado;Phillips (Merlin Properties);Complejo María de Portugal 1-3-5 (Edificio 1);CALLE;MARÍA DE PORTUGAL;1;28050;Madrid;16;166;40,4952085;-3,665308;24 horas;;;;;;;;YES;;;44,1605165;0225;166;0225;166;RM166D0225;;;;;;;;
2764;RM166D0226;Centro de trabajo (no administración pública);Privada;Privado;Neoris (Merlín Properties);Recepción Neoris Edificio 2 Complejo María de Portugal 1-3-5;CALLE;MARÍA DE PORTUGAL;1;28050;Madrid;16;166;40,4952085;-3,665308;24 horas;;;;;;;;YES;;;44,1605165;0226;166;0226;166;RM166D0226;;;;;;;;
2765;RM166D0227;Centro de trabajo (no administración pública);Privada;Privado;Honeywell (Merlin Properties);Recepción Honeywell Edificio 3 Complejo María de Portugal 1-3-5;CALLE;MARÍA DE PORTUGAL;1;28050;Madrid;16;166;40,4956032;-3,6650264;24 horas;;;;;;;;YES;;;44,1606296;0227;166;0227;166;RM166D0227;;;;;;;;
197;RM166D0228;Centro educativo;Privada;Público;Centro educativo Asunción Cuesta Blanca;Polideportivo;CALLE;ASUNCIÓN CUESTABLANCA;11;28050;Madrid;16;166;40,5062544;-3,6543817;NO;8;19;0;0;0;0;No;NO;;;44,1606361;0228;166;0228;166;RM166D0228;;;;;;;;
195;RM166D0229;Centro educativo;Privada;Público;Centro educativo Asuncion cuestablanca;Sala de profesores;CALLE;ASUNCIÓN CUESTABLANCA;11;28050;Madrid;16;166;40,5062391;-3,6544005;NO;8;19;0;0;0;0;No;NO;;;44,1606396;0229;166;0229;166;RM166D0229;;;;;;;;
2778;RM166D0230;Centro de trabajo (no administración pública);Privada;Privado;BMW;Centro BMW;AVENIDA;BURGOS;118;28050;Madrid;16;166;40,4885959;-3,6721738;24 horas;;;;;;;;YES;;;44,1607697;0230;166;0230;166;RM166D0230;;;;;;;;
2762;RM166D0231;Centro de trabajo (no administración pública);Privada;Privado;Merlin Properties;Complejo María de Portugal 1-3-5 Garita Vigilancia;CALLE;MARÍA DE PORTUGAL;1;28050;Madrid;16;166;40,4955111;-3,6652644;24 horas;;;;;;;;YES;;;44,1607755;0231;166;0231;166;RM166D0231;;;;;;;;
203;RM166D0232;Centro de trabajo (no administración pública);Privada;Privado;Empresa de trabajo ;Insudpharma cuarta planta;CALLE;MANUEL POMBO ANGULO;28;28050;Madrid;16;166;40,5072277;-3,6539207;NO;7;20;0;0;0;0;No;NO;;;44,1611484;0232;166;0232;166;RM166D0232;;;;;;;;
390;RM166D0233;Hotel, hostal, alojamiento;Privada;Público;Hotel Exe;Hotel Exe;CALLE;MARTINA DÍAZ;4;28050;Madrid;16;166;40,49076068;-3,670405004;24 horas;;;;;;;;YES;;;44,16116568;0233;166;0233;166;RM166D0233;;;;;;;;
189;RM166D0234;Centro de trabajo (no administración pública);Privada;Privado;Lescer;Lescer;CALLE;PADRES DOMINICOS;5;28050;Madrid;16;166;40,5044429;-3,6569094;NO;10;20;0;0;0;0;No;NO;;;44,1613523;0234;166;0234;166;RM166D0234;;;;;;;;
634;RM173D0001;Centro de trabajo (no administración pública);Pública;Privado;Canal de Isabel II;EDAR Butarque – Entrada principal;AVENIDA;LOS ROSALES;399;28021;Madrid;17;173;40,33401471;-3,663694848;NO;9;17;0;0;0;0;Sí;YES;;;43,99770956;0001;173;0001;173;RM173D0001;;;;;;;;
3472;RM173D0002;Centro educativo;Pública;Público;Comunidad de Madrid;IES Juan Ramón Jimenez;CALLE;ESTEFANITA;56;28021;Madrid;17;173;40,343455;-3,674215;NO;8;15;0;0;0;0;No;NO;;;44,01767;0002;173;0002;173;RM173D0002;;;;;;;;
2670;RM173D0003;Centro educativo;Pública;Público;Colegio Ausias March;Colegio público Ausias March;CALLE;ESTEFANITA;9;28021;Madrid;17;173;40,3443785;-3,674571;NO;9;16;0;0;0;0;No;NO;;;44,0189495;0003;173;0003;173;RM173D0003;;;;;;;;
2667;RM173D0004;Centro educativo;Pública;Público;Colegio El Greco ;Centro educativo público El Greco ;CALLE;ESTEFANITA;7;28021;Madrid;17;173;40,3456045;-3,6743021;NO;9;14;0;0;0;0;No;NO;;;44,0199066;0004;173;0004;173;RM173D0004;;;;;;;;
3475;RM173D0005;Centro educativo;Pública;Público;Comunidad de Madrid;CEIP El Greco;CALLE;ESTEFANITA;9;28021;Madrid;17;173;40,345684;-3,674884;NO;9;14;0;0;0;0;No;NO;;;44,020568;0005;173;0005;173;RM173D0005;;;;;;;;
632;RM173D0006;Otro;Privada;Público;SAICA NATUR S.L.;SAICA NATUR – Planta Villaverde;CARRETERA;ESTACIÓN DE CONTENEDORES;1;28021;Madrid;17;173;40,333247;-3,688819803;NO;8;18;0;0;0;0;No;NO;;;44,0220668;0006;173;0006;173;RM173D0006;;;;;;;;
635;RM173D0007;Viviendas;Privada;Privado;Comunidad de Propietarios Calle del Canchal 26–46;Comunidad de Propietarios Calle del Canchal 26–46;CALLE;CANCHAL;11;28021;Madrid;17;173;40,34684158;-3,676513784;NO;8;21;9;14;0;0;No;NO;;;44,02335536;0007;173;0007;173;RM173D0007;;;;;;;;
2888;RM172D0008;Transportes-renfe;Pública;Público;ADIF;Estación de Cercanías San Cristóbal de los Ángeles;CALLE;PATERNA;S/N;28021;Madrid;17;172;40,34230217;-3,68396847;NO;5;0;6;0;6;0;No;YES;;;44,02627064;0008;172;0008;172;RM172D0008;;;;;;;;
633;RM173D0009;Viviendas;Privada;Privado;Comunidad de propietarios;Comunidad de Propietarios Calle Calcio 11;CALLE;CALCIO;11;28021;Madrid;17;173;40,34992092;-3,678357952;NO;8;21;9;14;0;0;No;NO;;;44,02827887;0009;173;0009;173;RM173D0009;;;;;;;;
2887;RM172D0010;Otro;Privada;Público;Fundación Montemadrid;Casa San Cristobal;CALLE;ROCAFORT;101;28021;Madrid;17;172;40,34228549;-3,686782285;NO;9;20;0;0;0;0;No;NO;;;44,02906778;0010;172;0010;172;RM172D0010;;;;;;;;
1272;RM171D0011;Otro establecimiento administración pública;Pública;Público;MADRID AMBIENTE 360;Ballenoil Villaverde (Polígono);AVENIDA;MARCONI;12;28021;Madrid;17;171;40,33423527;-3,695165153;24 horas;;;;;;;;YES;;;44,02940042;0011;171;0011;171;RM171D0011;;;;;;;;
3473;RM173D0012;Centro educativo;Pública;Público;Comunidad de Madrid;CEIP Los Rosales;AVENIDA;ROSALES;131;28021;Madrid;17;173;40,351936;-3,677548;NO;9;14;0;0;0;0;No;NO;;;44,029484;0012;173;0012;173;RM173D0012;;;;;;;;
2671;RM173D0013;Centro educativo;Privada;Público;Colegio Los Rosales ;Colegio Los Rosales centro público ;AVENIDA;LOS ROSALES;131;28021;Madrid;17;173;40,35177;-3,67782;NO;9;14;0;0;0;0;No;NO;;;44,02959;0013;173;0013;173;RM173D0013;;;;;;;;
2893;RM172D0014;Centro educativo;Pública;Público;Comunidad de Madrid;Colegio Ramón Gómez de la Serna;CALLE;GODELLA;170;28021;Madrid;17;172;40,33987957;-3,689889657;NO;9;14;0;0;0;0;No;NO;;;44,02976923;0014;172;0014;172;RM172D0014;;;;;;;;
2891;RM172D0015;Centro educativo;Pública;Público;Comunidad de Madrid;CEIP Azorín;CALLE;GODELLA;57;28021;Madrid;17;172;40,3430883;-3,687176265;NO;9;14;0;0;0;0;No;NO;;;44,03026457;0015;172;0015;172;RM172D0015;;;;;;;;
2889;RM172D0016;Centro deportivo;Pública;Público;Ayuntamiento de Madrid;Cetro Deportivo Municipal Raúl González;CALLE;BENIMAMET;137;28021;Madrid;17;172;40,34580227;-3,684722074;NO;9;0;9;0;9;0;No;NO;;;44,03052434;0016;172;0016;172;RM172D0016;;;;;;;;
1317;RM171D0017;Transportes-Renfe;Pública;Público;ADIF;Estación de Cercanías San Cristóbal Industrial;CALLE;TRANSVERSAL SEXTA;S/N;28021;Madrid;17;171;40,3318611;-3,6991317;NO;5;0;6;0;6;0;No;YES;;;44,0309928;0017;171;0017;171;RM171D0017;;;;;;;;
2896;RM172D0018;Centro deportivo;Pública;Público;Ayuntamiento de Madrid;CDM San Cristóbal Campo de Futbol;CALLE;ROCAFORT;9;28021;Madrid;17;172;40,341539;-3,689977;NO;9;20;0;0;0;0;No;NO;;;44,031516;0018;172;0018;172;RM172D0018;;;;;;;;
2707;RM171D0019;Centro de trabajo (no administración pública);Privada;Privado;Ocaso SA;OCASO SA;CALLE;TRANSVERSAL TERCERA;2;28021;Madrid;17;171;40,33522801;-3,696376163;NO;7;15;0;0;0;0;No;NO;NOT VALID;it was RM171D0019;44,03160417;0019;171;0019;171;RM171D0019;;;;;;;;
2663;RM173D0020;Centro educativo;Privada;Público;Colegio Agrupación escolar Europa;Colegio Agrupación escolar Europa Centro educativo bilingüe ;CALLE;MIGUEL SOLAS;12;28021;Madrid;17;173;40,3511795;-3,6805581;NO;7;17;0;0;0;0;No;NO;;;44,0317376;0020;173;0020;173;RM173D0020;;;;;;;;
2894;RM172D0021;Centro educativo;Pública;Público;Comunidad de Madrid;IES San Cristóbal de los Ángeles;PLAZA;PINAZO;7;28021;Madrid;17;172;40,3426642;-3,6895334;NO;9;16;0;0;0;0;No;NO;;;44,0321976;0021;172;0021;172;RM172D0021;;;;;;;;
2895;RM172D0022;Otro establecimiento administración pública;Pública;Público;Ayuntamiento de Madrid;.  CENTRO DE MAYORES MARIA ZAMBRANO;PLAZA;PINAZO;7;28021;Madrid;17;172;40,342383;-3,690496;NO;9;21;0;0;0;0;No;NO;;;44,032879;0022;172;0022;172;RM172D0022;;;;;;;;
1300;RM172D0023;Transportes-Metro;Pública;Público;Metro de Madrid;Estación de Metro San Cristóbal;CALLE;MONCADA;103;28021;Madrid;17;172;40,3407337;-3,6921583;NO;6;2;6;2;6;2;No;YES;;;44,032892;0023;172;0023;172;RM172D0023;;;;;;;;
631;RM173D0024;Centro educativo;Pública;Público;Escuela Infantil - Calle Tantalos, 21;Escuela Infantil Santa Luisa;CALLE;TÁNTALO;21;28021;Madrid;17;173;40,35295451;-3,680496222;NO;7;17;0;0;0;0;No;NO;;;44,03345073;0024;173;0024;173;RM173D0024;;;;;;;;
2890;RM172D0025;Centro deportivo;Pública;Público;Ayuntamiento de Madrid;CDM San Cristóbal;PLAZA;PINAZO;9;28021;Madrid;17;172;40,34286122;-3,691462438;NO;9;20;9;20;9;20;No;NO;;;44,03432366;0025;172;0025;172;RM172D0025;;;;;;;;
2022;RM173D0026;Centro educativo;Pública;Público;Comunidad de Madrid;CEPA Los Rosales – Villaverde Bajo;CALLE;CONCEPCIÓN DE LA OLIVA;17;28021;Madrid;17;173;40,354339;-3,68169;NO;9;21;17;21;17;21;No;NO;;;44,036029;0026;173;0026;173;RM173D0026;;;;;;;;
2018;RM172D0027;Transportes-Renfe;Pública;Público;ADIF;Estación de Cercanías Villaverde Bajo;AVENIDA;GRAN VÍA DE VILLAVERDE;S/N;28021;Madrid;17;172;40,352599;-3,684014;NO;5;0;6;0;6;0;No;YES;;;44,036613;0027;172;0027;172;RM172D0027;;;;;;;;
1286;RM171D0028;Otro;Privada;Privado;Layher Ibérica, S.L.;LAYHER ANDAMIOS;CALLE;LAGUNA DEL MARQUESADO;17;28021;Madrid;17;171;40,3333711;-3,7037476;NO;8;18;0;0;0;0;No;NO;;;44,0371187;0028;171;0028;171;RM171D0028;;;;;;;;
2675;RM174D0029;Centro educativo;Pública;Público;Centro educativo Antonio de Nebrija ;Centro educativo Antonio de Nebrija ;CALLE;JUAN JOSÉ MARTÍNEZ SECO;77;28021;Madrid;17;174;40,35184946;-3,686170053;NO;9;17;0;0;0;0;No;NO;;;44,03801951;0029;174;0029;174;RM174D0029;;;;;;;;
3474;RM174D0030;Centro educativo;Pública;Público;Comunidad de Madrid;CEIP Antonio de Nebrija;CALLE;JUAN JOSÉ MARTÍNEZ SECO;77;28021;Madrid;17;174;40,351945;-3,686209;NO;9;14;0;0;0;0;No;NO;;;44,038154;0030;174;0030;174;RM174D0030;;;;;;;;
2020;RM174D0031;Otro;Pública;Público;Agencia Madrileña de Atención Social (AMAS) – Comunidad de Madrid ;Centro de Mayores Villaverde Bajo – AMAS;CALLE;FRANCISCO DEL PINO;32;28021;Madrid;17;174;40,349908;-3,688424;NO;9;20;9;20;9;20;No;NO;;;44,038332;0031;174;0031;174;RM174D0031;;;;;;;;
2658;RM174D0032;Centro educativo;Privada;Público;Colegio Liceo Rosales ;Electricidad JMD;CALLE;IGNACIO SANTOS VIÑUELAS;9;28021;Madrid;17;174;40,3496229;-3,6887126;NO;9;17;0;0;0;0;No;NO;;;44,0383355;0032;174;0032;174;RM174D0032;;;;;;;;
1083;RM171D0033;Centro de trabajo (no administración pública);Privada;Público;Renault ;RENAULT RETAIL GROUP S.A;AVENIDA;ANDALUCÍA;km 9,200;28021;Madrid;17;171;40,3452161;-3,6940006;NO;8;20;8;13;0;0;No;NO;;;44,0392167;0033;171;0033;171;RM171D0033;;;;;;;;
2019;RM174D0034;Centro educativo;Privada;Público;Colegio Diocesano San Jaime Apóstol;Colegio San Jaime Apóstol – Villaverde;CALLE;JUAN JOSÉ MARTÍNEZ SECO;54;28021;Madrid;17;174;40,352;-3,688;NO;8;18;0;0;0;0;No;NO;;;44,04;0034;174;0034;174;RM174D0034;;;;;;;;
3471;RM174D0035;Centro educativo;Privada;Público;Colegio San Pedro;Colegio San Pedro;CALLE;JOSÉ DEL PINO;53;28021;Madrid;17;174;40,351044;-3,689043;NO;8;18;0;0;0;0;No;NO;;;44,040087;0035;174;0035;174;RM174D0035;;;;;;;;
2660;RM174D0036;Centro educativo;Privada;Público;Colegio San Pedro ;Colegio san Pedro Privado-concertado ;CALLE;JOSÉ DEL PINO;53;28021;Madrid;17;174;40,35105;-3,6890871;NO;8;18;0;0;0;0;No;NO;;;44,0401371;0036;174;0036;174;RM174D0036;;;;;;;;
1079;RM171D0037;Centro de trabajo (no administración pública);Privada;Público;GRUPO SAMAR;SAMAR AUTOBUSES ;AVENIDA;ANDALUCÍA;km 9;28021;Madrid;17;171;40,347475;-3,6940234;24 horas;;;;;;;;YES;;;44,0414984;0037;171;0037;171;RM171D0037;;;;;;;;
1280;RM171D0038;Centro de trabajo (no administración pública);Privada;Privado;FEDERAL SIGNAL VAMA (Public Safety Systems);FEDERAL SIGNAL VAMA;CALLE;LAGUNA DEL MARQUESADO;37;28021;Madrid;17;171;40,333607;-3,7078941;NO;8;19;0;0;0;0;Sí;YES;;;44,0415011;0038;171;0038;171;RM171D0038;;;;;;;;
1284;RM171D0039;Otro;Privada;Privado;MADRID GOURMET “LA EMILITA”;MADRID GOURMET “LA EMILITA”;CALLE;LAGUNA DEL MARQUESADO;32;28021;Madrid;17;171;40,3346715;-3,7080549;24 horas;;;;;;;;YES;;;44,0427264;0039;171;0039;171;RM171D0039;;;;;;;;
1085;RM171D0040;Otro;Privada;Público;CLICARS ;CLICARS Coches Reacondicionados Villaverde;AVENIDA;LABORAL;S/N;28021;Madrid;17;171;40,3455059;-3,6972947;NO;0;23;0;0;0;0;Sí;YES;;;44,0428006;0040;171;0040;171;RM171D0040;;;;;;;;
3384;RM174D0041;Centro deportivo;Pública;Público;Ayuntamiento de Madrid;CDM El Espinillo;CARRETERA;VILLAVERDE A VALLECAS;19;28041;Madrid;17;174;40,356822;-3,6862612;NO;9;20;9;14;9;14;No;NO;;;44,0430832;0041;174;0041;174;RM174D0041;;;;;;;;
3448;RM172D0042;Transportes-Metro;Pública;Público;Comunidad de Madrid;Estación de Metro Villaverde Bajo Cruce;CALLE;SANTA PETRONILA;3;28021;Madrid;17;172;40,351091;-3,69256;NO;6;2;6;2;6;2;No;YES;;;44,043651;0042;172;0042;172;RM172D0042;;;;;;;;
1798;RM174D0043;Centro educativo;Pública;Público;Comunidad de Madrid;IES Villaverde;CALLE;ALIANZA;20;28041;Madrid;17;174;40,3574224;-3,686523671;NO;8;21;0;0;0;0;No;NO;;;44,04394607;0043;174;0043;174;RM174D0043;;;;;;;;
1075;RM175D0044;Otro establecimiento administración pública;Pública;Público;Ayuntamiento de Madrid;La Nave de Villaverde;CALLE;CIFUENTES;5;28021;Madrid;17;175;40,3479094;-3,6962289;NO;8;21;9;21;9;15;Sí;YES;;;44,0441383;0044;175;0044;175;RM175D0044;;;;;;;;
1797;RM174D0045;Centro educativo;Pública;Público;Comunidad de Madrid;CEIP Juan de la Cierva;CALLE;VILLARROSA;7;28041;Madrid;17;174;40,35404779;-3,690422641;NO;9;16;0;0;0;0;No;NO;;;44,04447043;0045;174;0045;174;RM174D0045;;;;;;;;
3484;RM171D0046;Centro de trabajo (no administración pública);Privada;Privado;AVANZA;AVANZA;CALLE;SAN NORBERTO;48;28021;Madrid;17;171;40,339794;-3,704711;24 horas;;;;;;;;YES;;;44,044505;0046;171;0046;171;RM171D0046;;;;;;;;
1314;RM171D0047;Otro establecimiento administración pública;Pública;Público;FACTORÍA INDUSTRIAL VILLAVERDE;FACTORÍA INDUSTRIAL VILLAVERDE BAJO;AVENIDA;REAL DE PINTO;162;28021;Madrid;17;171;40,3303915;-3,7152628;NO;8;19;0;0;0;0;Sí;YES;;;44,0456543;0047;171;0047;171;RM171D0047;;;;;;;;
2702;RM171D0048;Centro de trabajo (no administración pública);Privada;Privado;Mobility Ado;Grupo avanza ;CALLE;SAN NORBERTO;48;28021;Madrid;17;171;40,34014554;-3,7055395;24 horas;;;;;;;;YES;;;44,04568504;0048;171;0048;171;RM171D0048;;;;;;;;
2704;RM171D0049;Centro de trabajo (no administración pública);Privada;Privado;Pefipresa;Empresa pefipresa ;CALLE;SAN CESÁREO;22;28021;Madrid;17;171;40,3379813;-3,7080802;NO;7;18;0;0;0;0;No;NO;;;44,0460615;0049;171;0049;171;RM171D0049;;;;;;;;
1312;RM171D0050;Transportes-Metro;Pública;Público;Metro de Madrid;Metro-Depósito Villaverde;AVENIDA;REAL DE PINTO;170;28021;Madrid;17;171;40,3290287;-3,7171813;24 horas;;;;;;;;YES;;;44,04621;0050;171;0050;171;RM171D0050;;;;;;;;
2679;RM175D0051;Centro de trabajo (no administración pública);Privada;Privado;empresa TKE;THYSSENKRUPP elevadores ;CALLE;CIFUENTES;S/N;28021;Madrid;17;175;40,3486131;-3,6976702;NO;8;18;8;14;0;0;Sí;YES;;;44,0462833;0051;175;0051;175;RM175D0051;;;;;;;;
742;RM174D0052;Centro deportivo;Pública;Público;Ayuntamiento de Madrid;IDB Victoria Hernández ;CALLE;CONSENSO;7;28041;Madrid;17;174;40,3602781;-3,6861474;NO;9;22;9;22;9;22;No;NO;;;44,0464255;0052;174;0052;174;RM174D0052;;;;;;;;
3060;RM171D0053;Otro establecimiento administración pública;Pública;Privado;Bomberos de Madrid;PARQUE 10 DE BOMBEROS;CALLE;SAN NORBERTO;5;28021;Madrid;17;171;40,339783;-3,707006;24 horas;;;;;;;;YES;;;44,046789;0053;171;0053;171;RM171D0053;;;;;;;;
3068;RM171D0054;Otro establecimiento administración pública;Pública;Privado;Bomberos de Madrid;LOGISTICA 1;CALLE;SAN NORBERTO;5;28021;Madrid;17;171;40,339787;-3,70704;24 horas;;;;;;;;YES;;;44,046827;0054;171;0054;171;RM171D0054;;;;;;;;
2681;RM175D0055;Centro educativo;Pública;Público;Colegio Republica de El Salvador;Colegio Republica de El Salvador ;CALLE;SACEDÓN;2;28021;Madrid;17;175;40,34934505;-3,697922595;NO;9;17;0;0;0;0;No;NO;;;44,04726765;0055;175;0055;175;RM175D0055;;;;;;;;
2705;RM171D0056;Centro de trabajo (no administración pública);Privada;Privado;Lujisa ;Lujisa suministros eléctricos ;CALLE;SAN EZEQUIEL;5;28021;Madrid;17;171;40,3331552;-3,7142758;NO;8;19;0;0;0;0;No;NO;NOT VALID;it was RM171D0056;44,047431;0056;171;0056;171;RM171D0056;;;;;;;;
3483;RM171D0057;Centro de trabajo (no administración pública);Privada;Privado;LUJISA;LUJISA;CALLE;SAN EZEQUIEL;5;28021;Madrid;17;171;40,333372;-3,714247;NO;10;20;0;0;0;0;No;NO;;;44,047619;0057;171;0057;171;RM171D0057;;;;;;;;
3477;RM175D0058;Centro educativo;Pública;Público;Comunidad de Madrid;Escuela Infantil el Sur;CALLE;CIFUENTES;12;28021;Madrid;17;175;40,349242;-3,69886;NO;8;17;0;0;0;0;No;NO;;;44,048102;0058;175;0058;175;RM175D0058;;;;;;;;
743;RM174D0059;Centro educativo;Pública;Público;Comunidad de Madrid;Conservatorio Danza;AVENIDA;FELICIDAD;27;28041;Madrid;17;174;40,3598308;-3,6888176;NO;8;21;0;0;0;0;No;NO;;;44,0486484;0059;174;0059;174;RM174D0059;;;;;;;;
744;RM174D0060;Centro educativo;Pública;Público;Comunidad de Madrid;Conservatorio Música ;AVENIDA;FELICIDAD;27;28041;Madrid;17;174;40,3597966;-3,6889789;NO;8;9;0;0;0;0;No;NO;;;44,0487755;0060;174;0060;174;RM174D0060;;;;;;;;
1791;RM174D0061;Centro deportivo;Pública;Público;Ayuntamiento de Madrid;Hall principal;CALLE;ALIANZA;4;28041;Madrid;17;174;40,35735606;-3,691610494;NO;8;23;9;21;9;21;No;NO;;;44,04896655;0061;174;0061;174;RM174D0061;;;;;;;;
1801;RM175D0062;Centro educativo;Pública;Público;Comunidad de Madrid;IES Ciudad de los Ángeles;CALLE;ANOETA;16;28041;Madrid;17;175;40,35282505;-3,696361788;NO;8;19;0;0;0;0;No;NO;;;44,04918684;0062;175;0062;175;RM175D0062;;;;;;;;
3479;RM171D0063;Centro educativo;Pública;Público;Comunidad de Madrid;CEIP Nuestra Señora de la Luz;CALLE;BISMUTO;1;28021;Madrid;17;171;40,343749;-3,705652;NO;8;17;0;0;0;0;No;NO;;;44,049401;0063;171;0063;171;RM171D0063;;;;;;;;
1307;RM171D0064;Centro de trabajo (no administración pública);Privada;Privado;PALIBEX LOGÍSTICA;PALIBEX LOGÍSTICA;CALLE;MONTEJO;4;28021;Madrid;17;171;40,3363278;-3,7132079;NO;8;15;0;0;0;0;No;NO;;;44,0495357;0064;171;0064;171;RM171D0064;;;;;;;;
2687;RM171D0065;Centro educativo;Pública;Público;Colegio nuestra señora de la Luz;Colegio nuestra Señora de la luz ;CALLE;BISMUTO;1;28021;Madrid;17;171;40,3438827;-3,7057752;NO;8;17;0;0;0;0;No;NO;;;44,0496579;0065;171;0065;171;RM171D0065;;;;;;;;
3478;RM171D0066;Centro educativo;Pública;Público;Comunidad de Madrid;CEIP San Roque;CALLE;OXÍGENO;43;28021;Madrid;17;171;40,346915;-3,703203;NO;8;17;0;0;0;0;No;NO;;;44,050118;0066;171;0066;171;RM171D0066;;;;;;;;
3389;RM174D0067;Centro educativo;Pública;Público;Comunidad de Madrid;IES El Espinillo;CALLE;UNANIMIDAD;15;28041;Madrid;17;174;40,3615517;-3,6888848;NO;9;18;0;0;0;0;No;NO;;;44,0504365;0067;174;0067;174;RM174D0067;;;;;;;;
1898;RM174D0068;Centro educativo;Pública;Público;Comunidad de Madrid;INSTITUTO EL ESPINILLO;CALLE;UNANIMIDAD;15;28041;Madrid;17;174;40,36178636;-3,688958748;NO;8;18;0;0;0;0;No;NO;;;44,05074511;0068;174;0068;174;RM174D0068;;;;;;;;
1034;RM171D0069;Centro educativo;Privada;Público;Colegio Nuestra Señora del Carmen;Colegio Nuestra Señora del Carmen (Recepcion);AVENIDA;REAL DE PINTO;41;28021;Madrid;17;171;40,344991;-3,7065182;NO;7;21;0;0;0;0;No;NO;;;44,0515092;0069;171;0069;171;RM171D0069;;;;;;;;
1036;RM171D0070;Centro educativo;Privada;Público;Colegio Nuestra Señora del Carmen;Colegio Nuestra Señora del Carmen (Edificio Bachillerato);AVENIDA;REAL DE PINTO;41;28021;Madrid;17;171;40,344991;-3,7065182;NO;7;21;0;0;0;0;No;NO;;;44,0515092;0070;171;0070;171;RM171D0070;;;;;;;;
1800;RM175D0071;Centro educativo;Pública;Público;Comunidad de Madrid;CEIP Ciudad de los Ángeles;CALLE;LA ALEGRÍA DE LA HUERTA;6;28041;Madrid;17;175;40,35566262;-3,696068191;NO;9;16;0;0;0;0;No;NO;;;44,05173081;0071;175;0071;175;RM175D0071;;;;;;;;
1041;RM171D0072;Centro educativo;Pública;Público;Comunidad de Madrid;CEIP Manuel de Falla;AVENIDA;REAL DE PINTO;27;28021;Madrid;17;171;40,3464184;-3,7058744;NO;9;8;0;0;0;0;No;NO;;;44,0522928;0072;171;0072;171;RM171D0072;;;;;;;;
3388;RM174D0073;Centro educativo;Pública;Público;Colegio El Espinillo;Colegio El Espinillo;CALLE;UNANIMIDAD;1;28041;Madrid;17;174;40,3614577;-3,6913316;NO;9;18;0;0;0;0;No;NO;;;44,0527893;0073;174;0073;174;RM174D0073;;;;;;;;
1877;RM175D0074;Transportes-Metro;Pública;Público;Metro de Madrid;Estación de Metro Ciudad de los Ángeles;PASEO;GIGANTES Y CABEZUDOS;10;28041;Madrid;17;175;40,36002848;-3,69366346;NO;6;2;6;2;6;2;No;YES;;;44,05369194;0074;175;0074;175;RM175D0074;;;;;;;;
1290;RM171D0075;Transportes-Metro;Pública;Público;Metro de Madrid;Estación de Metro Villaverde Alto;CALLE;VALLE DE TOBALINA;S/N;28021;Madrid;17;171;40,3409879;-3,7127287;NO;6;2;6;2;6;2;No;YES;;;44,0537166;0075;171;0075;171;RM171D0075;;;;;;;;
751;RM174D0076;Centro deportivo;Privada;Público;Dreamfit ;Gimnasio Carrefour Los Angeles ;AVENIDA;ANDALUCÍA;km 7;28041;Madrid;17;174;40,3630096;-3,6908574;NO;6;23;8;20;8;15;No;NO;;;44,053867;0076;174;0076;174;RM174D0076;;;;;;;;
1293;RM171D0077;Transportes-Renfe;Pública;Público;ADIF;Estación de Cercanías Villaverde Alto;CALLE;DOMINGO PÁRRAGA;42;28021;Madrid;17;171;40,3422227;-3,7126552;NO;5;0;6;0;6;0;No;YES;;;44,0548779;0077;171;0077;171;RM171D0077;;;;;;;;
2700;RM171D0078;Centro educativo;Pública;Público;Comunidad de Madrid;CEIP San Carlos;CALLE;GEOLOGÍA;2;28021;Madrid;17;171;40,3435592;-3,7115466;NO;9;17;0;0;0;0;No;NO;;;44,0551058;0078;171;0078;171;RM171D0078;;;;;;;;
3476;RM171D0079;Centro educativo;Pública;Público;Comunidad de Madrid;CEIP San Carlos;CALLE;GEOLOGÍA;2;28021;Madrid;17;171;40,343708;-3,711452;NO;9;14;0;0;0;0;No;NO;;;44,05516;0079;171;0079;171;RM171D0079;;;;;;;;
1799;RM175D0080;Centro educativo;Pública;Público;Comunidad de Madrid;CEIP Barcelona;AVENIDA;LA VERBENA DE LA PALOMA;14;28041;Madrid;17;175;40,35857765;-3,696722341;NO;8;16;0;0;0;0;No;NO;;;44,05529999;0080;175;0080;175;RM175D0080;;;;;;;;
748;RM174D0081;Centro comercial;Privada;Público;CC Los Angeles ;Carrefour Los Angeles ;AVENIDA;ANDALUCÍA;km 7;28041;Madrid;17;174;40,3632143;-3,6921113;NO;9;23;9;23;9;23;Sí;YES;;;44,0553256;0081;174;0081;174;RM174D0081;;;;;;;;
1047;RM171D0082;Centro educativo;Privada;Público;HEASE CENTRO DE FORMACION;HEASE CENTRO DE FORMACION;CALLE;PLATA;7;28021;Madrid;17;171;40,3483808;-3,7071344;NO;8;21;0;0;0;0;No;NO;;;44,0555152;0082;171;0082;171;RM171D0082;;;;;;;;
1845;RM175D0083;Transportes-Renfe;Privada;Público;ADIF;Estación de Cercanías Puente Alcocer;CALLE;ALCOCER;1;28041;Madrid;17;175;40,35040024;-3,705163566;NO;5;0;6;0;6;0;No;YES;;;44,05556381;0083;175;0083;175;RM175D0083;;;;;;;;
3387;RM171D0084;Centro educativo;Pública;Público;Colegio Cristóbal Colón;Colegio Cristóbal Colón;CARRETERA;CARABANCHEL A VILLAVERDE;109;28041;Madrid;17;171;40,3500621;-3,7058279;NO;9;16;0;0;0;0;No;NO;;;44,05589;0084;171;0084;171;RM171D0084;;;;;;;;
1028;RM171D0085;Viviendas;Privada;Privado;Vivienda tutelada;Vivienda tutelada Villaverde;CAMINO;LEGANÉS;39;28021;Madrid;17;171;40,343687;-3,7124147;NO;16;8;0;0;0;0;No;NO;;;44,0561017;0085;171;0085;171;RM171D0085;;;;;;;;
1065;RM171D0086;Centro educativo;Privada;Público;COLEGIO ADDIS;Colegio ADDIS;CALLE;VIEJA DE PINTO;15;28021;Madrid;17;171;40,3476104;-3,7086173;NO;8;19;0;0;0;0;No;NO;;;44,0562277;0086;171;0086;171;RM171D0086;;;;;;;;
1049;RM171D0087;Centro educativo;Privada;Público;COLEGIO ADDIS;Colegio ADDIS;CALLE;COVACHUELAS;3;28021;Madrid;17;171;40,3482837;-3,7083471;NO;9;19;0;0;0;0;No;NO;;;44,0566308;0087;171;0087;171;RM171D0087;;;;;;;;
1067;RM171D0088;Otro establecimiento administración pública;Pública;Público;Mercado de Villaverde Alto;Mercado de Villaverde Alto;PASEO;ALBERTO PALACIOS;18;28021;Madrid;17;171;40,3464169;-3,7110115;NO;9;20;9;14;0;0;No;NO;;;44,0574284;0088;171;0088;171;RM171D0088;;;;;;;;
1063;RM171D0089;Centro educativo;Pública;Público;Comunidad de Madrid;CEPA VILLAVERDE (Centro de Educación de Personas Adultas);CALLE;VILLALONSO;10;28021;Madrid;17;171;40,3498511;-3,7086998;NO;8;21;0;0;0;0;No;NO;;;44,0585509;0089;171;0089;171;RM171D0089;;;;;;;;
1796;RM175D0090;Centro educativo;Pública;Público;Comunidad de Madrid;CEIP Ciudad de Córdoba;CALLE;LILLO;1;28041;Madrid;17;175;40,362478;-3,6966787;NO;8;16;0;0;0;0;No;NO;;;44,0591567;0090;175;0090;175;RM175D0090;;;;;;;;
1794;RM175D0091;Viviendas;Privada;Privado;Comunidad de propietarios;junto a conserjeria;CALLE;EL ASOMBRO DE DAMASCO;14;28041;Madrid;17;175;40,35770501;-3,702472149;NO;9;23;9;23;9;23;No;NO;NOT VALID-DUPLICATED;it was RM175D0091 iqual to RM175D0092;44,06017716;0091;175;0091;175;RM175D0091;;;;;;;;
1844;RM175D0092;Centro residencial de uso público;Privada;Privado;Residencial Monfragüe;Residencial Monfragüe;CALLE;EL ASOMBRO DE DAMASCO;14;28041;Madrid;17;175;40,35770501;-3,702472149;NO;8;20;8;20;8;20;No;NO;;;44,06017716;0092;175;0092;175;RM175D0092;;;;;;;;
2697;RM171D0093;Centro educativo;Pública;Público;Comunidad de Madrid;IES Celestino Mutis ;CALLE;HUERTA DE VILLAVERDE;15;28021;Madrid;17;171;40,348159;-3,7127301;NO;8;18;0;0;0;0;No;NO;;;44,0608891;0093;171;0093;171;RM171D0093;;;;;;;;
1795;RM175D0094;Otro establecimiento administración pública;Pública;Público;Comunidad de Madrid;Junto a conserjeria;CALLE;SAN LUCIANO;8;28041;Madrid;17;175;40,36303773;-3,698122682;NO;9;21;9;21;9;21;No;NO;;;44,06116041;0094;175;0094;175;RM175D0094;;;;;;;;
1876;RM175D0095;Otro establecimiento administración pública;Pública;Público;Ayuntamiento de Madrid;Centro Municipal Mayores San Luciano;CALLE;SAN LUCIANO;16;28041;Madrid;17;175;40,36303773;-3,698122682;NO;9;9;9;9;9;9;No;NO;;;44,06116041;0095;175;0095;175;RM175D0095;;;;;;;;
1056;RM171D0096;Centro deportivo;Pública;Público;Ayuntamiento de Madrid;CDM Plata y Castañar;PASEO;PLATA Y CASTAÑAR;7;28021;Madrid;17;171;40,3503672;-3,7185465;NO;9;21;9;21;9;21;Sí;YES;;;44,0689137;0096;171;0096;171;RM171D0096;;;;;;;;
1060;RM171D0097;Centro residencial de uso público;Privada;Público;RESIDENCIA DE MAYORES PLATA Y CASTAÑAR;Residencia de mayores Plata y Castañar;PASEO;PLATA Y CASTAÑAR;38;28021;Madrid;17;171;40,3526839;-3,7189837;24 horas;;;;;;;;YES;;;44,0716676;0097;171;0097;171;RM171D0097;;;;;;;;
1258;RM183D0001;Transportes-Metro;Pública;Privado;Metro de Madrid;Metro-Depósito Valdecarros;AVENIDA;CERRO MILANO;S/N;28051;Madrid;18;183;40,35221092;-3,585729391;NO;6;2;6;2;6;2;Sí;YES;;;43,93794031;0001;183;0001;183;RM183D0001;;;;;;;;
3421;RM183D0002;Centro deportivo;Pública;Público;Campo de Rugby Las Leonas;Campo de Rugby Las Leonas;CALLE;ARTE HIPERREALISTA;3;28051;Madrid;18;183;40,3580164;-3,5880322;24 horas;;;;;;;;YES;;;43,9460486;0002;183;0002;183;RM183D0002;;;;;;;;
3419;RM183D0003;Viviendas;Privada;Público;Viviendas privadas ;Hall de entrada, consejería ;CALLE;ARTE EXPRESIONISTA;24;28051;Madrid;18;183;40,3617992;-3,5886599;24 horas;;;;;;;;YES;;;43,9504591;0003;183;0003;183;RM183D0003;;;;;;;;
1208;RM183D0004;Viviendas;Privada;Privado;COMUNIDAD DE PROPIETARIOS C/ ARTE POP 1-11;Consejería COMUNIDAD DE PROPIETARIOS C/ ARTE POP 1-11;CALLE;ARTE POP;1;28051;Madrid;18;183;40,36377931;-3,587384177;NO;7;23;0;0;0;0;No;NO;;;43,95116349;0004;183;0004;183;RM183D0004;;;;;;;;
1263;RM183D0005;Transportes-Metro;Pública;Público;Metro de Madrid;Estación de Metro Valdecarros;AVENIDA;ENSANCHE DE VALLECAS;120;28051;Madrid;18;183;40,35997458;-3,593239707;NO;6;2;6;2;6;2;No;YES;;;43,95321429;0005;183;0005;183;RM183D0005;;;;;;;;
1265;RM183D0006;Otro establecimiento administración pública;Pública;Público;Ayuntamiento de Madrid;CENTRO DE DÍA MUNICIPAL CARMEN SEVILLA;AVENIDA;ENSANCHE DE VALLECAS;91;28051;Madrid;18;183;40,36101125;-3,593119244;NO;8;18;0;0;0;0;No;NO;;;43,95413049;0006;183;0006;183;RM183D0006;;;;;;;;
1321;RM183D0007;Otro establecimiento administración pública;Pública;Público;CENTRO DE SERVICIO SOCIALES MARIA DE ECHARRI Y MARTINEZ ;CENTRO DE SERVICIO SOCIALES MARIA DE ECHARRI Y MARTINEZ ;CALLE;FERNANDO CHUECA GOITIA;2;28051;Madrid;18;183;40,36152;-3,59375;NO;9;19;0;0;0;0;No;NO;;;43,95527;0007;183;0007;183;RM183D0007;;;;;;;;
3422;RM183D0008;Centro educativo;Pública;Público;Comunidad de Madrid;CEIP Loyola de Palacio;CALLE;EMBALSE DE NAVACERRADA;60;28051;Madrid;18;183;40,360574;-3,598267;NO;9;17;0;0;0;0;No;NO;;;43,958841;0008;183;0008;183;RM183D0008;;;;;;;;
1315;RM183D0009;Transportes-Metro;Pública;Público;Metro de Madrid;Estación de Metro Las Suertes;AVENIDA;ENSANCHE DE VALLECAS;80;28051;Madrid;18;183;40,36314007;-3,599592055;NO;6;2;6;2;6;2;No;YES;;;43,96273213;0009;183;0009;183;RM183D0009;;;;;;;;
1260;RM183D0010;Viviendas;Privada;Privado;Comunidad de Propietarios Avda de Las Suertes 55;Avenida de las Suertes 55;AVENIDA;LAS SUERTES;55;28051;Madrid;18;183;40,36638537;-3,597465398;NO;9;21;9;15;0;0;No;NO;;;43,96385077;0010;183;0010;183;RM183D0010;;;;;;;;
837;RM183D0011;Centro educativo;Privada;Público;Colegio Torrevilano;Colegio Torrevilano Ensanche de Vallecas;CALLE;EMBALSE DE NAVACERRADA;9;28051;Madrid;18;183;40,3627066;-3,6020639;NO;9;17;0;0;0;0;No;NO;;;43,9647705;0011;183;0011;183;RM183D0011;;;;;;;;
1322;RM183D0012;Centro comercial;Privada;Público;CARREFOUR VALLECAS LA GAVIA;Mostrador Atención al Cliente;CALLE;ADOLFO BIOY CASARES;2;28051;Madrid;18;183;40,36785403;-3,597431253;NO;9;22;9;22;9;22;No;NO;;;43,96528528;0012;183;0012;183;RM183D0012;;;;;;;;
1324;RM183D0013;Centro deportivo;Privada;Público;FITNESS PARK MADRID - LA GAVIA;Primera planta;CALLE;ADOLFO BIOY CASARES;2;28051;Madrid;18;183;40,36784496;-3,597442952;NO;6;1;6;1;6;1;No;NO;;;43,96528791;0013;183;0013;183;RM183D0013;;;;;;;;
1261;RM183D0014;Viviendas;Privada;Privado;C.P. ALFAGUARA II ;C.P. ALFAGUARA II ENSANCHE DE VALLECAS ;AVENIDA;ENSANCHE DE VALLECAS;76;28051;Madrid;18;183;40,36408632;-3,60127289;24 horas;;;;;;;;YES;;;43,96535921;0014;183;0014;183;RM183D0014;;;;;;;;
1323;RM183D0015;Centro comercial;Privada;Público;CC La Gavia;Centro Comercial La Gavia planta baja frente aseos;CALLE;ADOLFO BIOY CASARES;2;28051;Madrid;18;183;40,36801491;-3,597680022;NO;10;22;10;22;10;22;No;NO;NOT VALID;it was RM183D0015;43,96569493;0015;183;0015;183;RM183D0015;;;;;;;;
1319;RM183D0016;Centro comercial;Privada;Público;Ikea;IKEA ENSANCHE VALLECAS;CALLE;ALTO DEL RETIRO;33;28051;Madrid;18;183;40,37025814;-3,595944784;NO;10;22;10;22;10;22;No;NO;;;43,96620292;0016;183;0016;183;RM183D0016;;;;;;;;
1368;RM183D0017;Centro educativo;Privada;Público;Colegio GSD Las Suertes ;Colegio GSD Las Suertes;CALLE;RAFAEL DE LEÓN;10;28051;Madrid;18;183;40,3660465;-3,6004123;NO;7;21;0;0;0;0;No;NO;;;43,9664588;0017;183;0017;183;RM183D0017;;;;;;;;
1222;RM183D0018;Centro comercial;Privada;Público;CC La Gavia;Centro Comercial La Gavia ;CALLE;ADOLFO BIOY CASARES;2;28051;Madrid;18;183;40,3672755;-3,5992613;NO;10;22;10;22;10;22;Sí;YES;;;43,9665368;0018;183;0018;183;RM183D0018;;;;;;;;
1217;RM183D0019;Centro educativo;Privada;Público;Colegio Gredos San Diego Las Suertes;Colegio Gredos San Diego Las Suertes;CALLE;RAFAEL DE LEÓN;10;28051;Madrid;18;183;40,3663;-3,60058;NO;7;21;0;0;0;0;No;NO;;;43,96688;0019;183;0019;183;RM183D0019;;;;;;;;
920;RM183D0020;Viviendas;Privada;Privado;Comunidad de propietarios Avenida del Ensanche de Vallecas 55-59;Edificio Avenida Ensanche de Vallecas 55-59;AVENIDA;ENSANCHE DE VALLECAS;55-57;28051;Madrid;18;183;40,3652751;-3,6019371;24 horas;;;;;;;;YES;;;43,9672122;0020;183;0020;183;RM183D0020;;;;;;;;
841;RM183D0021;Centro deportivo;Pública;Público;Ayuntamiento de Madrid;CDM Juan de Dios Román ;CALLE;JOSÉ GUTIÉRREZ MAROTO;34;28051;Madrid;18;183;40,36394;-3,60514;NO;9;23;9;21;9;21;No;NO;;;43,96908;0021;183;0021;183;RM183D0021;;;;;;;;
847;RM183D0022;Centro de trabajo (no administración pública);Privada;Privado;Fundación Gredos San Diego;Fundación GSD;CALLE;JOSÉ GUTIÉRREZ MAROTO;26;28051;Madrid;18;183;40,3661454;-3,6034043;NO;9;18;0;0;0;0;No;NO;;;43,9695497;0022;183;0022;183;RM183D0022;;;;;;;;
849;RM183D0023;Centro de trabajo (no administración pública);Privada;Privado;Orona Group;Edificio Orona (se ve desde la A3 y m45 y es un edificio muy conocido en el barrio);CALLE;JOSÉ GUTIÉRREZ MAROTO;22;28051;Madrid;18;183;40,3662182;-3,6033426;NO;9;18;0;0;0;0;No;NO;;;43,9695608;0023;183;0023;183;RM183D0023;;;;;;;;
1298;RM183D0024;Centro de trabajo (no administración pública);Privada;Privado;Edificio Grupo Ortiz;Edificio Grupo Ortiz;AVENIDA;ENSANCHE DE VALLECAS;44;28051;Madrid;18;183;40,3678079;-3,6084026;24 horas;;;;;;;;YES;;;43,9762105;0024;183;0024;183;RM183D0024;;;;;;;;
1366;RM183D0025;Centro deportivo;Privada;Público;Body Factory - Grupo Ortiz ;Gimnasio Body Factory ;AVENIDA;ENSANCHE DE VALLECAS;37;28051;Madrid;18;183;40,3682651;-3,6080392;NO;6;23;8;21;8;15;Sí;YES;;;43,9763043;0025;183;0025;183;RM183D0025;;;;;;;;
1374;RM183D0026;Centro de trabajo (no administración pública);Privada;Privado;Securitas Seguridad España;Edificio Securitas ;CALLE;ENTREPEÑAS;27;28051;Madrid;18;183;40,3711733;-3,6055699;NO;8;18;0;0;0;0;Sí;YES;;;43,9767432;0026;183;0026;183;RM183D0026;;;;;;;;
3423;RM183D0027;Viviendas;Privada;Público;Viviendas privadas ;Zona común, al lado de los baños de la finca ;CALLE;PUENTEDEY;25;28051;Madrid;18;183;40,3678564;-3,6115968;24 horas;;;;;;;;NO;NOT VALID;it was RM183D0027;43,9794532;0027;183;0027;183;RM183D0027;;;;;;;;
1294;RM183D0028;Viviendas;Privada;Privado;Comunidad de Propietarios Avenida de las Suertes 13;Edificio Avenida de las Suertes 13;AVENIDA;LAS SUERTES;13;28051;Madrid;18;183;40,3719291;-3,6089116;24 horas;;;;;;;;YES;;;43,9808407;0028;183;0028;183;RM183D0028;;;;;;;;
1264;RM183D0029;Transportes-Metro;Pública;Público;Metro de Madrid;Estación de Metro La Gavia;CALLE;ALTO DE LA SARTENILLA;2;28051;Madrid;18;183;40,36937;-3,61253;NO;6;2;6;2;6;2;No;YES;;;43,9819;0029;183;0029;183;RM183D0029;;;;;;;;
1494;RM183D0030;Centro educativo;Privada;Público;Colegio Nueva Castilla Zazuar ;Colegio Nueva Castilla Zazuar;CALLE;MAZATERÓN;12;28051;Madrid;18;183;40,3762759;-3,6072556;NO;9;19;0;0;0;0;No;NO;;;43,9835315;0030;183;0030;183;RM183D0030;;;;;;;;
3521;RM182D0031;Centro residencial de uso público;Pública;Público;Ayuntamiento de Madrid;Centro Municipal de mayores  Santa Eugenia;CALLE;VIRGEN DE LAS VIÑAS;1;28031;Madrid;18;182;40,380917;-3,603812;NO;9;21;0;0;0;0;No;NO;;;43,984729;0031;182;0031;182;RM182D0031;;;;;;;;
1372;RM183D0032;Viviendas;Privada;Privado;Comunidad de Propietarios Avenida de la Gavia  14;Edificio Avda de La Gavia 14;AVENIDA;LA GAVIA;14;28051;Madrid;18;183;40,3750757;-3,6103019;24 horas;;;;;;;;YES;;;43,9853776;0032;183;0032;183;RM183D0032;;;;;;;;
2028;RM182D0033;Centro deportivo;Pública;Público;Centro deportivo ;Polideportivo Cerro Almodovar;CALLE;CERRO DE ALMODÓVAR;9;28031;Madrid;18;182;40,3826569;-3,6029128;NO;8;23;8;21;8;21;No;NO;;;43,9855697;0033;182;0033;182;RM182D0033;;;;;;;;
1502;RM183D0034;Centro educativo;Pública;Público;Comunidad de Madrid;IES María Rodrigo ;CALLE;TALAMANCA DEL JARAMA;2;28051;Madrid;18;183;40,3669899;-3,6199881;NO;8;15;0;0;0;0;No;NO;;;43,986978;0034;183;0034;183;RM183D0034;;;;;;;;
1289;RM183D0035;Centro residencial de uso público;Pública;Público;Residencia y Centro de Mayores Ensanche de Vallecas ;Centro de Mayores Ensanche de Vallecas ;AVENIDA;CERRO MILANO;1;28051;Madrid;18;183;40,3687288;-3,6186272;24 horas;;;;;;;;YES;;;43,987356;0035;183;0035;183;RM183D0035;;;;;;;;
1325;RM183D0036;Centro residencial de uso público;Pública;Público;RESIDENCIA DE MAYORES Y CENTRO DE DIA ENSANCHE VALLECAS;RESIDENCIA DE MAYORES Y CENTRO DE DIA ENSANCHE VALLECAS;AVENIDA;CERRO MILANO;1;28051;Madrid;18;183;40,36907;-3,61862;NO;8;18;0;0;0;0;No;NO;;;43,98769;0036;183;0036;183;RM183D0036;;;;;;;;
1503;RM183D0037;Centro educativo;Pública;Público;Comunidad de Madrid;CEIP Agustín Rodríguez de Sahaún;CALLE;LA GRANJA DE SAN ILDEFONSO;17;28051;Madrid;18;183;40,3676132;-3,6213681;NO;9;16;0;0;0;0;No;NO;;;43,9889813;0037;183;0037;183;RM183D0037;;;;;;;;
2033;RM182D0038;Centro residencial de uso público;Pública;Público;Residencia Los Nogales;Residencia Los Nogales Santa Eugenia;CALLE;ZAZUAR;15;28031;Madrid;18;182;40,3818697;-3,6071405;24 horas;;;;;;;;YES;;;43,9890102;0038;182;0038;182;RM182D0038;;;;;;;;
3492;RM182D0039;Centro educativo;Pública;Público;Comunidad de Madrid;CEIP Ciudad de Valencia;AVENIDA;MEDITERRÁNEO;km 9;28031;Madrid;18;182;40,385591;-3,60439;NO;8;17;0;0;0;0;No;NO;;;43,989981;0039;182;0039;182;RM182D0039;;;;;;;;
3456;RM181D0040;Transportes-Metro;Pública;Público;Comunidad de Madrid;Estación de Metro Congosto;CALLE;CONGOSTO;25;28031;Madrid;18;181;40,371929;-3,618614;NO;6;2;6;2;6;2;No;YES;;;43,990543;0040;181;0040;181;RM181D0040;;;;;;;;
2016;RM182D0041;Centro educativo;Pública;Público;Comunidad de Madrid;CEPA Vallecas;PLAZA;ANTONIO MARÍA SEGOVIA;1;28031;Madrid;18;182;40,38126;-3,61295;NO;9;21;0;0;0;0;No;NO;;;43,99421;0041;182;0041;182;RM182D0041;;;;;;;;
2024;RM182D0042;Transportes-Renfe;Pública;Público;ADIF;Estación de Cercanías Santa Eugenia;AVENIDA;SANTA EUGENIA;2;28031;Madrid;18;182;40,386868;-3,608877;NO;5;0;6;0;6;0;No;YES;;;43,995745;0042;182;0042;182;RM182D0042;;;;;;;;
2023;RM182D0043;Centro deportivo;Privada;Público;Vivagym;VivaGym;AVENIDA;SANTA EUGENIA;6;28031;Madrid;18;182;40,3855551;-3,6103522;NO;7;22;9;20;10;15;No;NO;;;43,9959073;0043;182;0043;182;RM182D0043;;;;;;;;
2021;RM182D0044;Otro establecimiento administración pública;Pública;Público;CEAR centro de refugiafos;Centro de refugiados;AVENIDA;SANTA EUGENIA;14;28031;Madrid;18;182;40,3845378;-3,6130783;24 horas;;;;;;;;YES;;;43,9976161;0044;182;0044;182;RM182D0044;;;;;;;;
2017;RM182D0045;Centro educativo;Pública;Público;Colegio bilingüe José Echegaray;Colegio de educación infantil, primaria y secundaria;CALLE;ENRIQUE GARCÍA ÁLVAREZ;S/N;28031;Madrid;18;182;40,3825338;-3,6152443;NO;8;18;0;0;0;0;No;NO;;;43,9977781;0045;182;0045;182;RM182D0045;;;;;;;;
2040;RM181D0046;Centro educativo;Pública;Público;Colegi Mater Amabilis ;Instituto Mater Amabilis ;CALLE;GAVIA SECA;15;28031;Madrid;18;181;40,378974;-3,6193661;NO;8;19;0;0;0;0;No;NO;;;43,9983401;0046;181;0046;181;RM181D0046;;;;;;;;
2041;RM181D0047;Transportes-Metro;Pública;Público;Metro de Madrid;Estación de Metro Villa de Vallecas;PASEO;FEDERICO GARCÍA LORCA;3;28031;Madrid;18;181;40,3793225;-3,6209491;NO;6;2;6;2;6;2;No;YES;;;44,0002716;0047;181;0047;181;RM181D0047;;;;;;;;
3069;RM181D0048;Otro establecimiento administración pública;Pública;Privado;Bomberos de Madrid;BOMBEROS LOGISTICA 2;CALLE;EL REAL DE SAN VICENTE;61;28051;Madrid;18;181;40,368841;-3,633482;24 horas;;;;;;;;YES;;;44,002323;0048;181;0048;181;RM181D0048;;;;;;;;
471;RM181D0049;Otro;Privada;Público;Gasolinera BP;BP Mayorazgo;AVENIDA;MAYORAZGO;18;28031;Madrid;18;181;40,3702545;-3,6332295;24 horas;;;;;;;;YES;;;44,003484;0049;181;0049;181;RM181D0049;;;;;;;;
472;RM181D0050;Otro establecimiento administración pública;Privada;Público;AMAVIR;Residencia Amavir;AVENIDA;MAYORAZGO;14;28031;Madrid;18;181;40,3705209;-3,6338501;24 horas;;;;;;;;YES;;;44,004371;0050;181;0050;181;RM181D0050;;;;;;;;
2793;RM181D0051;Viviendas;Privada;Privado;Comunidad de Propietarios Via Agora San Jaime;Via Agora San Jaime;CALLE;SAN JAIME;64;28031;Madrid;18;181;40,38119819;-3,624409327;24 horas;;;;;;;;YES;;;44,00560752;0051;181;0051;181;RM181D0051;;;;;;;;
637;RM183D0052;Otro;Pública;Público;Vienext;Vienext;CALLE;CABEZA MESADA;5;28031;Madrid;18;183;40,3764644;-3,6293208;24 horas;;;;;;;;YES;;;44,0057852;0052;183;0052;183;RM183D0052;;;;;;;;
636;RM183D0053;Otro establecimiento administración pública;Pública;Público;SEPE;SEPE;CALLE;CABEZA MESADA;5;28031;Madrid;18;183;40,3768785;-3,6297895;NO;8;15;0;0;0;0;Sí;YES;;;44,006668;0053;183;0053;183;RM183D0053;;;;;;;;
2783;RM181D0054;Transportes-Renfe;Pública;Público;ADIF;Estación de Cercanías Vallecas;CALLE;SIERRA DE GUADALUPE;S/N;28031;Madrid;18;181;40,3820707;-3,624664783;NO;5;0;6;0;6;0;No;YES;;;44,00673548;0054;181;0054;181;RM181D0054;;;;;;;;
599;RM181D0055;Otro establecimiento administración pública;Pública;Privado;ONCE;Imprenta ONCE;CAMINO;HORMIGUERAS;172;28031;Madrid;18;181;40,3760075;-3,6336898;24 horas;;;;;;;;YES;;;44,0096973;0055;181;0055;181;RM181D0055;;;;;;;;
610;RM181D0056;Otro;Privada;Público;Putzmeister;173;CAMINO;HORMIGUERAS;173;28031;Madrid;18;181;40,3774215;-3,6325204;NO;7;17;0;0;0;0;Sí;YES;;;44,0099419;0056;181;0056;181;RM181D0056;;;;;;;;
1484;RM181D0057;Otro establecimiento administración pública;Pública;Público;Ayuntamiento de Madrid;Centro de Emergencia Temporal La Caracola ;AVENIDA;MAYORAZGO;1;28031;Madrid;18;181;40,3733713;-3,6368887;24 horas;;;;;;;;YES;;;44,01026;0057;181;0057;181;RM181D0057;;;;;;;;
603;RM181D0058;Centro educativo;Privada;Público;Urbaser SA;GSD;CAMINO;HORMIGUERAS;171;28031;Madrid;18;181;40,3773035;-3,6331182;NO;8;18;0;0;0;0;Sí;YES;;;44,0104217;0058;181;0058;181;RM181D0058;;;;;;;;
613;RM181D0059;Otro;Privada;Privado;Fain Ascensores SA;FAIN;CALLE;PUERTO DE POZAZAL;29;28031;Madrid;18;181;40,3796164;-3,631026561;NO;7;15;0;0;0;0;No;NO;;;44,01064296;0059;181;0059;181;RM181D0059;;;;;;;;
604;RM181D0060;Otro;Privada;Privado;URBASER;Encargados Urbaser;CAMINO;HORMIGUERAS;171;28031;Madrid;18;181;40,3773088;-3,6334662;24 horas;;;;;;;;YES;;;44,010775;0060;181;0060;181;RM181D0060;;;;;;;;
597;RM181D0061;Otro;Privada;Público;AYESA;ONCE Ayesa;CAMINO;HORMIGUERAS;172;28031;Madrid;18;181;40,37555;-3,6355808;24 horas;;;;;;;;YES;;;44,0111308;0061;181;0061;181;RM181D0061;;;;;;;;
590;RM181D0062;Otro establecimiento administración pública;Pública;Público;Correos;CTT Correos;CAMINO;HORMIGUERAS;169;28031;Madrid;18;181;40,3768013;-3,6353534;24 horas;;;;;;;;YES;;;44,0121547;0062;181;0062;181;RM181D0062;;;;;;;;
517;RM181D0063;Hotel, hostal, alojamiento;Privada;Público;Ibis Hotels;IBIS BUDGET;CALLE;CASAS DE MIRAVETE;17;28031;Madrid;18;181;40,3721153;-3,6404969;24 horas;;;;;;;;YES;;;44,0126122;0063;181;0063;181;RM181D0063;;;;;;;;
474;RM181D0064;Otro establecimiento administración pública;Pública;Público;Estatal y Regional;Archivo General;CALLE;GONZÁLEZ DÁVILA;20;28031;Madrid;18;181;40,3749659;-3,6385664;24 horas;;;;;;;;YES;;;44,0135323;0064;181;0064;181;RM181D0064;;;;;;;;
588;RM181D0065;Otro;Privada;Público;FCC Servicios;FCC;CAMINO;HORMIGUERAS;161;28031;Madrid;18;181;40,3761219;-3,6376638;24 horas;;;;;;;;YES;;;44,0137857;0065;181;0065;181;RM181D0065;;;;;;;;
1875;RM181D0066;Centro de trabajo (no administración pública);Privada;Privado;Correos;Correos CAM 4;CALLE;EJE 9;4;28053;Madrid;18;181;40,3637106;-3,6501136;NO;9;20;0;0;0;0;No;NO;;;44,0138242;0066;181;0066;181;RM181D0066;;;;;;;;
1915;RM181D0067;Centro de trabajo (no administración pública);Privada;Público;Correos;Correos CAM1;CALLE;EJE 5;4;28053;Madrid;18;181;40,3615;-3,652739;NO;9;20;0;0;0;0;Sí;YES;;;44,014239;0067;181;0067;181;RM181D0067;;;;;;;;
525;RM181D0068;Otro;Privada;Público;CEPSA;Cepsa Atalayuela;CARRETERA;VILLAVERDE A VALLECAS;248;28031;Madrid;18;181;40,3699562;-3,644596;24 horas;;;;;;;;YES;;;44,0145522;0068;181;0068;181;RM181D0068;;;;;;;;
526;RM181D0069;Otro;Privada;Público;SEUR;SEUR;CARRETERA;VILLAVERDE A VALLECAS;257;28031;Madrid;18;181;40,370396;-3,6445202;NO;8;22;8;14;0;0;Sí;YES;;;44,0149162;0069;181;0069;181;RM181D0069;;;;;;;;
528;RM181D0070;Otro;Privada;Público;SEUR;SEUR vehículos;CARRETERA;VILLAVERDE A VALLECAS;257;28031;Madrid;18;181;40,3704267;-3,644537;NO;4;0;4;0;0;0;Sí;YES;;;44,0149637;0070;181;0070;181;RM181D0070;;;;;;;;
1871;RM181D0071;Centro de trabajo (no administración pública);Privada;Público;Correos;Correos CAM2 Nave S9A;CALLE;EJE 8;8;28053;Madrid;18;181;40,36424854;-3,651177019;NO;9;20;0;0;0;0;No;NO;;;44,01542556;0071;181;0071;181;RM181D0071;;;;;;;;
508;RM181D0072;Otro;Privada;Privado;Trane Aire Acondicionado;Parque Empresarial Pérez Iglesias;CALLE;CASAS DE MIRAVETE;22;28031;Madrid;18;181;40,3738093;-3,6423956;NO;7;19;0;0;0;0;No;NO;;;44,0162049;0072;181;0072;181;RM181D0072;;;;;;;;
584;RM181D0073;Otro;Privada;Privado;Industrias Duero SL;DUERO;CALLE;GONZÁLEZ DÁVILA;1;28031;Madrid;18;181;40,377708;-3,6392711;NO;7;15;0;0;0;0;No;NO;;;44,0169791;0073;181;0073;181;RM181D0073;;;;;;;;
479;RM181D0074;Otro;Privada;Público;Grupo SIFU;SIFU Servicios;CALLE;LUIS I;7;28031;Madrid;18;181;40,3766834;-3,6403663;NO;8;18;0;0;0;0;No;NO;;;44,0170497;0074;181;0074;181;RM181D0074;;;;;;;;
500;RM181D0075;Otro;Pública;Privado;Canal de Isabel II;Hispanagua;CAMINO;HORMIGUERAS;130;28031;Madrid;18;181;40,3745736;-3,6432016;NO;7;15;0;0;0;0;No;NO;;;44,0177752;0075;181;0075;181;RM181D0075;;;;;;;;
538;RM181D0076;Centro de trabajo (no administración pública);Privada;Público;SEUR;SEUR;CALLE;GAMONAL;6;28031;Madrid;18;181;40,3718425;-3,6460477;NO;8;22;0;0;0;0;No;NO;;;44,0178902;0076;181;0076;181;RM181D0076;;;;;;;;
536;RM181D0077;Centro de trabajo (no administración pública);Privada;Público;SEUR;SEUR;CALLE;GAMONAL;2;28031;Madrid;18;181;40,3712829;-3,6466801;NO;8;22;0;0;0;0;No;NO;;;44,017963;0077;181;0077;181;RM181D0077;;;;;;;;
496;RM181D0078;Otro;Privada;Privado;Game Stores Iberia SLU;GAME STORES;CAMINO;HORMIGUERAS;124;28031;Madrid;18;181;40,3742934;-3,6442721;NO;7;15;0;0;0;0;No;NO;;;44,0185655;0078;181;0078;181;RM181D0078;;;;;;;;
491;RM181D0079;Otro;Privada;Privado;FCC AQUALIA S.A.;Aqualia;CAMINO;HORMIGUERAS;131;28031;Madrid;18;181;40,3744047;-3,6442802;NO;7;22;0;0;0;0;No;NO;;;44,0186849;0079;181;0079;181;RM181D0079;;;;;;;;
1872;RM181D0080;Otro;Privada;Público;Edificio de oficinas;Edificio CTM;AVENIDA;EJE CENTRAL;S/N;28053;Madrid;18;181;40,365823;-3,65313;24 horas;;;;;;;;YES;;;44,018953;0080;181;0080;181;RM181D0080;;;;;;;;
1873;RM181D0081;Centro de trabajo (no administración pública);Privada;Privado;EIGO;Oficina 230/B (2ª planta);AVENIDA;EJE CENTRAL;S/N;28053;Madrid;18;181;40,365937;-3,653151;NO;9;19;0;0;0;0;No;NO;;;44,019088;0081;181;0081;181;RM181D0081;;;;;;;;
1939;RM181D0082;Centro de trabajo (no administración pública);Privada;Público;Trabajadores del Mercado;Mercado MERCAMADRID Nave D;CALLE;CUARENTA Y CUATRO MERCAMADRID;6;28053;Madrid;18;181;40,36057676;-3,659042742;NO;5;18;5;14;0;0;Sí;YES;;;44,0196195;0082;181;0082;181;RM181D0082;;;;;;;;
1920;RM181D0083;Centro educativo;Privada;Público;Autoescuela GALA;AUTOESCUELA GALA;AVENIDA;EJE CENTRAL;3;28053;Madrid;18;181;40,36481184;-3,655120238;NO;9;19;0;0;0;0;No;NO;;;44,01993208;0083;181;0083;181;RM181D0083;;;;;;;;
483;RM181D0084;Otro;Privada;Privado;Grupo COBRA;COBRA;CALLE;LUIS I;35;28031;Madrid;18;181;40,3757069;-3,6443496;NO;8;20;0;0;0;0;No;NO;;;44,0200565;0084;181;0084;181;RM181D0084;;;;;;;;
535;RM181D0085;Otro;Privada;Privado;Canal de Isabel II;Hispanagua;CAMINO;HORMIGUERAS;111;28031;Madrid;18;181;40,373792;-3,6467619;NO;7;15;0;0;0;0;No;NO;;;44,0205539;0085;181;0085;181;RM181D0085;;;;;;;;
1874;RM181D0086;Hotel, hostal, alojamiento;Privada;Público;Hotel Diana Plus;Edificio CTM;CALLE;EJE 1;S/N;28053;Madrid;18;181;40,36611;-3,65453;24 horas;;;;;;;;YES;;;44,02064;0086;181;0086;181;RM181D0086;;;;;;;;
1960;RM181D0087;Otro;Pública;Público;NAVE DE HOSTELERIA;CENTRO NAVE DE HOSTELERIA;CALLE;CUARENTA Y SEIS MERCAMADRID;1;28053;Madrid;18;181;40,3631217;-3,659456225;NO;5;18;5;14;0;0;Sí;YES;;;44,02257793;0087;181;0087;181;RM181D0087;;;;;;;;
1950;RM181D0088;Centro de trabajo (no administración pública);Privada;Público;Trabajadores MERCAMADRID;Mercado MERCAMADRID;CALLE;CUARENTA Y SEIS MERCAMADRID;2;28053;Madrid;18;181;40,3628994;-3,659919411;NO;5;18;5;14;0;0;Sí;YES;;;44,02281881;0088;181;0088;181;RM181D0088;;;;;;;;
1944;RM181D0089;Centro de trabajo (no administración pública);Privada;Público;Trabajadores MERCAMADRID;Mercado MERCAMADRID;CALLE;CUARENTA Y CUATRO MERCAMADRID;3;28053;Madrid;18;181;40,3625514;-3,660681755;NO;5;18;5;14;0;0;Sí;YES;;;44,02323316;0089;181;0089;181;RM181D0089;;;;;;;;
534;RM181D0090;Centro de trabajo (no administración pública);Privada;Privado;SEUR NOW;SEUR;CALLE;LUIS I;62;28031;Madrid;18;181;40,3751342;-3,648225;NO;8;18;0;0;0;0;No;NO;;;44,0233592;0090;181;0090;181;RM181D0090;;;;;;;;
1930;RM181D0091;Centro de trabajo (no administración pública);Privada;Público;Trabajadores de Mercamadrid;MERCADO DE FRUTAS Y HORTALIZAS NAVE A;CALLE;CUARENTA Y DOS MERCAMADRID;3;28053;Madrid;18;181;40,36176343;-3,66172873;NO;5;18;5;14;0;0;Sí;YES;;;44,02349216;0091;181;0091;181;RM181D0091;;;;;;;;
313;RM194D0001;Viviendas;Privada;Privado;Comunidad de propietarios;URBANIZACION CHALETS;CALLE;CERRO DEL MONTE;14-20;28052;Madrid;19;194;40,407198;-3,548883;24 horas;;;;;;;;YES;;;43,956081;0001;194;0001;194;RM194D0001;;;;;;;;
311;RM194D0002;Viviendas;Privada;Privado;Comunidad de propietarios;URBANIZACION;CALLE;CONCEJAL VICTORINO GRANIZO;71-105;28052;Madrid;19;194;40,401316;-3,561483;24 horas;;;;;;;;YES;;;43,962799;0002;194;0002;194;RM194D0002;;;;;;;;
1607;RM191D0003;Transportes-Metro;Privada;Público;Metro de Madrid;Metro-Depósito Puerta de Arganda;AVENIDA;PROVISIONAL AHIJONES BERROCALES UNO;75;28052;Madrid;19;191;40,38821625;-3,577617048;24 horas;;;;;;;;YES;;;43,9658333;0003;191;0003;191;RM191D0003;;;;;;;;
325;RM194D0004;Viviendas;Privada;Privado;Comunidad de propietarios;URBANIZACION;CALLE;FRANCISCO GRANDE COVIÁN;20-26;28052;Madrid;19;194;40,402967;-3,563028;24 horas;;;;;;;;YES;;;43,965995;0004;194;0004;194;RM194D0004;;;;;;;;
324;RM194D0005;Viviendas;Privada;Privado;Comunidad de propietarios;URBANIZACION;CALLE;FRANCISCO GRANDE COVIÁN;12 a 18;28052;Madrid;19;194;40,403051;-3,563219;24 horas;;;;;;;;YES;;;43,96627;0005;194;0005;194;RM194D0005;;;;;;;;
310;RM194D0006;Viviendas;Privada;Privado;Comunidad de propietarios;URBANIZACION;CALLE;JOSÉ ESCOBAR Y SALIENTE;37-55;28052;Madrid;19;194;40,403883;-3,563827;24 horas;;;;;;;;YES;;;43,96771;0006;194;0006;194;RM194D0006;;;;;;;;
326;RM194D0007;Viviendas;Privada;Privado;Comunidad de propietarios;URBANIZACION;CALLE;JOSÉ ESCOBAR Y SALIENTE;12 a 31;28052;Madrid;19;194;40,40388;-3,564761;24 horas;;;;;;;;YES;;;43,968641;0007;194;0007;194;RM194D0007;;;;;;;;
323;RM194D0008;Viviendas;Privada;Privado;Comunidad de propietarios;URBANIZACION;CALLE;ALTO DEL ESPARRAGAL;186-204;28052;Madrid;19;194;40,403967;-3,564826;24 horas;;;;;;;;YES;;;43,968793;0008;194;0008;194;RM194D0008;;;;;;;;
297;RM194D0009;Viviendas;Privada;Privado;Comunidad de propietarios;URBANIZACION;AVENIDA;MIGUEL DELIBES;30-44;28052;Madrid;19;194;40,406067;-3,562875;24 horas;;;;;;;;YES;;;43,968942;0009;194;0009;194;RM194D0009;;;;;;;;
306;RM194D0010;Viviendas;Privada;Privado;Comunidad de propietarios;URBANIZACION;CALLE;IMPERIO ARGENTINA;3;28052;Madrid;19;194;40,405257;-3,564245;24 horas;;;;;;;;YES;;;43,969502;0010;194;0010;194;RM194D0010;;;;;;;;
1659;RM191D0011;Centro de trabajo (no administración pública);Privada;Privado;Áridos de melo;Áridos de melo;CALLE;MIR;1;28052;Madrid;19;191;40,39780326;-3,580951272;NO;7;17;0;0;0;0;No;NO;;;43,97875453;0011;191;0011;191;RM191D0011;;;;;;;;
1655;RM191D0012;Centro de trabajo (no administración pública);Privada;Privado;Licuas;Licuas;CALLE;FUNDICIONES;6;28052;Madrid;19;191;40,39627041;-3,583000197;24 horas;;;;;;;;YES;;;43,97927061;0012;191;0012;191;RM191D0012;;;;;;;;
3066;RM191D0013;Otro establecimiento administración pública;Pública;Privado;Bomberos de Madrid;PARQUE 13 DE BOMBEROS;CALLE;LAS SANTERAS;39;28052;Madrid;19;191;40,391216;-3,589221;24 horas;;;;;;;;YES;;;43,980437;0013;191;0013;191;RM191D0013;;;;;;;;
1673;RM191D0014;Otro;Privada;Público;Fundación laboral de la construcción;Fundación laboral de la construcción;CALLE;RIVAS;25;28052;Madrid;19;191;40,39651832;-3,585641833;NO;6;17;0;0;0;0;No;NO;;;43,98216015;0014;191;0014;191;RM191D0014;;;;;;;;
1661;RM191D0015;Otro establecimiento administración pública;Pública;Público;Centro de Acogida Juan Luis Vives;Centro de acogida Luis Vives;CALLE;ALCALDE JUAN DE MATA SEVILLANO;18;28052;Madrid;19;191;40,39878541;-3,584494874;24 horas;;;;;;;;YES;;;43,98328028;0015;191;0015;191;RM191D0015;;;;;;;;
1648;RM191D0016;Centro de trabajo (no administración pública);Privada;Privado;Amazon;Caseta parking amazon;CALLE;DEHESA VIEJA;33;28052;Madrid;19;191;40,39415999;-3,592314178;24 horas;;;;;;;;YES;;;43,98647417;0016;191;0016;191;RM191D0016;;;;;;;;
1667;RM191D0017;Centro de trabajo (no administración pública);Privada;Privado;Prosegur;Edificio Prosegur Vicalvaro;CALLE;COLUMBA;15;28052;Madrid;19;191;40,40026581;-3,587477277;24 horas;;;;;;;;YES;;;43,98774309;0017;191;0017;191;RM191D0017;;;;;;;;
1670;RM191D0018;Centro de trabajo (no administración pública);Privada;Privado;Prosegur;Prosegur;CALLE;COLUMBA;15;28052;Madrid;19;191;40,40048965;-3,587750258;24 horas;;;;;;;;YES;;;43,98823991;0018;191;0018;191;RM191D0018;;;;;;;;
1642;RM191D0019;Centro de trabajo (no administración pública);Privada;Privado;Amazon;NAVE AMAZON;CALLE;PIROTECNIA;32;28052;Madrid;19;191;40,39566946;-3,593105104;24 horas;;;;;;;;YES;;;43,98877456;0019;191;0019;191;RM191D0019;;;;;;;;
300;RM194D0020;Otro;Privada;Privado;DB SCHENKER (TRANSPORTES);EMPRESA DE TRANSPORTES;CALLE;CERCEDA;9;28052;Madrid;19;194;40,40736;-3,581569;24 horas;;;;;;;;YES;;;43,988929;0020;194;0020;194;RM194D0020;;;;;;;;
1633;RM191D0021;Centro de trabajo (no administración pública);Privada;Privado;VISIOTECH;VISIOTECH;CALLE;ALBERTO SÁNCHEZ;31;28052;Madrid;19;191;40,39630584;-3,594004461;24 horas;;;;;;;;YES;;;43,99031031;0021;191;0021;191;RM191D0021;;;;;;;;
1651;RM191D0022;Centro de trabajo (no administración pública);Privada;Privado;Amazon ;Parking amazon;CALLE;DEHESA VIEJA;17;28052;Madrid;19;191;40,3951326;-3,595893018;NO;8;23;8;23;8;23;No;NO;;;43,99102562;0022;191;0022;191;RM191D0022;;;;;;;;
1634;RM191D0023;Otro establecimiento administración pública;Pública;Público;Factoría industrial Vicalvaro;Factoría industrial vicalvaro ;CALLE;DEHESA VIEJA;8;28052;Madrid;19;191;40,39499132;-3,59882579;24 horas;;;;;;;;YES;;;43,99381711;0023;191;0023;191;RM191D0023;;;;;;;;
1628;RM191D0024;Centro de trabajo (no administración pública);Privada;Privado;Julsa;Empresa Julsa;CALLE;ALCALDE PEDRO ESCARBASSIERE;5;28052;Madrid;19;191;40,39823945;-3,596144301;NO;9;0;0;0;0;0;No;NO;;;43,99438375;0024;191;0024;191;RM191D0024;;;;;;;;
554;RM193D0025;Transportes-Metro;Pública;Público;Metro de Madrid;Estación de Metro Puerta de Arganda;CALLE;SAN CIPRIANO;85;28032;Madrid;19;193;40,4013232;-3,5960289;NO;6;2;6;2;6;2;No;YES;;;43,9973521;0025;193;0025;193;RM193D0025;;;;;;;;
555;RM193D0026;Transportes-Renfe;Pública;Público;ADIF;Estación de Cercanías Vicálvaro;CALLE;SAN CIPRIANO;85;28032;Madrid;19;193;40,4014006;-3,596109;NO;5;0;6;0;6;0;No;YES;;;43,9975096;0026;193;0026;193;RM193D0026;;;;;;;;
549;RM193D0027;Centro educativo;Pública;Público;Comunidad de Madrid;Colegio Winton Churchill;AVENIDA;GRAN VÍA DEL ESTE;S/N;28032;Madrid;19;193;40,4022013;-3,5964041;NO;8;20;0;0;0;0;No;NO;;;43,9986054;0027;193;0027;193;RM193D0027;;;;;;;;
551;RM193D0028;Otro;Privada;Público;Fundación Juan XXIII;Fundación Juan XXIII;AVENIDA;GRAN VÍA DEL ESTE;1;28032;Madrid;19;193;40,403161;-3,595462;NO;8;17;0;0;0;0;No;NO;;;43,998623;0028;193;0028;193;RM193D0028;;;;;;;;
546;RM193D0029;Centro educativo;Pública;Público;Comunidad de Madrid;Colegio Carmen Laforet;CALLE;OMEGA;60;28032;Madrid;19;193;40,400034;-3,600192;NO;8;13;0;0;0;0;No;NO;;;44,000226;0029;193;0029;193;RM193D0029;;;;;;;;
3524;RM193D0030;Viviendas;Privada;Privado;Comunidad de propietarios;Comunidad de propietarios Caliza 29;CALLE;CALIZA;29;28032;Madrid;19;193;40,397758;-3,604046;24 horas;;;;;;;;YES;;;44,001804;0030;193;0030;193;RM193D0030;;;;;;;;
548;RM193D0031;Viviendas;Privada;Privado;Comunidad de propietarios;Comunidad de Vecinos Minerva 35;CALLE;MINERVA;35-41;28032;Madrid;19;193;40,40149;-3,60043;NO;7;18;0;0;0;0;No;NO;;;44,00192;0031;193;0031;193;RM193D0031;;;;;;;;
561;RM193D0032;Viviendas;Privada;Privado;Comunidad de propietarios Minerva 65;Comunidad de Vecinos La Vaguada de O'donnel;CALLE;MINERVA;65;28032;Madrid;19;193;40,3995462;-3,6024126;NO;8;21;8;21;8;21;No;NO;;;44,0019588;0032;193;0032;193;RM193D0032;;;;;;;;
543;RM193D0033;Viviendas;Privada;Privado;Alto Madrid;Urbanización Alto Madrid;CALLE;OMEGA;40-46;28032;Madrid;19;193;40,4002521;-3,6026774;NO;7;19;7;13;0;0;No;NO;;;44,0029295;0033;193;0033;193;RM193D0033;;;;;;;;
560;RM193D0034;Viviendas;Privada;Privado;Comunidad de propietarios Calle Minerva 70;Comunidad de Vecinos Minerva 70;CALLE;MINERVA;70;28032;Madrid;19;193;40,394998;-3,608115;24 horas;;;;;;;;YES;;;44,003113;0034;193;0034;193;RM193D0034;;;;;;;;
556;RM193D0035;Viviendas;Privada;Privado;Comunidad de propietarios Calle Caliza 2;Comunidad de Vecinos Valderrivas II;CALLE;CALIZA;2;28032;Madrid;19;193;40,3983104;-3,6052695;24 horas;;;;;;;;YES;;;44,0035799;0035;193;0035;193;RM193D0035;;;;;;;;
557;RM193D0036;Viviendas;Privada;Privado;Comunidad de propietarios Campo de la Torre;Comunidad de vecinos Valderrivas II;CALLE;CAMPO DE LA TORRE;9;28032;Madrid;19;193;40,397531;-3,606113;24 horas;;;;;;;;YES;;;44,003644;0036;193;0036;193;RM193D0036;;;;;;;;
559;RM193D0037;Viviendas;Privada;Privado;Comunidad de propietarios Molino Viejo 14;Comunidad de Vecinos Molino Viejo 14;CALLE;MOLINO VIEJO;14;28032;Madrid;19;193;40,3965708;-3,6072372;24 horas;;;;;;;;YES;;;44,003808;0037;193;0037;193;RM193D0037;;;;;;;;
3494;RM193D0038;Centro educativo;Pública;Público;Comunidad de Madrid;CEIP Pedro Duque;CALLE;MARMOLINA;5;28032;Madrid;19;193;40,39715;-3,607315;NO;8;17;0;0;0;0;No;NO;;;44,004465;0038;193;0038;193;RM193D0038;;;;;;;;
67;RM191D0039;Centro educativo;Pública;Público;Comedor del colegio público Vicálvaro ;Comedor colegio público Vicálvaro ;CALLE;PEDERNAL;5;28032;Madrid;19;191;40,40599;-3,59869;NO;9;15;0;0;0;0;No;NO;;;44,00468;0039;191;0039;191;RM191D0039;;;;;;;;
68;RM191D0040;Centro educativo;Pública;Público;Comunidad de Madrid;IES Villablanca;CALLE;VILLABLANCA;79;28032;Madrid;19;191;40,4063148;-3,6003325;NO;8;21;0;0;0;0;No;NO;;;44,0066473;0040;191;0040;191;RM191D0040;;;;;;;;
69;RM191D0041;Centro educativo;Pública;Público;Comunidad de Madrid;IES Villablanca edificio Automoción ;CALLE;VILLABLANCA;79;28032;Madrid;19;191;40,4063148;-3,6003325;NO;8;21;0;0;0;0;No;NO;;;44,0066473;0041;191;0041;191;RM191D0041;;;;;;;;
66;RM191D0042;Centro educativo;Pública;Público;Comunidad de Madrid;CEIP Vicálvaro;CALLE;FORGES;15;28032;Madrid;19;191;40,4052868;-3,6014005;NO;9;15;0;0;0;0;No;NO;;;44,0066873;0042;191;0042;191;RM191D0042;;;;;;;;
46;RM191D0043;Centro educativo;Pública;Público;Colegio público Alfonso X El Sabio;Colegio público Alfonso X El Sabio;CALLE;FUENTE DE SAN PEDRO;6;28032;Madrid;19;191;40,4033516;-3,6035977;NO;8;17;0;0;0;0;No;NO;;;44,0069493;0043;191;0043;191;RM191D0043;;;;;;;;
42;RM191D0044;Otro establecimiento administración pública;Pública;Público;CIEC Centro de innovación en economía de Madrid ;CIEC;CALLE;PRAT;59;28032;Madrid;19;191;40,4004454;-3,6069542;NO;8;19;0;0;0;0;Sí;YES;;;44,0073996;0044;191;0044;191;RM191D0044;;;;;;;;
3537;RM192D0045;Otro;Privada;Público;FAUNIA;FAUNIA;AVENIDA;COMUNIDADES;28;28032;Madrid;19;192;40,392741;-3,614772;NO;11;20;11;20;11;20;Sí;YES;;;44,007513;0045;192;0045;192;RM192D0045;;;;;;;;
49;RM191D0046;Transportes-Metro;Pública;Público;Metro de Madrid;Estación de Metro San Cipriano;CALLE;SAN CIPRIANO;44;28032;Madrid;19;191;40,4038175;-3,6040399;NO;6;2;6;2;6;2;No;YES;;;44,0078574;0046;191;0046;191;RM191D0046;;;;;;;;
43;RM191D0047;Centro educativo;Pública;Público;Comunidad de Madrid;CEPA Vicálvaro ;CALLE;LAGO COMO;4;28032;Madrid;19;191;40,4011554;-3,6067175;NO;9;21;0;0;0;0;No;NO;;;44,0078729;0047;191;0047;191;RM191D0047;;;;;;;;
44;RM191D0048;Otro establecimiento administración pública;Pública;Público;Ayuntamiento de Madrid;Junta Municipal Ayuntamiento de Vicálvaro ;PLAZA;DON ANTONIO DE ANDRÉS;18;28032;Madrid;19;191;40,402416;-3,605885;NO;9;17;0;0;0;0;No;NO;;;44,008301;0048;191;0048;191;RM191D0048;;;;;;;;
47;RM191D0049;Centro educativo;Pública;Público;Comunidad de Madrid;CEIP El Cid;CALLE;LAGO LEMÁN;5;28032;Madrid;19;191;40,4036251;-3,6055139;NO;8;17;0;0;0;0;No;NO;;;44,009139;0049;191;0049;191;RM191D0049;;;;;;;;
51;RM191D0050;Otro establecimiento administración pública;Pública;Público;Centro polivalente ;Centro social polivalente ;AVENIDA;REAL;12;28032;Madrid;19;191;40,4026966;-3,6071295;NO;8;20;0;0;0;0;No;NO;;;44,0098261;0050;191;0050;191;RM191D0050;;;;;;;;
78;RM191D0051;Centro deportivo;Pública;Público;Estadio de fútbol Valdebernardo. RFFM;Estadio de fútbol Valdebernardo ;AVENIDA;AURORA BOREAL;S/N;28032;Madrid;19;191;40,4005195;-3,6102684;NO;15;0;7;15;7;15;No;NO;;;44,0107879;0051;191;0051;191;RM191D0051;;;;;;;;
54;RM191D0052;Centro deportivo;Privada;Público;Centro deportivo Miami Fit;Centro deportivo Miami Fit;CALLE;LAGO TITICACA;8;28032;Madrid;19;191;40,4023899;-3,6085632;NO;6;23;9;21;9;21;No;NO;;;44,0109531;0052;191;0052;191;RM191D0052;;;;;;;;
293;RM194D0053;Viviendas;Privada;Privado;Comunidad de propietarios;URBANIZACION;CALLE;HUMILDAD;25-31;28052;Madrid;19;194;40,400873;-3,611042;24 horas;;;;;;;;YES;;;44,011915;0053;194;0053;194;RM194D0053;;;;;;;;
72;RM191D0054;Centro deportivo;Pública;Público;Ayuntamiento de Madrid;CDM Margot Moles;PASEO;POLIDEPORTIVO;3;28032;Madrid;19;191;40,409118;-3,603437;NO;8;23;8;22;8;22;No;NO;;;44,012555;0054;191;0054;191;RM191D0054;;;;;;;;
56;RM191D0055;Otro establecimiento administración pública;Pública;Público;Centro de mayores y centro de día de Vicálvaro ;Centro de mayores y centro de día de Vicálvaro ;AVENIDA;DAROCA;342;28032;Madrid;19;191;40,4034589;-3,6093068;NO;8;21;8;20;8;20;No;NO;;;44,0127657;0055;191;0055;191;RM191D0055;;;;;;;;
59;RM191D0056;Transportes-Metro;Pública;Público;Metro de Madrid;Estación de Metro Vicálvaro;PASEO;ARTILLEROS;S/N;28032;Madrid;19;191;40,40445249;-3,608867823;NO;6;2;6;2;6;2;No;YES;;;44,01332031;0056;191;0056;191;RM191D0056;;;;;;;;
62;RM191D0057;Otro establecimiento administración pública;Pública;Público;Centro cultural El Madroño;Centro cultural El Madroño;CALLE;VILLARDONDIEGO;36;28032;Madrid;19;191;40,40537;-3,6086;NO;7;22;9;21;9;20;No;NO;;;44,01397;0057;191;0057;191;RM191D0057;;;;;;;;
1596;RM192D0058;Centro comercial;Privada;Público;Centro comercial;Centro comercial Valdebernardo;BULEVAR;JOSÉ PRAT;35;28032;Madrid;19;192;40,39753579;-3,618621282;NO;8;23;8;23;8;23;Sí;YES;;;44,01615707;0058;192;0058;192;RM192D0058;;;;;;;;
1595;RM192D0059;Centro deportivo;Privada;Público;Dreamfit;Centro deportivo Dreamfit;BULEVAR;JOSÉ PRAT;35;28032;Madrid;19;192;40,39758952;-3,618680692;NO;6;23;8;20;8;15;No;NO;;;44,01627021;0059;192;0059;192;RM192D0059;;;;;;;;
1583;RM191D0060;Centro educativo;Pública;Público;URJC;Universidad edificio departamental;PASEO;ARTILLEROS;S/N;28032;Madrid;19;191;40,40717055;-3,611084386;NO;8;21;0;0;0;0;No;NO;;;44,01825494;0060;191;0060;191;RM191D0060;;;;;;;;
1589;RM192D0061;Viviendas;Privada;Privado;Comunidad de propietarios;Comunidad Propietarios;CALLE;RAYA;18;28032;Madrid;19;192;40,40099989;-3,619442535;24 horas;;;;;;;;YES;;;44,02044243;0061;192;0061;192;RM192D0061;;;;;;;;
1587;RM192D0062;Centro deportivo;Privada;Público;Valrisco SL;Polideportivo Colegio El Valle;CALLE;CORDEL DE PAVONES;2;28032;Madrid;19;192;40,40277498;-3,617702908;NO;9;22;10;14;0;0;No;NO;;;44,02047789;0062;192;0062;192;RM192D0062;;;;;;;;
1586;RM192D0063;Centro educativo;Privada;Público;Valrisco SL;Colegio El Valle;CALLE;CORDEL DE PAVONES;2;28032;Madrid;19;192;40,40280062;-3,617962402;NO;9;19;0;0;0;0;No;NO;;;44,02076302;0063;192;0063;192;RM192D0063;;;;;;;;
74;RM191D0064;Otro establecimiento administración pública;Pública;Público;Ayuntamiento de Madrid;CMSC Vicálvaro ;CALLE;CALAHORRA;11;28032;Madrid;19;191;40,4082267;-3,6127347;NO;8;20;0;0;0;0;No;NO;;;44,0209614;0064;191;0064;191;RM191D0064;;;;;;;;
1591;RM192D0065;Transportes-Metro;Pública;Público;Metro de Madrid;Estación de Metro Valdebernardo acceso sur;BULEVAR;INDALECIO PRIETO;33;28032;Madrid;19;192;40,399127;-3,621862;NO;6;2;6;2;6;2;No;YES;;;44,020989;0065;192;0065;192;RM192D0065;;;;;;;;
3493;RM192D0066;Centro educativo;Pública;Público;Comunidad de Madrid;CEIP Los Almendros;CALLE;LADERA DE LOS ALMENDROS;45;28032;Madrid;19;192;40,396414;-3,625505;NO;9;14;0;0;0;0;No;NO;;;44,021919;0066;192;0066;192;RM192D0066;;;;;;;;
1590;RM192D0067;Transportes-Metro;Pública;Público;Metro de Madrid;Estación de Metro Valdebernardo acceso norte;BULEVAR;INDALECIO PRIETO;20;28032;Madrid;19;192;40,40097239;-3,621209918;NO;6;2;6;2;6;2;No;YES;;;44,02218231;0067;192;0067;192;RM192D0067;;;;;;;;
1588;RM192D0068;Centro educativo;Pública;Público;Comunidad de Madrid;CEIP Valdebernardo;CALLE;TREN DE ARGANDA;9;28032;Madrid;19;192;40,40407846;-3,618233353;NO;9;17;0;0;0;0;No;NO;;;44,02231181;0068;192;0068;192;RM192D0068;;;;;;;;
1594;RM192D0069;Otro;Privada;Público;Amavir;Residencia Amavir;CALLE;LADERA DE LOS ALMENDROS;44;28032;Madrid;19;192;40,39661331;-3,625977511;24 horas;;;;;;;;YES;;;44,02259082;0069;192;0069;192;RM192D0069;;;;;;;;
1597;RM191D0070;Centro educativo;Pública;Público;Comunidad de Madrid;IES Joaquín Rodrigo;CALLE;CASALARREINA;28;28032;Madrid;19;191;40,40908229;-3,614142376;NO;8;19;0;0;0;0;No;NO;;;44,02322467;0070;191;0070;191;RM191D0070;;;;;;;;
1585;RM192D0071;Centro educativo;Pública;Público;Instituto ;Instituto  Valdebernardo;BULEVAR;INDALECIO PRIETO;1;28032;Madrid;19;192;40,40501051;-3,619149321;NO;8;19;0;0;0;0;No;NO;;;44,02415983;0071;192;0071;192;RM192D0071;;;;;;;;
1584;RM192D0072;Centro educativo;Privada;Público;Fundación Prodis;Fundación Prodis;BULEVAR;INDALECIO PRIETO;2;28032;Madrid;19;192;40,4053371;-3,6195938;NO;8;18;0;0;0;0;No;NO;;;44,0249309;0072;192;0072;192;RM192D0072;;;;;;;;
1593;RM192D0073;Otro establecimiento administración pública;Pública;Público;Centro de día el Almendro;Centro de día el Almendro;CALLE;LADERA DE LOS ALMENDROS;6;28032;Madrid;19;192;40,40315839;-3,623480875;NO;8;21;8;21;8;21;No;NO;;;44,02663927;0073;192;0073;192;RM192D0073;;;;;;;;
1592;RM192D0074;Centro deportivo;Pública;Público;Ayuntamiento de Madrid;CDM Faustina Valladolid;CALLE;LADERA DE LOS ALMENDROS;2;28032;Madrid;19;192;40,40424184;-3,623043049;NO;6;23;6;22;6;22;No;NO;;;44,02728489;0074;192;0074;192;RM192D0074;;;;;;;;
3523;RM191D0075;Centro de trabajo (no administración pública);Privada;Público;IMBISA;IMBISA;AVENIDA;DAROCA;294;28032;Madrid;19;191;40,409585;-3,61836;24 horas;;;;;;;;YES;;;44,027945;0075;191;0075;191;RM191D0075;;;;;;;;
936;RM206D0001;Restaurante o similar;Privada;Público;Meliá hoteles ;Restaurante Madrid Airport Suites ;CALLE;LOLA FLORES;16;28022;Madrid;20;206;40,445653;-3,543162;24 horas;;;;;;;;YES;;;43,988815;0001;206;0001;206;RM206D0001;;;;;;;;
938;RM206D0002;Hotel, hostal, alojamiento;Privada;Público;IHG;Crown Plaza Madrid Airport by IHG;CALLE;LOLA FLORES;1;28022;Madrid;20;206;40,447422;-3,542502;24 horas;;;;;;;;YES;;;43,989924;0002;206;0002;206;RM206D0002;;;;;;;;
940;RM206D0003;Hotel, hostal, alojamiento;Privada;Público;B&B;B&B Hotel Madrid Aeropuerto T1-T2-T3;CALLE;LOLA FLORES;2;28022;Madrid;20;206;40,447318;-3,542789;24 horas;;;;;;;;YES;;;43,990107;0003;206;0003;206;RM206D0003;;;;;;;;
934;RM206D0004;Centro de trabajo (no administración pública);Privada;Privado;Amazon Logistics;Amazon Iveco acceso parking trasero ;CALLE;PROVISIONAL IVECO-PEGASO DOS;S/N;28022;Madrid;20;206;40,444806;-3,54669;24 horas;;;;;;;;YES;;;43,991496;0004;206;0004;206;RM206D0004;;;;;;;;
933;RM206D0005;Centro de trabajo (no administración pública);Privada;Privado;Amazon ;Amazon Iveco ;CALLE;PROVISIONAL IVECO-PEGASO TRES;13;28022;Madrid;20;206;40,44769;-3,546269;24 horas;;;;;;;;YES;;;43,993959;0005;206;0005;206;RM206D0005;;;;;;;;
930;RM206D0006;Centro de trabajo (no administración pública);Privada;Privado;Iveco ;Iveco entrada mercancías ;CALLE;MARIO ROSO DE LUNA;S/N;28022;Madrid;20;206;40,44214;-3,553275;24 horas;;;;;;;;YES;;;43,995415;0006;206;0006;206;RM206D0006;;;;;;;;
3425;RM206D0007;Centro de trabajo (no administración pública);Privada;Privado;Iveco;Iveco Mercancías;CALLE;MARIO ROSO DE LUNA;S/N;28022;Madrid;20;206;40,4421758;-3,5532892;24 horas;;;;;;;;YES;;;43,995465;0007;206;0007;206;RM206D0007;;;;;;;;
809;RM206D0008;Centro de trabajo (no administración pública);Privada;Privado;Diversas empresas ;Edificio Allende Aeropuerto ;AVENIDA;ARAGÓN;402;28022;Madrid;20;206;40,447394;-3,548139;24 horas;;;;;;;;YES;;;43,995533;0008;206;0008;206;RM206D0008;;;;;;;;
808;RM206D0009;Hotel, hostal, alojamiento;Privada;Público;Deutsche Hospitality;Zleep Hotels Aeropuerto ;AVENIDA;ARAGÓN;402;28022;Madrid;20;206;40,447748;-3,548847;24 horas;;;;;;;;YES;;;43,996595;0009;206;0009;206;RM206D0009;;;;;;;;
807;RM206D0010;Hotel, hostal, alojamiento;Privada;Público;IHG;Holiday Inn Airport ;AVENIDA;ARAGÓN;402;28022;Madrid;20;206;40,447497;-3,549235;24 horas;;;;;;;;YES;;;43,996732;0010;206;0010;206;RM206D0010;;;;;;;;
929;RM206D0011;Centro de trabajo (no administración pública);Privada;Privado;Iveco ;Iveco central ;AVENIDA;ARAGÓN;402;28022;Madrid;20;206;40,446809;-3,550125;24 horas;;;;;;;;YES;;;43,996934;0011;206;0011;206;RM206D0011;;;;;;;;
3426;RM206D0012;Centro de trabajo (no administración pública);Privada;Privado;Iveco;Iveco Oficinas;AVENIDA;ARAGÓN;402;28022;Madrid;20;206;40,4466876;-3,5504392;24 horas;;;;;;;;YES;;;43,9971268;0012;206;0012;206;RM206D0012;;;;;;;;
806;RM206D0013;Hotel, hostal, alojamiento;Privada;Público;Accor;Ibis budget aeropuerto ;CALLE;PROVISIONAL IVECO-PEGASO TRES;27;28022;Madrid;20;206;40,447773;-3,550541;24 horas;;;;;;;;YES;;;43,998314;0013;206;0013;206;RM206D0013;;;;;;;;
801;RM206D0014;Centro de trabajo (no administración pública);Privada;Privado;Gls;Gls avenida Aragón ;CALLE;INGENIERO TORRES QUEVEDO;1;28022;Madrid;20;206;40,446057;-3,555023;24 horas;;;;;;;;YES;;;44,00108;0014;206;0014;206;RM206D0014;;;;;;;;
931;RM206D0015;Centro de trabajo (no administración pública);Privada;Privado;Iveco ;Iveco puerta lateral. Salida CPI ;CALLE;INGENIERO TORRES QUEVEDO;9;28022;Madrid;20;206;40,443301;-3,557783;24 horas;;;;;;;;YES;;;44,001084;0015;206;0015;206;RM206D0015;;;;;;;;
800;RM206D0016;Centro de trabajo (no administración pública);Privada;Privado;Gls;Gls Avda Aragón ;CALLE;INGENIERO TORRES QUEVEDO;3;28022;Madrid;20;206;40,447732;-3,557017;24 horas;;;;;;;;YES;;;44,004749;0016;206;0016;206;RM206D0016;;;;;;;;
797;RM206D0017;Centro de trabajo (no administración pública);Privada;Privado;Grupo Etra;Etra Lux ;AVENIDA;HERMANOS GRANDA;21;28022;Madrid;20;206;40,445192;-3,560315;NO;8;17;0;0;0;0;No;NO;;;44,005507;0017;206;0017;206;RM206D0017;;;;;;;;
805;RM206D0018;Hotel, hostal, alojamiento;Privada;Público;Cadena Marriott ;Marriott Hotel Auditorium ;AVENIDA;ARAGÓN;400;28022;Madrid;20;206;40,448954;-3,558048;24 horas;;;;;;;;YES;;;44,007002;0018;206;0018;206;RM206D0018;;;;;;;;
803;RM206D0019;Hotel, hostal, alojamiento;Privada;Público;Cadena Marriott ;Hotel Marriott Auditorium;AVENIDA;ARAGÓN;400;28022;Madrid;20;206;40,449027;-3,55865;24 horas;;;;;;;;YES;;;44,007677;0019;206;0019;206;RM206D0019;;;;;;;;
925;RM206D0020;Centro de trabajo (no administración pública);Privada;Privado;Alcoin ;Alcoin ;CALLE;ABRIL;62;28022;Madrid;20;206;40,445107;-3,562888;NO;8;16;0;0;0;0;No;NO;;;44,007995;0020;206;0020;206;RM206D0020;;;;;;;;
784;RM206D0021;Viviendas;Privada;Privado;Comunidad de propietarios;Comunidad calle Concejal Ginés Meléndez 13/15/17;CALLE;CONCEJAL GINÉS MELÉNDEZ;13-17;28022;Madrid;20;206;40,442058;-3,57492;NO;7;19;7;19;0;0;No;NO;;;44,016978;0021;206;0021;206;RM206D0021;;;;;;;;
785;RM206D0022;Viviendas;Privada;Privado;Comunidad de propietarios;Mirador de las mercedes ;CALLE;YÉCORA;21-31;28022;Madrid;20;206;40,445188;-3,574656;24 horas;;;;;;;;YES;;;44,019844;0022;206;0022;206;RM206D0022;;;;;;;;
791;RM206D0023;Centro de trabajo (no administración pública);Privada;Privado;Sw hosting data center;Sw hosting rejas;CALLE;YÉCORA;4;28022;Madrid;20;206;40,448066;-3,574078;24 horas;;;;;;;;YES;;;44,022144;0023;206;0023;206;RM206D0023;;;;;;;;
789;RM206D0024;Centro de trabajo (no administración pública);Privada;Privado;Iberdrola inmobiliaria sau ;A2 plaza;CALLE;NANCLARES DE OCA;5;28022;Madrid;20;206;40,446788;-3,575469;24 horas;;;;;;;;YES;;;44,022257;0024;206;0024;206;RM206D0024;;;;;;;;
787;RM206D0025;Centro de trabajo (no administración pública);Privada;Privado;estee lauder;Estee Lauder Rejas;CALLE;NANCLARES DE OCA;3;28022;Madrid;20;206;40,44669;-3,576267;24 horas;;;;;;;;YES;;;44,022957;0025;206;0025;206;RM206D0025;;;;;;;;
299;RM205D0026;Centro deportivo;Privada;Público;Gimnasio Basic ;Gimnasio Basic Fit;PASEO;GINEBRA;51;28022;Madrid;20;205;40,4233101;-3,6006024;NO;7;22;8;21;8;21;No;NO;;;44,0239125;0026;205;0026;205;RM205D0026;;;;;;;;
662;RM206D0027;Centro comercial;Privada;Público;Leroy Merlin;Leroy Merlín Barajas;CALLE;LAGUARDIA;4;28022;Madrid;20;206;40,445098;-3,5803;NO;8;22;9;22;10;22;Sí;YES;;;44,025398;0027;206;0027;206;RM206D0027;;;;;;;;
792;RM206D0028;Hotel, hostal, alojamiento;Privada;Público;Hotel Nuevo Boston sa;Nuevo Boston Aragón 332;AVENIDA;ARAGÓN;332;28022;Madrid;20;206;40,449097;-3,576794;24 horas;;;;;;;;YES;;;44,025891;0028;206;0028;206;RM206D0028;;;;;;;;
794;RM206D0029;Centro residencial de uso público;Privada;Público;Valdeluz sa;Residencia Valdeluz Las Mercedes ;CALLE;CIGOITIA;13;28022;Madrid;20;206;40,446644;-3,579446;24 horas;;;;;;;;YES;;;44,02609;0029;206;0029;206;RM206D0029;;;;;;;;
296;RM205D0030;Otro;Privada;Público;Clínica Ofistema;Clínica Fisioterapia Ofistema;CALLE;ESTOCOLMO;2;28022;Madrid;20;205;40,424216;-3,6020377;NO;9;21;0;0;0;0;No;NO;;;44,0262537;0030;205;0030;205;RM205D0030;;;;;;;;
257;RM205D0031;Centro residencial de uso público;Pública;Público;Comunidad de Madrid;Residencia y Centro de Día Bouco Madrid San Blas;CALLE;ZURICH;16;28022;Madrid;20;205;40,4227665;-3,6039488;24 horas;;;;;;;;YES;;;44,0267153;0031;205;0031;205;RM205D0031;;;;;;;;
294;RM205D0032;Transportes-Metro;Pública;Público;Metro de Madrid;Estación de Metro Las Rosas;PASEO;GINEBRA;S/N;28022;Madrid;20;205;40,4239303;-3,6037218;NO;6;2;6;2;6;2;No;YES;;;44,0276521;0032;205;0032;205;RM205D0032;;;;;;;;
302;RM205D0033;Centro educativo;Pública;Público;Comunidad de Madrid;CEIP Álvaro de Bazán;CALLE;ZURICH;10;28022;Madrid;20;205;40,4215947;-3,6071876;NO;9;16;0;0;0;0;No;NO;;;44,0287823;0033;205;0033;205;RM205D0033;;;;;;;;
1361;RM206D0034;Centro deportivo;Privada;Público;Altafit;Centro Deportivo Altafit;CALLE;CAMPEZO;3;28022;Madrid;20;206;40,44745524;-3,582145089;NO;7;22;9;20;10;15;No;NO;;;44,02960033;0034;206;0034;206;RM206D0034;;;;;;;;
262;RM205D0035;Centro educativo;Pública;Público;Comunidad de Madrid;CEIP Julián Marias;CALLE;BUDAPEST;11;28022;Madrid;20;205;40,4270393;-3,6026315;NO;9;17;0;0;0;0;No;NO;;;44,0296708;0035;205;0035;205;RM205D0035;;;;;;;;
1379;RM206D0036;Otro;Privada;Privado;Edificio de empresas;Edificio de empresas;CALLE;ARRASTARIA;21;28022;Madrid;20;206;40,44405024;-3,585629659;NO;6;20;0;0;0;0;No;NO;;;44,0296799;0036;206;0036;206;RM206D0036;;;;;;;;
1360;RM206D0037;Hotel, hostal, alojamiento;Privada;Público;Apart. Suite Aeropuerto;Apart. Suite Aeropuerto;CALLE;CAMPEZO;8;28022;Madrid;20;206;40,44634058;-3,583444402;24 horas;;;;;;;;YES;;;44,02978498;0037;206;0037;206;RM206D0037;;;;;;;;
250;RM205D0038;Centro educativo;Pública;Público;Comunidad de Madrid;IES Alfredo Kraus;CALLE;FRANCFORT;4;28022;Madrid;20;205;40,4237287;-3,6068955;NO;8;19;0;0;0;0;No;NO;;;44,0306242;0038;205;0038;205;RM205D0038;;;;;;;;
1369;RM206D0039;Viviendas;Privada;Privado;Comunidad de propietarios;Comunidad Propietarios;CALLE;PIRRA;34;28022;Madrid;20;206;40,4444688;-3,586588431;24 horas;;;;;;;;YES;;;44,03105723;0039;206;0039;206;RM206D0039;;;;;;;;
1363;RM206D0040;Hotel, hostal, alojamiento;Privada;Público;Apartamentos turísticos;Apartamentos Suite Florida;CALLE;CAMPEZO;2;28022;Madrid;20;206;40,44877731;-3,582592822;24 horas;;;;;;;;YES;;;44,03137013;0040;206;0040;206;RM206D0040;;;;;;;;
1365;RM206D0041;Centro comercial;Privada;Público;Media Markt;Media Markt;CALLE;ARRASTARIA;20;28022;Madrid;20;206;40,44584662;-3,586238628;NO;10;22;10;22;10;22;No;NO;;;44,03208525;0041;206;0041;206;RM206D0041;;;;;;;;
1367;RM206D0042;Viviendas;Privada;Privado;Comunidad de propietarios;Comunidad Propietarios;CALLE;PIRRA;18;28022;Madrid;20;206;40,44482412;-3,58758204;24 horas;;;;;;;;YES;;;44,03240616;0042;206;0042;206;RM206D0042;;;;;;;;
790;RM204D0043;Centro residencial de uso público;Pública;Público;RESIDENCIA/CENTRO DE DÍA ADOLFO SUAREZ;RESIDENCIA/CENTRO DE DÍA ADOLFO SUÁREZ ;CALLE;RÁVENA;18;28032;Madrid;20;204;40,41916;-3,61422;24 horas;;;;;;;;YES;;;44,03338;0043;204;0043;204;RM204D0043;;;;;;;;
216;RM205D0044;Centro deportivo;Pública;Público;Ayuntamiento de Madrid;Centro Deportivo Ágora Pepu Hernández;AVENIDA;NIZA;8;28022;Madrid;20;205;40,4276095;-3,6063366;NO;7;0;7;0;7;0;No;NO;;;44,0339461;0044;205;0044;205;RM205D0044;;;;;;;;
3427;RM206D0045;Centro comercial;Privada;Público;CC Plenilunio;CC Plenilunio;CALLE;ARACNE;3;28022;Madrid;20;206;40,4459037;-3,5880798;NO;9;23;9;23;9;23;Sí;YES;;;44,0339835;0045;206;0045;206;RM206D0045;;;;;;;;
1364;RM206D0046;Centro de trabajo (no administración pública);Privada;Privado;JCFECAUX  ESPAÑA;JCDECAUX;AVENIDA;ARAGÓN;328;28022;Madrid;20;206;40,44907;-3,585057;NO;8;19;0;0;0;0;No;NO;;;44,034127;0046;206;0046;206;RM206D0046;;;;;;;;
217;RM205D0047;Centro educativo;Privada;Público;Colegio San Vicente;Colegio San Vicente;CALLE;BUTRÓN;33;28022;Madrid;20;205;40,4270025;-3,6071259;NO;8;17;0;0;0;0;No;NO;;;44,0341284;0047;205;0047;205;RM205D0047;;;;;;;;
1370;RM206D0048;Viviendas;Privada;Privado;Comunidad de propietarios;Comunidad Propietarios;CALLE;PIRRA;14;28022;Madrid;20;206;40,445259;-3,588871152;24 horas;;;;;;;;YES;;;44,03413015;0048;206;0048;206;RM206D0048;;;;;;;;
793;RM204D0049;Otro establecimiento administración pública;Pública;Público;CANTON DE LIMPIEZA VIARIA LAS ROSAS;CANTON DE LIMPIEZA LAS ROSAS;CALLE;AQUITANIA;36;28032;Madrid;20;204;40,42001;-3,61439;NO;7;14;7;14;7;14;No;NO;;;44,0344;0049;204;0049;204;RM204D0049;;;;;;;;
796;RM204D0050;Transportes-Metro;Pública;Público;Metro de Madrid;Estación de Metro Avenida Guadalajara;AVENIDA;GUADALAJARA;36;28032;Madrid;20;204;40,4225;-3,61191;NO;6;2;6;2;6;2;No;YES;;;44,03441;0050;204;0050;204;RM204D0050;;;;;;;;
272;RM205D0051;Transportes-Metro;Pública;Público;Metro de Madrid;Estación de Metro Estadio Metropolitano;AVENIDA;ARCENTALES;S/N;28022;Madrid;20;205;40,4337965;-3,6011402;NO;6;2;6;2;6;2;No;YES;;;44,0349367;0051;205;0051;205;RM205D0051;;;;;;;;
1378;RM206D0052;Otro;Privada;Público;Yelmo Cines;Yelmo Cines CC Plenilunio;CALLE;ARACNE;1;28022;Madrid;20;206;40,44801347;-3,587550853;NO;15;1;15;2;12;1;No;NO;;;44,03556432;0052;206;0052;206;RM206D0052;;;;;;;;
290;RM205D0053;Centro deportivo;Privada;Público;Club Atlético de Madrid;Estadio Metropolitano Acceso Z - Acceso Personal;AVENIDA;LUIS ARAGONÉS;4;28022;Madrid;20;205;40,4346057;-3,6009886;NO;0;0;0;0;0;0;Sí;YES;;;44,0355943;0053;205;0053;205;RM205D0053;;;;;;;;
244;RM204D0054;Centro educativo;Pública;Público;Comunidad de Madrid;CEIP El Sol - Edificio docente;AVENIDA;CANILLEJAS A VICÁLVARO;82;28022;Madrid;20;204;40,4239845;-3,6116471;NO;9;16;0;0;0;0;No;NO;;;44,0356316;0054;204;0054;204;RM204D0054;;;;;;;;
1376;RM206D0055;Centro comercial;Privada;Público;CC Plenilunio;Centro comercial Plenilunio;CALLE;ARACNE;1;28022;Madrid;20;206;40,44806717;-3,587622075;NO;9;1;9;2;9;1;Sí;YES;;;44,03568925;0055;206;0055;206;RM206D0055;;;;;;;;
220;RM205D0056;Centro educativo;Pública;Público;Comunidad de Madrid;IES Las Musas - Pabellón 3;CALLE;CARLOS II;S/N;28022;Madrid;20;205;40,4280456;-3,60783;NO;8;20;0;0;0;0;No;NO;;;44,0358756;0056;205;0056;205;RM205D0056;;;;;;;;
1730;RM204D0057;Centro educativo;Privada;Público;Colegio Internacional J.H. Newman;Colegio Internacional J.H. Newman;AVENIDA;GUADALAJARA;28;28032;Madrid;20;204;40,421586;-3,614834;NO;8;22;0;0;0;0;Sí;YES;;;44,03642;0057;204;0057;204;RM204D0057;;;;;;;;
240;RM205D0058;Centro educativo;Privada;Público;Colegio Juan de Valdés;Colegio Juan de Valdés;AVENIDA;CANILLEJAS A VICÁLVARO;135;28022;Madrid;20;205;40,4263308;-3,6102956;NO;8;17;0;0;0;0;No;NO;;;44,0366264;0058;205;0058;205;RM205D0058;;;;;;;;
795;RM204D0059;Centro de trabajo (no administración pública);Privada;Privado;Clínica de salud AcurarT ;Centro de rehabilitación y fisioterapia;AVENIDA;GUADALAJARA;79;28032;Madrid;20;204;40,42169;-3,61566;NO;9;21;0;0;0;0;No;NO;;;44,03735;0059;204;0059;204;RM204D0059;;;;;;;;
269;RM205D0060;Centro educativo;Privada;Público;Colegio Las Rosas;Colegio Las Rosas;CALLE;SUECIA;67;28022;Madrid;20;205;40,4318381;-3,6057777;NO;9;17;0;0;0;0;No;NO;;;44,0376158;0060;205;0060;205;RM205D0060;;;;;;;;
798;RM204D0061;Otro establecimiento administración pública;Pública;Público;Centro de mayores San Blas;Centro de mayores San Blas ;AVENIDA;GUADALAJARA;69;28032;Madrid;20;204;40,42123;-3,61715;NO;9;20;9;20;9;20;No;NO;;;44,03838;0061;204;0061;204;RM204D0061;;;;;;;;
287;RM205D0062;Centro deportivo;Privada;Público;Club Atlético de Madrid;Estadio Metropolitano Acceso E - Oficinas;AVENIDA;LUIS ARAGONÉS;4;28022;Madrid;20;205;40,4375358;-3,6020139;NO;0;0;0;0;0;0;Sí;YES;;;44,0395497;0062;205;0062;205;RM205D0062;;;;;;;;
1728;RM204D0063;Centro educativo;Pública;Público;Comunidad de Madrid;IES San Blas;CALLE;ARCOS DE JALÓN;120;28037;Madrid;20;204;40,426423;-3,613146;NO;9;22;0;0;0;0;No;NO;;;44,039569;0063;204;0063;204;RM204D0063;;;;;;;;
225;RM205D0064;Centro educativo;Pública;Público;Comunidad de Madrid;Colegio Mariano José de Larra;CALLE;LONGARES;11;28022;Madrid;20;205;40,4307856;-3,6090581;NO;9;17;0;0;0;0;No;NO;;;44,0398437;0064;205;0064;205;RM205D0064;;;;;;;;
786;RM204D0065;Centro comercial;Privada;Público;CC Las Rosas;Centro Comercial Las Rosas;AVENIDA;GUADALAJARA;2;28032;Madrid;20;204;40,41896;-3,621;NO;9;23;9;23;9;23;No;NO;;;44,03996;0065;204;0065;204;RM204D0065;;;;;;;;
1726;RM204D0066;Centro educativo;Pública;Público;Comunidad de Madrid;IES Carlos III;CALLE;ARCOS DE JALÓN;116;28037;Madrid;20;204;40,425326;-3,614688;NO;8;15;0;0;0;0;No;NO;;;44,040014;0066;204;0066;204;RM204D0066;;;;;;;;
291;RM205D0067;Transportes-Metro;Pública;Público;Metro de Madrid;Estación de Metro Las Musas;AVENIDA;NIZA;S/N;28022;Madrid;20;205;40,4324508;-3,6078668;NO;6;2;6;2;6;2;No;YES;;;44,0403176;0067;205;0067;205;RM205D0067;;;;;;;;
3396;RM204D0068;Centro educativo;Pública;Público;Colegio CP MARÍA MOLINER;Colegio CP MARÍA MOLINER;CALLE;ARCOS DE JALÓN;34;28037;Madrid;20;204;40,422082;-3,618863;NO;8;18;0;0;0;0;No;NO;;;44,040945;0068;204;0068;204;RM204D0068;;;;;;;;
737;RM206D0069;Centro comercial;Privada;Público;Star Madrid Retail sl;Concesionario Mercedes Benz Star Alcalá ;CALLE;ALCALÁ;728;28022;Madrid;20;206;40,44875;-3,593027;NO;8;19;0;0;0;0;No;NO;;;44,041777;0069;206;0069;206;RM206D0069;;;;;;;;
3397;RM204D0070;Centro educativo;Pública;Público;Colegio de educación especial ;Colegio Goyeneche;CALLE;ARCOS DE JALÓN;22;28037;Madrid;20;204;40,420862;-3,620944;NO;8;17;0;0;0;0;No;NO;;;44,041806;0070;204;0070;204;RM204D0070;;;;;;;;
799;RM204D0071;Transportes-Metro;Pública;Público;Metro de Madrid;Estación de Metro Alsacia;PLAZA;ALSACIA;S/N;28032;Madrid;20;204;40,41872;-3,62317;NO;6;2;6;2;6;2;No;YES;;;44,04189;0071;204;0071;204;RM204D0071;;;;;;;;
1732;RM204D0072;Centro educativo;Pública;Público;Comunidad de Madrid;IES Francisco de Quevedo;CALLE;SAN ROMÁN DEL VALLE;S/N;28037;Madrid;20;204;40,420662;-3,622501;NO;8;21;0;0;0;0;No;NO;;;44,043163;0072;204;0072;204;RM204D0072;;;;;;;;
1724;RM204D0073;Centro educativo;Pública;Público;Comunidad de Madrid;Escuela oficial de idiomas san blas;CALLE;CONSERVEROS;S/N;28037;Madrid;20;204;40,425216;-3,618383;NO;9;20;0;0;0;0;No;NO;;;44,043599;0073;204;0073;204;RM204D0073;;;;;;;;
1709;RM203D0074;Transportes-Metro;Pública;Público;Metro de Madrid;Estación de Metro San Blas;CALLE;POBLADURA DEL VALLE;S/N;28037;Madrid;20;203;40,427936;-3,615712;NO;6;2;6;2;6;2;No;YES;;;44,043648;0074;203;0074;203;RM203D0074;;;;;;;;
3398;RM204D0075;Centro educativo;Pública;Público;Comunidad de Madrid;CEIP república de Panama ;CALLE;PEONES;S/N;28037;Madrid;20;204;40,426359;-3,617305;NO;9;14;0;0;0;0;No;NO;;;44,043664;0075;204;0075;204;RM204D0075;;;;;;;;
3057;RM202D0076;Otro establecimiento administración pública;Pública;Privado;Bomberos de Madrid;PARQUE 7 DE BOMBEROS ;AVENIDA;HELLÍN;S/N;28037;Madrid;20;202;40,4284295;-3,6153967;24 horas;;;;;;;;YES;;;44,0438262;0076;202;0076;202;RM202D0076;;;;;;;;
1713;RM202D0077;Centro deportivo;Pública;Público;Ayuntamiento de Madrid;CDM SAN BLAS;AVENIDA;HELLÍN;47;28037;Madrid;20;202;40,429003;-3,615276;NO;9;23;9;23;9;23;Sí;YES;;;44,044279;0077;202;0077;202;RM202D0077;;;;;;;;
747;RM207D0078;Transportes-Metro;Pública;Privado;Metro de Madrid;Metro-Depósito Canillejas-Ciclo corto;CALLE;FENELÓN;20;28022;Madrid;20;207;40,439669;-3,604852;24 horas;;;;;;;;YES;;;44,044521;0078;207;0078;207;RM207D0078;;;;;;;;
233;RM202D0079;Centro educativo;Pública;Público;Comunidad de Madrid;CEIP Alberto Alcocer;AVENIDA;CANILLEJAS A VICÁLVARO;56;28022;Madrid;20;202;40,432704;-3,6120015;NO;10;16;0;0;0;0;No;NO;;;44,0447055;0079;202;0079;202;RM202D0079;;;;;;;;
1725;RM203D0080;Otro;Privada;Público;Asociación pauta;Asociación pauta;CALLE;POBLADURA DEL VALLE;13;28037;Madrid;20;203;40,42698;-3,618312;NO;10;19;0;0;0;0;No;NO;;;44,045292;0080;203;0080;203;RM203D0080;;;;;;;;
735;RM206D0081;Centro educativo;Pública;Público;Comunidad de Madrid;Colegio publico Ciudad Pegaso ;AVENIDA;SÉPTIMA;12;28022;Madrid;20;206;40,447001;-3,598421;NO;9;13;0;0;0;0;No;NO;;;44,045422;0081;206;0081;206;RM206D0081;;;;;;;;
923;RM207D0082;Centro educativo;Pública;Público;Comunidad de Madrid;CEIP La Alameda ;CALLE;MUSAS;9;28022;Madrid;20;207;40,438185;-3,60772;NO;8;13;0;0;0;0;No;NO;;;44,045905;0082;207;0082;207;RM207D0082;;;;;;;;
740;RM207D0083;Centro educativo;Pública;Público;Comunidad de Madrid;CEPA Canillejas ;CALLE;MUSAS;11;28022;Madrid;20;207;40,43777091;-3,608367355;NO;9;21;0;0;0;0;No;NO;;;44,04613827;0083;207;0083;207;RM207D0083;;;;;;;;
3399;RM202D0084;Centro educativo;Pública;Público;Comunidad de Madrid;CEIP Ramón María del Valle-Inclán;CALLE;ALCONERA;1;28037;Madrid;20;202;40,429875;-3,6182454;NO;8;14;0;0;0;0;No;NO;NOT VALID;it was RM202D0084;44,0481204;0084;202;0084;202;RM202D0084;;;;;;;;
733;RM206D0085;Centro deportivo;Pública;Público;Thinking Up Fitness ;Centro deportivo Fabián Roncero ;AVENIDA;SÉPTIMA;68;28022;Madrid;20;206;40,449148;-3,600259;NO;7;23;8;20;9;14;No;NO;;;44,049407;0085;206;0085;206;RM206D0085;;;;;;;;
753;RM207D0086;Transportes-Metro;Pública;Privado;Metro de Madrid;Metro-Depósito Canillejas-Primer edificio botiquín;CALLE;NÉCTAR;44;28022;Madrid;20;207;40,444149;-3,607344;24 horas;;;;;;;;YES;;;44,051493;0086;207;0086;207;RM207D0086;;;;;;;;
3420;RM201D0087;Centro educativo;Pública;Público;COLEGIO República DE CHILE;Colegio República de Chile;CALLE;CASTILLO DE UCLÉS;28;28037;Madrid;20;201;40,428094;-3,624888;NO;8;16;0;0;0;0;No;NO;;;44,052982;0087;201;0087;201;RM201D0087;;;;;;;;
1736;RM201D0088;Transportes-Metro;Pública;Público;Metro de Madrid;Estación de Metro Simancas;CALLE;CASTILLO DE UCLÉS;S/N;28037;Madrid;20;201;40,42784;-3,625744;NO;6;2;6;2;6;2;No;YES;;;44,053584;0088;201;0088;201;RM201D0088;;;;;;;;
1735;RM201D0089;Centro educativo;Privada;Público;Colegio nazaret;Colegio nazaret;CALLE;CASTILLO DE UCLÉS;24;28037;Madrid;20;201;40,427473;-3,626164;NO;8;19;0;0;0;0;No;NO;;;44,053637;0089;201;0089;201;RM201D0089;;;;;;;;
2657;RM201D0090;Viviendas;Privada;Privado;Comunidad de propietarios Albadalejo;Comunidad de propietarios Albadalejo;CALLE;LUISA DE CARVAJAL;20;28037;Madrid;20;201;40,437302;-3,6187975;24 horas;;;;;;;;YES;;;44,0560995;0090;201;0090;201;RM201D0090;;;;;;;;
2682;RM201D0091;Centro residencial de uso público;Privada;Público;Ballesol ;Residencia Ballesol Albalá ;CALLE;ALBALÁ;3;28037;Madrid;20;201;40,4362389;-3,6200622;24 horas;;;;;;;;YES;;;44,0563011;0091;201;0091;201;RM201D0091;;;;;;;;
2684;RM201D0092;Hotel, hostal, alojamiento;Privada;Público;Ilunion;Ilunion Alcalá Norte;CALLE;SAN ROMUALDO;30;28037;Madrid;20;201;40,436354;-3,6209074;24 horas;;;;;;;;YES;;;44,0572614;0092;201;0092;201;RM201D0092;;;;;;;;
730;RM207D0093;Transportes-Metro;Pública;Público;Metro de Madrid;Estación de Metro Canillejas;CALLE;ALCALÁ;640;28022;Madrid;20;207;40,449102;-3,608186;NO;6;2;6;2;6;2;No;YES;;;44,057288;0093;207;0093;207;RM207D0093;;;;;;;;
2686;RM201D0094;Centro de trabajo (no administración pública);Privada;Privado;Indra;Indra;CALLE;MIGUEL YUSTE;45;28037;Madrid;20;201;40,4348727;-3,6225724;24 horas;;;;;;;;YES;;;44,0574451;0094;201;0094;201;RM201D0094;;;;;;;;
2678;RM201D0095;Centro de trabajo (no administración pública);Privada;Privado;Laude;Laude;CALLE;JULIÁN CAMARILLO;42;28037;Madrid;20;201;40,436711;-3,620784;NO;8;18;0;0;0;0;No;NO;;;44,057495;0095;201;0095;201;RM201D0095;;;;;;;;
2689;RM201D0096;Centro de trabajo (no administración pública);Privada;Privado;Centro empresarial Miguel Yuste;Centro empresarial Miguel Yuste;CALLE;JUAN DE ARESPACOCHAGA Y FELIPE;12;28037;Madrid;20;201;40,4350783;-3,6231628;NO;8;20;0;0;0;0;No;NO;;;44,0582411;0096;201;0096;201;RM201D0096;;;;;;;;
2655;RM201D0097;Centro de trabajo (no administración pública);Privada;Privado;GE Internacional ;GE Internacional ;CALLE;OSIRIS;13;28037;Madrid;20;201;40,441354;-3,6173173;NO;8;17;0;0;0;0;No;NO;;;44,0586713;0097;201;0097;201;RM201D0097;;;;;;;;
731;RM207D0098;Hotel, hostal, alojamiento;Privada;Público;Secotelhoteles;Secotel Alcalá ;CALLE;ALCALÁ;611;28022;Madrid;20;207;40,447397;-3,611457;24 horas;;;;;;;;YES;;;44,058854;0098;207;0098;207;RM207D0098;;;;;;;;
2656;RM201D0099;Centro educativo;Privada;Público;Hipatia Educación ;CEAC FP;PLAZA;CRONOS;1;28037;Madrid;20;201;40,440193;-3,6190436;NO;8;22;0;0;0;0;No;NO;;;44,0592366;0099;201;0099;201;RM201D0099;;;;;;;;
2691;RM201D0100;Centro de trabajo (no administración pública);Privada;Privado;Edificio Santalucía;Edificio Santalucía;CALLE;JULIÁN CAMARILLO;36;28037;Madrid;20;201;40,4363395;-3,6229576;24 horas;;;;;;;;YES;;;44,0592971;0100;201;0100;201;RM201D0100;;;;;;;;
2673;RM201D0101;Hotel, hostal, alojamiento;Privada;Público;DWO Hoteles;DWO Colours Alcalá ;CALLE;SAN ROMUALDO;17;28037;Madrid;20;201;40,438336;-3,6213195;24 horas;;;;;;;;YES;;;44,0596555;0101;201;0101;201;RM201D0101;;;;;;;;
2693;RM201D0102;Centro de trabajo (no administración pública);Privada;Privado;Ilunion;Ilunion contact center;CALLE;JULIÁN CAMARILLO;45;28037;Madrid;20;201;40,4363921;-3,6234874;NO;6;0;6;0;6;0;No;NO;;;44,0598795;0102;201;0102;201;RM201D0102;;;;;;;;
728;RM207D0103;Centro educativo;Privada;Público;Colegio Nuestra Señora de las Nieves ;Colegio Nuestra Señora de las Nieves ;CALLE;ALCALÁ;589;28022;Madrid;20;207;40,445995;-3,613988;NO;7;19;0;0;0;0;No;NO;;;44,059983;0103;207;0103;207;RM207D0103;;;;;;;;
2669;RM201D0104;Centro de trabajo (no administración pública);Privada;Privado;Asea Brown Bovery;ABB;CALLE;SAN ROMUALDO;13;28037;Madrid;20;201;40,43868;-3,6214599;NO;8;17;0;0;0;0;No;NO;;;44,0601399;0104;201;0104;201;RM201D0104;;;;;;;;
2672;RM201D0105;Centro de trabajo (no administración pública);Privada;Privado;Asea Brown Boveri;ABB;CALLE;SAN ROMUALDO;13;28037;Madrid;20;201;40,43868;-3,6214599;NO;8;17;0;0;0;0;No;NO;;;44,0601399;0105;201;0105;201;RM201D0105;;;;;;;;
2665;RM201D0106;Centro deportivo;Privada;Público;Basic Fit;Basic Fit San Romualdo;CALLE;SAN ROMUALDO;26;28037;Madrid;20;201;40,4385871;-3,621881;NO;7;22;9;21;9;21;No;NO;;;44,0604681;0106;201;0106;201;RM201D0106;;;;;;;;
3447;RM208D0107;Transportes-Metro;Pública;Público;Comunidad de Madrid;Estación de Metro Torre Arias;CALLE;ALCALÁ;550;28027;Madrid;20;208;40,443723;-3,617135;NO;6;2;6;2;6;2;No;YES;;;44,060858;0107;208;0107;208;RM208D0107;;;;;;;;
2695;RM201D0108;Hotel, hostal, alojamiento;Privada;Público;Vitalia home;Vitalia simancas;CALLE;MIGUEL YUSTE;46;28037;Madrid;20;201;40,4370772;-3,6238243;24 horas;;;;;;;;YES;;;44,0609015;0108;201;0108;201;RM201D0108;;;;;;;;
2329;RM201D0109;Otro establecimiento administración pública;Pública;Privado;Ministerio de Transportes;Hall de entrada del edificio ;CALLE;JULIÁN CAMARILLO;30;28037;Madrid;20;201;40,435284;-3,6261042;NO;7;21;0;0;0;0;No;NO;;;44,0613882;0109;201;0109;201;RM201D0109;;;;;;;;
2331;RM201D0110;Centro de trabajo (no administración pública);Privada;Privado;Laboratorios farmacéuticos Rovi;Hall entrada portal 48;CALLE;RUFINO GONZÁLEZ;50;28037;Madrid;20;201;40,4358937;-3,6257143;24 horas;;;;;;;;YES;;;44,061608;0110;201;0110;201;RM201D0110;;;;;;;;
2713;RM201D0111;Centro de trabajo (no administración pública);Privada;Privado;Elecnor;Elecnor;CALLE;ALBASANZ;65;28037;Madrid;20;201;40,4388002;-3,6229623;NO;8;15;0;0;0;0;No;NO;;;44,0617625;0111;201;0111;201;RM201D0111;;;;;;;;
2712;RM201D0112;Hotel, hostal, alojamiento;Privada;Público;Ibis hoteles ;Ibis Madrid Albasanz;CALLE;ALBASANZ;63;28037;Madrid;20;201;40,4387596;-3,6230659;24 horas;;;;;;;;YES;;;44,0618255;0112;201;0112;201;RM201D0112;;;;;;;;
2711;RM201D0113;Centro de trabajo (no administración pública);Privada;Privado;GDE construcciones ;GDE construcciones ;CALLE;ALBASANZ;61;28037;Madrid;20;201;40,4385991;-3,6235236;NO;9;19;0;0;0;0;No;NO;;;44,0621227;0113;201;0113;201;RM201D0113;;;;;;;;
2327;RM201D0114;Centro de trabajo (no administración pública);Privada;Privado;Empresa Servinform;Edificio oficinas;CALLE;JULIÁN CAMARILLO;16;28037;Madrid;20;201;40,434925;-3,6272823;24 horas;;;;;;;;YES;;;44,0622073;0114;201;0114;201;RM201D0114;;;;;;;;
922;RM207D0115;Centro educativo;Privada;Público;Fundación Educativa Amor de Dios;Colegio Amor de Dios Madrid ;CALLE;GUTIÉRREZ CANALES;15;28022;Madrid;20;207;40,448105;-3,614601;NO;8;17;0;0;0;0;No;NO;;;44,062706;0115;207;0115;207;RM207D0115;;;;;;;;
1631;RM201D0116;Centro de trabajo (no administración pública);Privada;Público;Empresa;Hall interior ;CALLE;JULIÁN CAMARILLO;16;28037;Madrid;20;201;40,4347392;-3,6280394;NO;7;22;0;0;0;0;Sí;YES;;;44,0627786;0116;201;0116;201;RM201D0116;;;;;;;;
2332;RM201D0117;Centro de trabajo (no administración pública);Privada;Privado;Laboratorio Rovi;Edificio de oficinas ;CALLE;ALFONSO GÓMEZ;45;28037;Madrid;20;201;40,4358084;-3,6271395;NO;7;19;0;0;0;0;No;NO;;;44,0629479;0117;201;0117;201;RM201D0117;;;;;;;;
2699;RM201D0118;Centro de trabajo (no administración pública);Privada;Privado;Ediciones El País;Ediciones El País;CALLE;VALENTÍN BEATO;44;28037;Madrid;20;201;40,4377415;-3,6253455;24 horas;;;;;;;;YES;;;44,063087;0118;201;0118;201;RM201D0118;;;;;;;;
921;RM207D0119;Centro educativo;Pública;Público;Comunidad de Madrid;CEIP Padre Coloma;CALLE;GUTIÉRREZ CANALES;19;28022;Madrid;20;207;40,448456;-3,614773;NO;8;17;0;0;0;0;No;NO;;;44,063229;0119;207;0119;207;RM207D0119;;;;;;;;
2324;RM201D0120;Otro;Privada;Privado;Empresa privada;Edificio privado;CALLE;SANTA LEONOR;55;28037;Madrid;20;201;40,434656;-3,628759;NO;8;18;0;0;0;0;No;NO;;;44,063415;0120;201;0120;201;RM201D0120;;;;;;;;
2706;RM201D0121;Otro establecimiento administración pública;Pública;Público;Comunidad de Madrid;Oficina de empleo;CALLE;MIGUEL YUSTE;21;28037;Madrid;20;201;40,4389446;-3,6244861;NO;8;15;0;0;0;0;No;NO;;;44,0634307;0121;201;0121;201;RM201D0121;;;;;;;;
2708;RM201D0122;Centro de trabajo (no administración pública);Privada;Privado;Edificio de oficinas ;Edificio de oficinas ;CALLE;MIGUEL YUSTE;26;28037;Madrid;20;201;40,4388336;-3,6246186;NO;8;16;0;0;0;0;No;NO;;;44,0634522;0122;201;0122;201;RM201D0122;;;;;;;;
1629;RM201D0123;Centro de trabajo (no administración pública);Privada;Público;Empresa ;Complejo deportivo  ;CALLE;JULIÁN CAMARILLO;8;28037;Madrid;20;201;40,4343865;-3,6291673;NO;7;22;0;0;0;0;Sí;YES;;;44,0635538;0123;201;0123;201;RM201D0123;;;;;;;;
3414;RM201D0124;Otro;Privada;Privado;Ilunion;Edificio ILUNION ;CALLE;RUFINO GONZÁLEZ;42;28037;Madrid;20;201;40,437034;-3,626533;NO;7;23;0;0;0;0;No;NO;;;44,063567;0124;201;0124;201;RM201D0124;;;;;;;;
2709;RM201D0125;Centro de trabajo (no administración pública);Privada;Privado;SPX flow Technology ibérica ;SPX Flow ;CALLE;MIGUEL YUSTE;19;28037;Madrid;20;201;40,4392049;-3,6245871;NO;9;18;0;0;0;0;No;NO;;;44,063792;0125;201;0125;201;RM201D0125;;;;;;;;
3408;RM201D0126;Centro de trabajo (no administración pública);Privada;Privado;Empresa TORRE Rioja;Torre Rioja hall entrada principal ;CALLE;VALENTÍN BEATO;21;28037;Madrid;20;201;40,438935;-3,625664;24 horas;;;;;;;;YES;;;44,064599;0126;201;0126;201;RM201D0126;;;;;;;;
3410;RM201D0127;Centro de trabajo (no administración pública);Privada;Privado;The cube. Consultora;Ninguno en la planta baja el único en la planta 3;CALLE;RUFINO GONZÁLEZ;25;28037;Madrid;20;201;40,438114;-3,626575;NO;7;23;0;0;0;0;No;NO;;;44,064689;0127;201;0127;201;RM201D0127;;;;;;;;
1627;RM201D0128;Centro de trabajo (no administración pública);Privada;Público;TRAGSATEC;Empresa ;CALLE;JULIÁN CAMARILLO;6;28037;Madrid;20;201;40,43394723;-3,63088632;NO;8;20;0;0;0;0;Sí;YES;;;44,06483355;0128;201;0128;201;RM201D0128;;;;;;;;
2710;RM201D0129;Centro de trabajo (no administración pública);Privada;Privado;Edificio de oficinas ;Edificio de oficinas ;CALLE;MIGUEL YUSTE;16;28037;Madrid;20;201;40,4397977;-3,6250759;NO;7;20;0;0;0;0;No;NO;;;44,0648736;0129;201;0129;201;RM201D0129;;;;;;;;
1626;RM201D0130;Centro educativo;Privada;Público;iFP;iFP;CALLE;JULIÁN CAMARILLO;6;28037;Madrid;20;201;40,43382876;-3,631132802;NO;8;21;0;0;0;0;No;NO;;;44,06496156;0130;201;0130;201;RM201D0130;;;;;;;;
2714;RM201D0131;Centro de trabajo (no administración pública);Privada;Privado;Edificio Arcade;Edificio Arcade;CALLE;RUFINO GONZÁLEZ;23;28037;Madrid;20;201;40,4384034;-3,6267275;NO;8;20;0;0;0;0;No;NO;;;44,0651309;0131;201;0131;201;RM201D0131;;;;;;;;
3404;RM201D0132;Otro;Privada;Privado;Edificio de oficinas;Portal del Edificio Valentín beato 11;CALLE;VALENTÍN BEATO;11;28037;Madrid;20;201;40,439487;-3,625848;NO;9;18;0;0;0;0;No;NO;;;44,065335;0132;201;0132;201;RM201D0132;;;;;;;;
1640;RM201D0133;Centro de trabajo (no administración pública);Privada;Público;Realcys;Hall principal ;CALLE;JULIÁN CAMARILLO;21;28037;Madrid;20;201;40,434827;-3,6307628;NO;7;21;0;0;0;0;No;NO;;;44,0655898;0133;201;0133;201;RM201D0133;;;;;;;;
3405;RM201D0134;Hotel, hostal, alojamiento;Privada;Público;IBIS CALLE ALCALA;Hotel Ibis;CALLE;VALENTÍN BEATO;20;28037;Madrid;20;201;40,439365;-3,626417;24 horas;;;;;;;;YES;;;44,065782;0134;201;0134;201;RM201D0134;;;;;;;;
1641;RM201D0135;Centro comercial;Privada;Público;BigMat;BigMat Ferretería;CALLE;JULIÁN CAMARILLO;17;28037;Madrid;20;201;40,4347361;-3,6311913;NO;7;8;8;2;0;0;No;NO;;;44,0659274;0135;201;0135;201;RM201D0135;;;;;;;;
2333;RM201D0136;Centro de trabajo (no administración pública);Pública;Privado;CSIC;Hall entrada edificio CSIC;CALLE;ALBASANZ;26;28037;Madrid;20;201;40,4368866;-3,6291093;NO;7;20;0;0;0;0;No;NO;;;44,0659959;0136;201;0136;201;RM201D0136;;;;;;;;
1694;RM201D0137;Otro establecimiento administración pública;Pública;Público;Juzgado de lo penal;Juzgado planta baja;CALLE;JULIÁN CAMARILLO;11;28037;Madrid;20;201;40,4340315;-3,632062;NO;9;14;0;0;0;0;Sí;YES;;;44,0660935;0137;201;0137;201;RM201D0137;;;;;;;;
1624;RM201D0138;Centro de trabajo (no administración pública);Privada;Público;Empresa privada ;Hall principal ;CALLE;JULIÁN CAMARILLO;4;28037;Madrid;20;201;40,43343205;-3,632838628;NO;9;20;0;0;0;0;No;NO;;;44,06627068;0138;201;0138;201;RM201D0138;;;;;;;;
3411;RM201D0139;Hotel, hostal, alojamiento;Privada;Público;Hotel budget;Hotel IBIS Budget;CALLE;RUFINO GONZÁLEZ;19;28037;Madrid;20;201;40,43927524;-3,627098298;24 horas;;;;;;;;YES;;;44,06637354;0139;201;0139;201;RM201D0139;;;;;;;;
1652;RM201D0140;Centro de trabajo (no administración pública);Privada;Público;Hyunday;Concesionario ;CALLE;JULIÁN CAMARILLO;7;28037;Madrid;20;201;40,4335686;-3,6331024;NO;9;8;9;14;0;0;No;NO;;;44,066671;0140;201;0140;201;RM201D0140;;;;;;;;
1646;RM201D0141;Centro educativo;Privada;Público;CESUR;Centro de formación ;CALLE;ALBARRACÍN;27;28037;Madrid;20;201;40,4344115;-3,6324469;NO;9;20;0;0;0;0;No;NO;;;44,0668584;0141;201;0141;201;RM201D0141;;;;;;;;
3418;RM201D0142;Centro de trabajo (no administración pública);Privada;Privado;TRC informática ;Edificio Cristal negro;CALLE;ALBASANZ;25;28037;Madrid;20;201;40,438185;-3,628691;24 horas;;;;;;;;YES;;;44,066876;0142;201;0142;201;RM201D0142;;;;;;;;
3403;RM201D0143;Centro de trabajo (no administración pública);Privada;Privado;Empresa privada;Edificio privado ;CALLE;VALENTÍN BEATO;6;28037;Madrid;20;201;40,440316;-3,626751;24 horas;;;;;;;;YES;;;44,067067;0143;201;0143;201;RM201D0143;;;;;;;;
3400;RM202D0144;Centro educativo;Pública;Público;Comunidad de Madrid;IES Gómez Moreno Hall entrada;AVENIDA;HELLÍN;5;28037;Madrid;20;202;40,440352;-3,626746;NO;8;19;0;0;0;0;No;NO;;;44,067098;0144;202;0144;202;RM202D0144;;;;;;;;
1603;RM201D0145;Centro de trabajo (no administración pública);Privada;Privado;Empresa ;Empresa privada ;CALLE;ALBASANZ;16;28037;Madrid;20;201;40,4361816;-3,631060597;NO;9;18;0;0;0;0;Sí;YES;;;44,06724219;0145;201;0145;201;RM201D0145;;;;;;;;
1649;RM201D0146;Centro de trabajo (no administración pública);Privada;Público;Atos;Atos ;CALLE;ALBARRACÍN;25;28037;Madrid;20;201;40,4349413;-3,6327926;24 horas;;;;;;;;YES;;;44,0677339;0146;201;0146;201;RM201D0146;;;;;;;;
1650;RM201D0147;Centro de trabajo (no administración pública);Privada;Público;Sony;Sony music ;CALLE;ALBARRACÍN;34;28037;Madrid;20;201;40,4347269;-3,6330521;NO;9;20;0;0;0;0;Sí;YES;;;44,067779;0147;201;0147;201;RM201D0147;;;;;;;;
1621;RM201D0148;Centro comercial;Privada;Público;Supeco supermercado ;Supermercado ;CALLE;HERMANOS GARCÍA NOBLEJAS;25;28037;Madrid;20;201;40,4335119;-3,6347097;NO;9;22;9;22;9;22;No;NO;;;44,0682216;0148;201;0148;201;RM201D0148;;;;;;;;
1604;RM201D0149;Centro de trabajo (no administración pública);Privada;Público;Empresa privada ;Hall principal ;CALLE;ALBASANZ;14;28037;Madrid;20;201;40,4357885;-3,63251668;NO;9;22;0;0;0;0;Sí;YES;;;44,06830518;0149;201;0149;201;RM201D0149;;;;;;;;
1606;RM201D0150;Centro de trabajo (no administración pública);Privada;Privado;Empresa privada ;Empresa privada;CALLE;ALBASANZ;12;28037;Madrid;20;201;40,43558452;-3,632964921;NO;9;22;0;0;0;0;Sí;YES;;;44,06854944;0150;201;0150;201;RM201D0150;;;;;;;;
1618;RM201D0151;Centro de trabajo (no administración pública);Privada;Privado;Bosch;Bosch Instalaciones deportivas empleados;CALLE;HERMANOS GARCÍA NOBLEJAS;19;28037;Madrid;20;201;40,4349003;-3,6355655;24 horas;;;;;;;;YES;;;44,0704658;0151;201;0151;201;RM201D0151;;;;;;;;
1827;RM201D0152;Centro educativo;Privada;Público;IFP innovación en formación profesional ;IFP innovación en formación profesional ;CALLE;SANTA LEONOR;S/N;28037;Madrid;20;201;40,43894;-3,63257;NO;8;21;0;0;0;0;No;NO;;;44,07151;0152;201;0152;201;RM201D0152;;;;;;;;
1657;RM201D0153;Centro educativo;Privada;Público;Cruz roja ;Cruz roja ;CALLE;SANTA LEONOR;8;28037;Madrid;20;201;40,438927;-3,632627;NO;9;15;0;0;0;0;No;NO;;;44,071554;0153;201;0153;201;RM201D0153;;;;;;;;
2319;RM208D0154;Centro educativo;Privada;Público;Colegio Brains;Hall entrada colegio;CALLE;MARÍA LOMBILLO;5;28027;Madrid;20;208;40,4436324;-3,6380963;NO;8;16;0;0;0;0;No;NO;;;44,0817287;0154;208;0154;208;RM208D0154;;;;;;;;
942;RM206D0155;Hotel, hostal, alojamiento;Privada;Público;AC Hoteles ;AC Marriott Coslada ;CAMINO;REJAS;5;28022;Madrid;20;206;40,448603;-3,644594;24 horas;;;;;;;;YES;;;44,093197;0155;206;0155;206;RM206D0155;;;;;;;;
2912;RM212D0001;Otro establecimiento administración pública;Pública;Público;Comunidad de Madrid;EDAR;CAMINO;LA MUÑOZA;S/N;28042;Madrid;21;212;40,451526;-3,535507;24 horas;;;;;;;;YES;;;43,987033;0001;212;0001;212;RM212D0001;;;;;;;;
2871;RM212D0002;Centro residencial de uso público;Pública;Público;Comunidad de Madrid;Centro Ocupacional ;CALLE;ZAOREJAS;16;28042;Madrid;21;212;40,451428;-3,552557;24 horas;;;;;;;;YES;;;44,003985;0002;212;0002;212;RM212D0002;;;;;;;;
2405;RM212D0003;Centro de trabajo (no administración pública);Privada;Privado;FCL ;Centro de carga aérea ;CALLE;QUEBEC;7;28042;Madrid;21;212;40,4566;-3,557238;24 horas;;;;;;;;YES;;;44,013838;0003;212;0003;212;RM212D0003;;;;;;;;
2918;RM212D0004;Otro establecimiento administración pública;Pública;Privado;Correos;Correos rampa 7;CALLE;NOVEMBER;S/N;28042;Madrid;21;212;40,456483;-3,558839;24 horas;;;;;;;;YES;;;44,015322;0004;212;0004;212;RM212D0004;;;;;;;;
2406;RM212D0005;Centro de trabajo (no administración pública);Privada;Privado;WFS;Worldwidge flight services;CALLE;NOVEMBER;19;28042;Madrid;21;212;40,45619;-3,56182;24 horas;;;;;;;;YES;;;44,01801;0005;212;0005;212;RM212D0005;;;;;;;;
2806;RM212D0006;Centro de trabajo (no administración pública);Privada;Privado;CACESA;Carga aérea CACESA;CALLE;GOLF;23;28042;Madrid;21;212;40,451732;-3,576291;24 horas;;;;;;;;YES;;;44,028023;0006;212;0006;212;RM212D0006;;;;;;;;
2897;RM212D0007;Viviendas;Privada;Privado;Conjunto residencial ;COMPLEJO EISENHOWER;AVENIDA;SUR DEL AEROPUERTO DE BARAJAS;28;28042;Madrid;21;212;40,45107;-3,577734;24 horas;;;;;;;;YES;;;44,028804;0007;212;0007;212;RM212D0007;;;;;;;;
2408;RM212D0008;Centro de trabajo (no administración pública);Privada;Privado;WFS;Muelle de carga WFS;CALLE;CHARLIE;3;28042;Madrid;21;212;40,454476;-3,57841;24 horas;;;;;;;;YES;;;44,032886;0008;212;0008;212;RM212D0008;;;;;;;;
2760;RM212D0009;Centro de trabajo (no administración pública);Privada;Privado;Empresas;No hay oficinas en este momento ;CALLE;TRESPADERNE;10;28042;Madrid;21;212;40,451851;-3,581047;NO;10;20;0;0;0;0;Sí;YES;;;44,032898;0009;212;0009;212;RM212D0009;;;;;;;;
2805;RM212D0010;Otro establecimiento administración pública;Pública;Privado;Correos;Correos CCP BARAJAS ;CALLE;ALFA;14;28042;Madrid;21;212;40,453526;-3,579445;24 horas;;;;;;;;YES;;;44,032971;0010;212;0010;212;RM212D0010;;;;;;;;
2761;RM212D0011;Otro establecimiento administración pública;Pública;Público;ENVERA OFICINA DE EMPLEO ;ENVERA BARAJAS;CALLE;TRESPADERNE;9;28042;Madrid;21;212;40,451826;-3,581458;NO;8;21;0;0;0;0;No;NO;;;44,033284;0011;212;0011;212;RM212D0011;;;;;;;;
2409;RM212D0012;Otro establecimiento administración pública;Pública;Público;Correos;Correos;AVENIDA;CENTRAL;3;28042;Madrid;21;212;40,4548;-3,57897;24 horas;;;;;;;;YES;;;44,03377;0012;212;0012;212;RM212D0012;;;;;;;;
2411;RM212D0013;Centro de trabajo (no administración pública);Privada;Privado;WFS;WFS;AVENIDA;CENTRAL;37;28042;Madrid;21;212;40,455385;-3,578624;24 horas;;;;;;;;YES;;;44,034009;0013;212;0013;212;RM212D0013;;;;;;;;
3023;RM212D0014;Transportes-Aeropuerto;Pública;Público;AENA;Aeropuerto Barajas T1 salidas puerta 2;AVENIDA;HISPANIDAD;S/N;28042;Madrid;21;212;40,463201;-3,571101;24 horas;;;;;;;;YES;;;44,034302;0014;212;0014;212;RM212D0014;;;;;;;;
2799;RM212D0015;Centro educativo;Pública;Público;Escuela infantil las gaviotas ;Las gaviotas ;CALLE;MEDINA DE POMAR;11;28042;Madrid;21;212;40,452013;-3,584542;NO;9;15;0;0;0;0;No;NO;;;44,036555;0015;212;0015;212;RM212D0015;;;;;;;;
2947;RM212D0016;Transportes-Aeropuerto;Pública;Público;AENA;Aeropuerto Barajas T2 llegadas puerta 16;AVENIDA;HISPANIDAD;S/N;28042;Madrid;21;212;40,46777399;-3,569361374;24 horas;;;;;;;;YES;;;44,03713536;0016;212;0016;212;RM212D0016;;;;;;;;
2872;RM212D0017;Centro de trabajo (no administración pública);Privada;Privado;Edificio multifunción;Oficinas múltiples ;CALLE;TRESPADERNE;29;28042;Madrid;21;212;40,453293;-3,584213;24 horas;;;;;;;;YES;;;44,037506;0017;212;0017;212;RM212D0017;;;;;;;;
2892;RM212D0018;Otro establecimiento administración pública;Pública;Privado;Empresa mixta SEMASA;SENASA;AVENIDA;HISPANIDAD;12;28042;Madrid;21;212;40,455676;-3,582109;24 horas;;;;;;;;YES;;;44,037785;0018;212;0018;212;RM212D0018;;;;;;;;
2946;RM212D0019;Transportes-Aeropuerto;Pública;Público;AENA;Aeropuerto Barajas T2 salidas puerta 7;AVENIDA;HISPANIDAD;S/N;28042;Madrid;21;212;40,46835685;-3,569699045;24 horas;;;;;;;;YES;;;44,0380559;0019;212;0019;212;RM212D0019;;;;;;;;
1123;RM211D0020;Hotel, hostal, alojamiento;Privada;Público;SERCOTEL HOTELS;Hotel Sercotel;CALLE;GALEÓN;25;28042;Madrid;21;211;40,4577047;-3,5834443;24 horas;;;;;;;;YES;;;44,041149;0020;211;0020;211;RM211D0020;;;;;;;;
2795;RM212D0021;Centro de trabajo (no administración pública);Pública;Privado;FCC AQUALIA;Depuradora Aqualia;CARRETERA;ANTIGUA DE PARACUELLOS DE JARAMA;44;28042;Madrid;21;212;40,494342;-3,547814;24 horas;;;;;;;;YES;;;44,042156;0021;212;0021;212;RM212D0021;;;;;;;;
2922;RM211D0022;Centro de trabajo (no administración pública);Privada;Privado;Multioficinas;Multioficinas obenque 2;CALLE;OBENQUE;2;28042;Madrid;21;211;40,451308;-3,594065;NO;9;18;0;0;0;0;No;NO;;;44,045373;0022;211;0022;211;RM211D0022;;;;;;;;
3440;RM211D0023;Transportes-Aeropuerto;Pública;Público;Comunidad de Madrid;Estación de Metro Alameda de Osuna;CALLE;CORBETA;14;28042;Madrid;21;211;40,4574;-3,588093;NO;6;2;6;2;6;2;No;YES;;;44,045493;0023;211;0023;211;RM211D0023;;;;;;;;
3443;RM211D0024;Transportes-Metro;Pública;Público;Comunidad de Madrid;Estación de Metro El Capricho;CALLE;VELERO;15;28042;Madrid;21;211;40,453594;-3,593577;NO;6;2;6;2;6;2;No;YES;;;44,047171;0024;211;0024;211;RM211D0024;;;;;;;;
1245;RM211D0025;Centro educativo;Pública;Público;Comunidad de Madrid;IES ALAMEDA DE OSUNA;CALLE;ANTONIO SANCHA;11;28042;Madrid;21;211;40,460763;-3,5881106;NO;8;17;0;0;0;0;No;NO;;;44,0488736;0025;211;0025;211;RM211D0025;;;;;;;;
2758;RM214D0026;Hotel, hostal, alojamiento;Privada;Público;Hotel Melia ;Melia Barajas;AVENIDA;LOGROÑO;305;28042;Madrid;21;214;40,469574;-3,5821271;24 horas;;;;;;;;YES;;;44,0517011;0026;214;0026;214;RM214D0026;;;;;;;;
3441;RM214D0027;Transportes-Metro;Pública;Público;Comunidad de Madrid;Estación de Metro Barajas;AVENIDA;LOGROÑO;347;28042;Madrid;21;214;40,475756;-3,582577;NO;6;2;6;2;6;2;No;YES;;;44,058333;0027;214;0027;214;RM214D0027;;;;;;;;
1901;RM214D0028;Hotel, hostal, alojamiento;Privada;Público;Elementhoteles;Hotel timón 35;CALLE;TIMÓN;35;28042;Madrid;21;214;40,47295644;-3,585403651;24 horas;;;;;;;;YES;;;44,05836009;0028;214;0028;214;RM214D0028;;;;;;;;
1252;RM214D0029;Centro educativo;Pública;Público;Comunidad de Madrid;COLEGIO MARGARET THATCHER ;CALLE;PLAYA DE BARLOVENTO;S/N;28042;Madrid;21;214;40,4703586;-3,590408;NO;8;17;0;0;0;0;No;NO;;;44,0607666;0029;214;0029;214;RM214D0029;;;;;;;;
1821;RM215D0030;Otro establecimiento administración pública;Pública;Público;Área gobierno de medio ambiente ;Parking ReyJuan Carlos ;CALLE;VÍA DE DUBLÍN;6;28042;Madrid;21;215;40,460701;-3,6129897;24 horas;;;;;;;;YES;;;44,0736907;0030;215;0030;215;RM215D0030;;;;;;;;
1813;RM215D0031;Centro de trabajo (no administración pública);Privada;Privado;Varias empresas ;Dublin 7;CALLE;VÍA DE DUBLÍN;7;28042;Madrid;21;215;40,46267553;-3,613955766;24 horas;;;;;;;;YES;;;44,0766313;0031;215;0031;215;RM215D0031;;;;;;;;
1923;RM215D0032;Hotel, hostal, alojamiento;Privada;Público;Novotel Hotels & Resorts;Novotel Ámsterdam 5;CALLE;AMSTERDAM;5;28042;Madrid;21;215;40,462889;-3,614418;24 horas;;;;;;;;YES;;;44,077307;0032;215;0032;215;RM215D0032;;;;;;;;
1812;RM215D0033;Centro de trabajo (no administración pública);Privada;Privado;American Express;Partenón 16 -18;AVENIDA;PARTENÓN;18;28042;Madrid;21;215;40,46371956;-3,614062582;24 horas;;;;;;;;YES;;;44,07778214;0033;215;0033;215;RM215D0033;;;;;;;;
1118;RM215D0034;Centro de trabajo (no administración pública);Privada;Privado;Endesa;Edificio Endesa;CALLE;RIBERA DEL LOIRA;60;28042;Madrid;21;215;40,4601213;-3,6177602;NO;7;17;0;0;0;0;No;NO;;;44,0778815;0034;215;0034;215;RM215D0034;;;;;;;;
1808;RM215D0035;Centro de trabajo (no administración pública);Privada;Público;American Express;Partenón 12;AVENIDA;PARTENÓN;12;28042;Madrid;21;215;40,464219;-3,615051;24 horas;;;;;;;;YES;;;44,07927;0035;215;0035;215;RM215D0035;;;;;;;;
3442;RM215D0036;Transportes-Metro;Pública;Público;Comunidad de Madrid;Estación de Metro Feria de Madrid;AVENIDA;CAPITAL DE ESPAÑA;13;28042;Madrid;21;215;40,464171;-3,615859;NO;6;2;6;2;6;2;No;YES;;;44,08003;0036;215;0036;215;RM215D0036;;;;;;;;
1912;RM215D0037;Otro establecimiento administración pública;Pública;Público;Ayuntamiento de Madrid;Área gobierno Desarrollo Urbano ;CALLE;RIBERA DEL SENA;21;28042;Madrid;21;215;40,46268;-3,617489;24 horas;;;;;;;;YES;;;44,080169;0037;215;0037;215;RM215D0037;;;;;;;;
1116;RM215D0038;Centro de trabajo (no administración pública);Privada;Privado;UBS CORE OPPORTUNITIES;Edificio Beloira;CALLE;RIBERA DEL LOIRA;56;28042;Madrid;21;215;40,4611557;-3,6192458;NO;8;20;0;0;0;0;No;NO;;;44,0804015;0038;215;0038;215;RM215D0038;;;;;;;;
1806;RM215D0039;Centro de trabajo (no administración pública);Privada;Público;Empresas privadas;Partenón 8;AVENIDA;PARTENÓN;8;28042;Madrid;21;215;40,46328731;-3,617342644;24 horas;;;;;;;;YES;;;44,08062995;0039;215;0039;215;RM215D0039;;;;;;;;
1206;RM215D0040;Centro de trabajo (no administración pública);Privada;Público;IFEMA;Vestíbulo sur ;AVENIDA;PARTENÓN;5;28042;Madrid;21;215;40,46429175;-3,616392764;NO;8;14;8;14;8;14;Sí;YES;;;44,08068451;0040;215;0040;215;RM215D0040;;;;;;;;
1213;RM215D0041;Centro de trabajo (no administración pública);Privada;Privado;INECO;Zona Café INECO;AVENIDA;PARTENÓN;4;28042;Madrid;21;215;40,46315844;-3,618311965;NO;6;23;0;0;0;0;No;NO;;;44,0814704;0041;215;0041;215;RM215D0041;;;;;;;;
1005;RM215D0042;Centro de trabajo (no administración pública);Privada;Privado;Roche Pharma;EDIFICIO Roche Pharma;CALLE;RIBERA DEL LOIRA;50;28043;Madrid;21;215;40,4617476;-3,6209842;NO;8;19;0;0;0;0;Sí;YES;;;44,0827318;0042;215;0042;215;RM215D0042;;;;;;;;
1003;RM215D0043;Centro de trabajo (no administración pública);Privada;Privado;Boston Scientific;Edificio 2 Ribera del Loira 46;CALLE;RIBERA DEL LOIRA;46;28042;Madrid;21;215;40,4619792;-3,6211947;NO;8;17;0;0;0;0;No;NO;;;44,0831739;0043;215;0043;215;RM215D0043;;;;;;;;
1124;RM212D0044;Transportes-Aeropuerto;Pública;Público;AENA;Aeropuerto Barajas T4 puerta 2;AVENIDA;HISPANIDAD;S/N;28042;Madrid;21;212;40,49113;-3,592089;24 horas;;;;;;;;YES;;;44,083219;0044;212;0044;212;RM212D0044;;;;;;;;
1001;RM215D0045;Centro de trabajo (no administración pública);Privada;Privado;Ferrovial Construccion;Edificio 3 Ferrovial;CALLE;RIBERA DEL LOIRA;42;28042;Madrid;21;215;40,4621531;-3,6213547;NO;8;17;0;0;0;0;No;NO;;;44,0835078;0045;215;0045;215;RM215D0045;;;;;;;;
1140;RM212D0046;Transportes-Aeropuerto;Pública;Público;AENA ;Aeropuerto Barajas T4 puerta 13 llegadas;AVENIDA;HISPANIDAD;S/N;28042;Madrid;21;212;40,491783;-3,592652;24 horas;;;;;;;;YES;;;44,084435;0046;212;0046;212;RM212D0046;;;;;;;;
3013;RM212D0047;Transportes-Aeropuerto;Pública;Público;AENA;Aeropuerto Barajas T4 salidas puerta 4;AVENIDA;HISPANIDAD;S/N;28042;Madrid;21;212;40,49117;-3,59335;24 horas;;;;;;;;YES;;;44,08452;0047;212;0047;212;RM212D0047;;;;;;;;
1136;RM212D0048;Transportes-Aeropuerto;Pública;Público;AENA ;Aeropuerto Barajas T4 puerta 10 Llegadas.;AVENIDA;HISPANIDAD;S/N;28042;Madrid;21;212;40,49187;-3,593171;24 horas;;;;;;;;YES;;;44,085041;0048;212;0048;212;RM212D0048;;;;;;;;
1126;RM212D0049;Transportes-Aeropuerto;Pública;Público;AENA ;Aeropuerto Barajas T4 Puerta 5;AVENIDA;HISPANIDAD;S/N;28042;Madrid;21;212;40,491965;-3,593124;24 horas;;;;;;;;YES;;;44,085089;0049;212;0049;212;RM212D0049;;;;;;;;
1133;RM212D0050;Transportes-Aeropuerto;Pública;Público;AENA ;Aeropuerto Barajas T4 puerta 4 planta 2;AVENIDA;HISPANIDAD;S/N;28042;Madrid;21;212;40,492;-3,593437;24 horas;;;;;;;;YES;;;44,085437;0050;212;0050;212;RM212D0050;;;;;;;;
912;RM212D0051;Transportes-Aeropuerto;Pública;Público;AENA;Aeropuerto BarajasT4;AVENIDA;HISPANIDAD;S/N;28042;Madrid;21;212;40,492013;-3,593757;24 horas;;;;;;;;YES;;;44,08577;0051;212;0051;212;RM212D0051;;;;;;;;
899;RM212D0052;Transportes-Aeropuerto;Pública;Público;AENA;Aeropuerto Barajas;AVENIDA;HISPANIDAD;S/N;28042;Madrid;21;212;40,492938;-3,592974;24 horas;;;;;;;;YES;;;44,085912;0052;212;0052;212;RM212D0052;;;;;;;;
1823;RM215D0053;Centro de trabajo (no administración pública);Privada;Privado;COLONIAL;Ribera del loira.  Colonial ;CALLE;RIBERA DEL LOIRA;28;28042;Madrid;21;215;40,46414569;-3,622849694;24 horas;;;;;;;;YES;;;44,08699539;0053;215;0053;215;RM215D0053;;;;;;;;
771;RM214D0054;Otro establecimiento administración pública;Pública;Público;Comunidad de Madrid;Instituto de medicina legal ;CALLE;JULIO CANO LASSO;1;28055;Madrid;21;214;40,4826;-3,605279;24 horas;;;;;;;;YES;;;44,087879;0054;214;0054;214;RM214D0054;;;;;;;;
1822;RM215D0055;Centro de trabajo (no administración pública);Privada;Privado;Sanitas;Sanitas;CALLE;RIBERA DEL LOIRA;16;28042;Madrid;21;215;40,465805;-3,6243148;24 horas;;;;;;;;YES;;;44,0901198;0055;215;0055;215;RM215D0055;;;;;;;;
755;RM214D0056;Centro deportivo;Privada;Público;Real Madrid CF;Real Madrid ;AVENIDA;LAS FUERZAS ARMADAS;402;28055;Madrid;21;214;40,481921;-3,611116;24 horas;;;;;;;;YES;;;44,093037;0056;214;0056;214;RM214D0056;;;;;;;;
1826;RM215D0057;Centro de trabajo (no administración pública);Privada;Privado;Seguros Santa Lucía ;Santa Lucía ;CALLE;RIBERA DEL LOIRA;4;28042;Madrid;21;215;40,468738;-3,626093;24 horas;;;;;;;;YES;;;44,094831;0057;215;0057;215;RM215D0057;;;;;;;;
754;RM214D0058;Centro deportivo;Privada;Público;Real Madrid CF;Recepción Residencia Cantera del Real Madrid ;AVENIDA;LAS FUERZAS ARMADAS;400;28055;Madrid;21;214;40,481839;-3,613377;24 horas;;;;;;;;YES;;;44,095216;0058;214;0058;214;RM214D0058;;;;;;;;
;;;;;;;;;;;;;;;;;;;;;;;;;;;;;;;;;;;;;;;;
;;;;;;;;;;;;;;;;;;;;;;;;;;;;;;;;;;;;;;;;
;;;;;;;;;;;;;;;;;;;;;;;;;;;;;;;;;;;;;;;;
;;;;;;;;;;;;;;;;;;;;;;;;;;;;;;;;;;;;;;;;
;;;;;;;;;;;;;;;;;;;;;;;;;;;;;;;;;;;;;;;;
;;;;;;;;;;;;;;;;;;;;;;;;;;;;;;;;;;;;;;;;
;;;;;;;;;;;;;;;;;;;;;;;;;;;;;;;;;;;;;;;;
;;;;;;;;;;;;;;;;;;;;;;;;;;;;;;;;;;;;;;;;
;;;;;;;;;;;;;;;;;;;;;;;;;;;;;;;;;;;;;;;;
;;;;;;;;;;;;;;;;;;;;;;;;;;;;;;;;;;;;;;;;
;;;;;;;;;;;;;;;;;;;;;;;;;;;;;;;;;;;;;;;;
;;;;;;;;;;;;;;;;;;;;;;;;;;;;;;;;;;;;;;;;
;;;;;;;;;;;;;;;;;;;;;;;;;;;;;;;;;;;;;;;;
;;;;;;;;;;;;;;;;;;;;;;;;;;;;;;;;;;;;;;;;
;;;;;;;;;;;;;;;;;;;;;;;;;;;;;;;;;;;;;;;;
;;;;;;;;;;;;;;;;;;;;;;;;;;;;;;;;;;;;;;;;
;;;;;;;;;;;;;;;;;;;;;;;;;;;;;;;;;;;;;;;;
;;;;;;;;;;;;;;;;;;;;;;;;;;;;;;;;;;;;;;;;
;;;;;;;;;;;;;;;;;;;;;;;;;;;;;;;;;;;;;;;;
;;;;;;;;;;;;;;;;;;;;;;;;;;;;;;;;;;;;;;;;
;;;;;;;;;;;;;;;;;;;;;;;;;;;;;;;;;;;;;;;;
;;;;;;;;;;;;;;;;;;;;;;;;;;;;;;;;;;;;;;;;
;;;;;;;;;;;;;;;;;;;;;;;;;;;;;;;;;;;;;;;;
;;;;;;;;;;;;;;;;;;;;;;;;;;;;;;;;;;;;;;;;
;;;;;;;;;;;;;;;;;;;;;;;;;;;;;;;;;;;;;;;;
;;;;;;;;;;;;;;;;;;;;;;;;;;;;;;;;;;;;;;;;
;;;;;;;;;;;;;;;;;;;;;;;;;;;;;;;;;;;;;;;;
;;;;;;;;;;;;;;;;;;;;;;;;;;;;;;;;;;;;;;;;
;;;;;;;;;;;;;;;;;;;;;;;;;;;;;;;;;;;;;;;;
;;;;;;;;;;;;;;;;;;;;;;;;;;;;;;;;;;;;;;;;
;;;;;;;;;;;;;;;;;;;;;;;;;;;;;;;;;;;;;;;;
;;;;;;;;;;;;;;;;;;;;;;;;;;;;;;;;;;;;;;;;
;;;;;;;;;;;;;;;;;;;;;;;;;;;;;;;;;;;;;;;;
;;;;;;;;;;;;;;;;;;;;;;;;;;;;;;;;;;;;;;;;
;;;;;;;;;;;;;;;;;;;;;;;;;;;;;;;;;;;;;;;;
;;;;;;;;;;;;;;;;;;;;;;;;;;;;;;;;;;;;;;;;
;;;;;;;;;;;;;;;;;;;;;;;;;;;;;;;;;;;;;;;;
;;;;;;;;;;;;;;;;;;;;;;;;;;;;;;;;;;;;;;;;
;;;;;;;;;;;;;;;;;;;;;;;;;;;;;;;;;;;;;;;;
;;;;;;;;;;;;;;;;;;;;;;;;;;;;;;;;;;;;;;;;
;;;;;;;;;;;;;;;;;;;;;;;;;;;;;;;;;;;;;;;;
;;;;;;;;;;;;;;;;;;;;;;;;;;;;;;;;;;;;;;;;
;;;;;;;;;;;;;;;;;;;;;;;;;;;;;;;;;;;;;;;;
;;;;;;;;;;;;;;;;;;;;;;;;;;;;;;;;;;;;;;;;
;;;;;;;;;;;;;;;;;;;;;;;;;;;;;;;;;;;;;;;;
;;;;;;;;;;;;;;;;;;;;;;;;;;;;;;;;;;;;;;;;
;;;;;;;;;;;;;;;;;;;;;;;;;;;;;;;;;;;;;;;;
;;;;;;;;;;;;;;;;;;;;;;;;;;;;;;;;;;;;;;;;
;;;;;;;;;;;;;;;;;;;;;;;;;;;;;;;;;;;;;;;;
;;;;;;;;;;;;;;;;;;;;;;;;;;;;;;;;;;;;;;;;
;;;;;;;;;;;;;;;;;;;;;;;;;;;;;;;;;;;;;;;;
;;;;;;;;;;;;;;;;;;;;;;;;;;;;;;;;;;;;;;;;
;;;;;;;;;;;;;;;;;;;;;;;;;;;;;;;;;;;;;;;;
;;;;;;;;;;;;;;;;;;;;;;;;;;;;;;;;;;;;;;;;
;;;;;;;;;;;;;;;;;;;;;;;;;;;;;;;;;;;;;;;;
;;;;;;;;;;;;;;;;;;;;;;;;;;;;;;;;;;;;;;;;
;;;;;;;;;;;;;;;;;;;;;;;;;;;;;;;;;;;;;;;;
;;;;;;;;;;;;;;;;;;;;;;;;;;;;;;;;;;;;;;;;
;;;;;;;;;;;;;;;;;;;;;;;;;;;;;;;;;;;;;;;;
;;;;;;;;;;;;;;;;;;;;;;;;;;;;;;;;;;;;;;;;
;;;;;;;;;;;;;;;;;;;;;;;;;;;;;;;;;;;;;;;;
;;;;;;;;;;;;;;;;;;;;;;;;;;;;;;;;;;;;;;;;
;;;;;;;;;;;;;;;;;;;;;;;;;;;;;;;;;;;;;;;;
;;;;;;;;;;;;;;;;;;;;;;;;;;;;;;;;;;;;;;;;
;;;;;;;;;;;;;;;;;;;;;;;;;;;;;;;;;;;;;;;;
;;;;;;;;;;;;;;;;;;;;;;;;;;;;;;;;;;;;;;;;
;;;;;;;;;;;;;;;;;;;;;;;;;;;;;;;;;;;;;;;;
;;;;;;;;;;;;;;;;;;;;;;;;;;;;;;;;;;;;;;;;
;;;;;;;;;;;;;;;;;;;;;;;;;;;;;;;;;;;;;;;;
;;;;;;;;;;;;;;;;;;;;;;;;;;;;;;;;;;;;;;;;
;;;;;;;;;;;;;;;;;;;;;;;;;;;;;;;;;;;;;;;;
;;;;;;;;;;;;;;;;;;;;;;;;;;;;;;;;;;;;;;;;
;;;;;;;;;;;;;;;;;;;;;;;;;;;;;;;;;;;;;;;;
;;;;;;;;;;;;;;;;;;;;;;;;;;;;;;;;;;;;;;;;
;;;;;;;;;;;;;;;;;;;;;;;;;;;;;;;;;;;;;;;;
;;;;;;;;;;;;;;;;;;;;;;;;;;;;;;;;;;;;;;;;
;;;;;;;;;;;;;;;;;;;;;;;;;;;;;;;;;;;;;;;;
;;;;;;;;;;;;;;;;;;;;;;;;;;;;;;;;;;;;;;;;
;;;;;;;;;;;;;;;;;;;;;;;;;;;;;;;;;;;;;;;;
;;;;;;;;;;;;;;;;;;;;;;;;;;;;;;;;;;;;;;;;
;;;;;;;;;;;;;;;;;;;;;;;;;;;;;;;;;;;;;;;;
;;;;;;;;;;;;;;;;;;;;;;;;;;;;;;;;;;;;;;;;
;;;;;;;;;;;;;;;;;;;;;;;;;;;;;;;;;;;;;;;;
;;;;;;;;;;;;;;;;;;;;;;;;;;;;;;;;;;;;;;;;
;;;;;;;;;;;;;;;;;;;;;;;;;;;;;;;;;;;;;;;;
;;;;;;;;;;;;;;;;;;;;;;;;;;;;;;;;;;;;;;;;
;;;;;;;;;;;;;;;;;;;;;;;;;;;;;;;;;;;;;;;;
;;;;;;;;;;;;;;;;;;;;;;;;;;;;;;;;;;;;;;;;
;;;;;;;;;;;;;;;;;;;;;;;;;;;;;;;;;;;;;;;;
;;;;;;;;;;;;;;;;;;;;;;;;;;;;;;;;;;;;;;;;
;;;;;;;;;;;;;;;;;;;;;;;;;;;;;;;;;;;;;;;;
;;;;;;;;;;;;;;;;;;;;;;;;;;;;;;;;;;;;;;;;
;;;;;;;;;;;;;;;;;;;;;;;;;;;;;;;;;;;;;;;;
;;;;;;;;;;;;;;;;;;;;;;;;;;;;;;;;;;;;;;;;
;;;;;;;;;;;;;;;;;;;;;;;;;;;;;;;;;;;;;;;;
;;;;;;;;;;;;;;;;;;;;;;;;;;;;;;;;;;;;;;;;
;;;;;;;;;;;;;;;;;;;;;;;;;;;;;;;;;;;;;;;;
;;;;;;;;;;;;;;;;;;;;;;;;;;;;;;;;;;;;;;;;
;;;;;;;;;;;;;;;;;;;;;;;;;;;;;;;;;;;;;;;;
;;;;;;;;;;;;;;;;;;;;;;;;;;;;;;;;;;;;;;;;
;;;;;;;;;;;;;;;;;;;;;;;;;;;;;;;;;;;;;;;;
;;;;;;;;;;;;;;;;;;;;;;;;;;;;;;;;;;;;;;;;
;;;;;;;;;;;;;;;;;;;;;;;;;;;;;;;;;;;;;;;;
;;;;;;;;;;;;;;;;;;;;;;;;;;;;;;;;;;;;;;;;
;;;;;;;;;;;;;;;;;;;;;;;;;;;;;;;;;;;;;;;;
;;;;;;;;;;;;;;;;;;;;;;;;;;;;;;;;;;;;;;;;
;;;;;;;;;;;;;;;;;;;;;;;;;;;;;;;;;;;;;;;;
;;;;;;;;;;;;;;;;;;;;;;;;;;;;;;;;;;;;;;;;
;;;;;;;;;;;;;;;;;;;;;;;;;;;;;;;;;;;;;;;;
;;;;;;;;;;;;;;;;;;;;;;;;;;;;;;;;;;;;;;;;
;;;;;;;;;;;;;;;;;;;;;;;;;;;;;;;;;;;;;;;;
;;;;;;;;;;;;;;;;;;;;;;;;;;;;;;;;;;;;;;;;
;;;;;;;;;;;;;;;;;;;;;;;;;;;;;;;;;;;;;;;;
;;;;;;;;;;;;;;;;;;;;;;;;;;;;;;;;;;;;;;;;
;;;;;;;;;;;;;;;;;;;;;;;;;;;;;;;;;;;;;;;;
;;;;;;;;;;;;;;;;;;;;;;;;;;;;;;;;;;;;;;;;
;;;;;;;;;;;;;;;;;;;;;;;;;;;;;;;;;;;;;;;;
;;;;;;;;;;;;;;;;;;;;;;;;;;;;;;;;;;;;;;;;
;;;;;;;;;;;;;;;;;;;;;;;;;;;;;;;;;;;;;;;;
;;;;;;;;;;;;;;;;;;;;;;;;;;;;;;;;;;;;;;;;
;;;;;;;;;;;;;;;;;;;;;;;;;;;;;;;;;;;;;;;;
;;;;;;;;;;;;;;;;;;;;;;;;;;;;;;;;;;;;;;;;
;;;;;;;;;;;;;;;;;;;;;;;;;;;;;;;;;;;;;;;;
;;;;;;;;;;;;;;;;;;;;;;;;;;;;;;;;;;;;;;;;
;;;;;;;;;;;;;;;;;;;;;;;;;;;;;;;;;;;;;;;;
;;;;;;;;;;;;;;;;;;;;;;;;;;;;;;;;;;;;;;;;
;;;;;;;;;;;;;;;;;;;;;;;;;;;;;;;;;;;;;;;;
;;;;;;;;;;;;;;;;;;;;;;;;;;;;;;;;;;;;;;;;
;;;;;;;;;;;;;;;;;;;;;;;;;;;;;;;;;;;;;;;;
;;;;;;;;;;;;;;;;;;;;;;;;;;;;;;;;;;;;;;;;
;;;;;;;;;;;;;;;;;;;;;;;;;;;;;;;;;;;;;;;;
;;;;;;;;;;;;;;;;;;;;;;;;;;;;;;;;;;;;;;;;
;;;;;;;;;;;;;;;;;;;;;;;;;;;;;;;;;;;;;;;;
;;;;;;;;;;;;;;;;;;;;;;;;;;;;;;;;;;;;;;;;
;;;;;;;;;;;;;;;;;;;;;;;;;;;;;;;;;;;;;;;;
;;;;;;;;;;;;;;;;;;;;;;;;;;;;;;;;;;;;;;;;
;;;;;;;;;;;;;;;;;;;;;;;;;;;;;;;;;;;;;;;;
;;;;;;;;;;;;;;;;;;;;;;;;;;;;;;;;;;;;;;;;
;;;;;;;;;;;;;;;;;;;;;;;;;;;;;;;;;;;;;;;;
;;;;;;;;;;;;;;;;;;;;;;;;;;;;;;;;;;;;;;;;
;;;;;;;;;;;;;;;;;;;;;;;;;;;;;;;;;;;;;;;;
;;;;;;;;;;;;;;;;;;;;;;;;;;;;;;;;;;;;;;;;
;;;;;;;;;;;;;;;;;;;;;;;;;;;;;;;;;;;;;;;;
;;;;;;;;;;;;;;;;;;;;;;;;;;;;;;;;;;;;;;;;
;;;;;;;;;;;;;;;;;;;;;;;;;;;;;;;;;;;;;;;;
;;;;;;;;;;;;;;;;;;;;;;;;;;;;;;;;;;;;;;;;
;;;;;;;;;;;;;;;;;;;;;;;;;;;;;;;;;;;;;;;;
;;;;;;;;;;;;;;;;;;;;;;;;;;;;;;;;;;;;;;;;
;;;;;;;;;;;;;;;;;;;;;;;;;;;;;;;;;;;;;;;;
;;;;;;;;;;;;;;;;;;;;;;;;;;;;;;;;;;;;;;;;
;;;;;;;;;;;;;;;;;;;;;;;;;;;;;;;;;;;;;;;;
;;;;;;;;;;;;;;;;;;;;;;;;;;;;;;;;;;;;;;;;
;;;;;;;;;;;;;;;;;;;;;;;;;;;;;;;;;;;;;;;;
;;;;;;;;;;;;;;;;;;;;;;;;;;;;;;;;;;;;;;;;
;;;;;;;;;;;;;;;;;;;;;;;;;;;;;;;;;;;;;;;;
;;;;;;;;;;;;;;;;;;;;;;;;;;;;;;;;;;;;;;;;
;;;;;;;;;;;;;;;;;;;;;;;;;;;;;;;;;;;;;;;;
;;;;;;;;;;;;;;;;;;;;;;;;;;;;;;;;;;;;;;;;
;;;;;;;;;;;;;;;;;;;;;;;;;;;;;;;;;;;;;;;;
;;;;;;;;;;;;;;;;;;;;;;;;;;;;;;;;;;;;;;;;
;;;;;;;;;;;;;;;;;;;;;;;;;;;;;;;;;;;;;;;;
;;;;;;;;;;;;;;;;;;;;;;;;;;;;;;;;;;;;;;;;
;;;;;;;;;;;;;;;;;;;;;;;;;;;;;;;;;;;;;;;;
;;;;;;;;;;;;;;;;;;;;;;;;;;;;;;;;;;;;;;;;
;;;;;;;;;;;;;;;;;;;;;;;;;;;;;;;;;;;;;;;;
;;;;;;;;;;;;;;;;;;;;;;;;;;;;;;;;;;;;;;;;
;;;;;;;;;;;;;;;;;;;;;;;;;;;;;;;;;;;;;;;;
;;;;;;;;;;;;;;;;;;;;;;;;;;;;;;;;;;;;;;;;
;;;;;;;;;;;;;;;;;;;;;;;;;;;;;;;;;;;;;;;;
;;;;;;;;;;;;;;;;;;;;;;;;;;;;;;;;;;;;;;;;
;;;;;;;;;;;;;;;;;;;;;;;;;;;;;;;;;;;;;;;;
;;;;;;;;;;;;;;;;;;;;;;;;;;;;;;;;;;;;;;;;
;;;;;;;;;;;;;;;;;;;;;;;;;;;;;;;;;;;;;;;;
;;;;;;;;;;;;;;;;;;;;;;;;;;;;;;;;;;;;;;;;
;;;;;;;;;;;;;;;;;;;;;;;;;;;;;;;;;;;;;;;;
;;;;;;;;;;;;;;;;;;;;;;;;;;;;;;;;;;;;;;;;
;;;;;;;;;;;;;;;;;;;;;;;;;;;;;;;;;;;;;;;;
;;;;;;;;;;;;;;;;;;;;;;;;;;;;;;;;;;;;;;;;
;;;;;;;;;;;;;;;;;;;;;;;;;;;;;;;;;;;;;;;;
;;;;;;;;;;;;;;;;;;;;;;;;;;;;;;;;;;;;;;;;
;;;;;;;;;;;;;;;;;;;;;;;;;;;;;;;;;;;;;;;;
;;;;;;;;;;;;;;;;;;;;;;;;;;;;;;;;;;;;;;;;
;;;;;;;;;;;;;;;;;;;;;;;;;;;;;;;;;;;;;;;;
;;;;;;;;;;;;;;;;;;;;;;;;;;;;;;;;;;;;;;;;
;;;;;;;;;;;;;;;;;;;;;;;;;;;;;;;;;;;;;;;;
;;;;;;;;;;;;;;;;;;;;;;;;;;;;;;;;;;;;;;;;
;;;;;;;;;;;;;;;;;;;;;;;;;;;;;;;;;;;;;;;;
;;;;;;;;;;;;;;;;;;;;;;;;;;;;;;;;;;;;;;;;
;;;;;;;;;;;;;;;;;;;;;;;;;;;;;;;;;;;;;;;;
;;;;;;;;;;;;;;;;;;;;;;;;;;;;;;;;;;;;;;;;
;;;;;;;;;;;;;;;;;;;;;;;;;;;;;;;;;;;;;;;;
;;;;;;;;;;;;;;;;;;;;;;;;;;;;;;;;;;;;;;;;
;;;;;;;;;;;;;;;;;;;;;;;;;;;;;;;;;;;;;;;;
;;;;;;;;;;;;;;;;;;;;;;;;;;;;;;;;;;;;;;;;
;;;;;;;;;;;;;;;;;;;;;;;;;;;;;;;;;;;;;;;;
;;;;;;;;;;;;;;;;;;;;;;;;;;;;;;;;;;;;;;;;
;;;;;;;;;;;;;;;;;;;;;;;;;;;;;;;;;;;;;;;;
;;;;;;;;;;;;;;;;;;;;;;;;;;;;;;;;;;;;;;;;
;;;;;;;;;;;;;;;;;;;;;;;;;;;;;;;;;;;;;;;;
;;;;;;;;;;;;;;;;;;;;;;;;;;;;;;;;;;;;;;;;
;;;;;;;;;;;;;;;;;;;;;;;;;;;;;;;;;;;;;;;;
;;;;;;;;;;;;;;;;;;;;;;;;;;;;;;;;;;;;;;;;
;;;;;;;;;;;;;;;;;;;;;;;;;;;;;;;;;;;;;;;;
;;;;;;;;;;;;;;;;;;;;;;;;;;;;;;;;;;;;;;;;
;;;;;;;;;;;;;;;;;;;;;;;;;;;;;;;;;;;;;;;;
;;;;;;;;;;;;;;;;;;;;;;;;;;;;;;;;;;;;;;;;
;;;;;;;;;;;;;;;;;;;;;;;;;;;;;;;;;;;;;;;;
;;;;;;;;;;;;;;;;;;;;;;;;;;;;;;;;;;;;;;;;
;;;;;;;;;;;;;;;;;;;;;;;;;;;;;;;;;;;;;;;;
;;;;;;;;;;;;;;;;;;;;;;;;;;;;;;;;;;;;;;;;
;;;;;;;;;;;;;;;;;;;;;;;;;;;;;;;;;;;;;;;;
;;;;;;;;;;;;;;;;;;;;;;;;;;;;;;;;;;;;;;;;
;;;;;;;;;;;;;;;;;;;;;;;;;;;;;;;;;;;;;;;;
;;;;;;;;;;;;;;;;;;;;;;;;;;;;;;;;;;;;;;;;
;;;;;;;;;;;;;;;;;;;;;;;;;;;;;;;;;;;;;;;;
;;;;;;;;;;;;;;;;;;;;;;;;;;;;;;;;;;;;;;;;
;;;;;;;;;;;;;;;;;;;;;;;;;;;;;;;;;;;;;;;;
;;;;;;;;;;;;;;;;;;;;;;;;;;;;;;;;;;;;;;;;
;;;;;;;;;;;;;;;;;;;;;;;;;;;;;;;;;;;;;;;;
;;;;;;;;;;;;;;;;;;;;;;;;;;;;;;;;;;;;;;;;
;;;;;;;;;;;;;;;;;;;;;;;;;;;;;;;;;;;;;;;;
;;;;;;;;;;;;;;;;;;;;;;;;;;;;;;;;;;;;;;;;
;;;;;;;;;;;;;;;;;;;;;;;;;;;;;;;;;;;;;;;;
;;;;;;;;;;;;;;;;;;;;;;;;;;;;;;;;;;;;;;;;
;;;;;;;;;;;;;;;;;;;;;;;;;;;;;;;;;;;;;;;;
;;;;;;;;;;;;;;;;;;;;;;;;;;;;;;;;;;;;;;;;
;;;;;;;;;;;;;;;;;;;;;;;;;;;;;;;;;;;;;;;;
;;;;;;;;;;;;;;;;;;;;;;;;;;;;;;;;;;;;;;;;
;;;;;;;;;;;;;;;;;;;;;;;;;;;;;;;;;;;;;;;;
;;;;;;;;;;;;;;;;;;;;;;;;;;;;;;;;;;;;;;;;
;;;;;;;;;;;;;;;;;;;;;;;;;;;;;;;;;;;;;;;;
;;;;;;;;;;;;;;;;;;;;;;;;;;;;;;;;;;;;;;;;
;;;;;;;;;;;;;;;;;;;;;;;;;;;;;;;;;;;;;;;;
;;;;;;;;;;;;;;;;;;;;;;;;;;;;;;;;;;;;;;;;
;;;;;;;;;;;;;;;;;;;;;;;;;;;;;;;;;;;;;;;;
;;;;;;;;;;;;;;;;;;;;;;;;;;;;;;;;;;;;;;;;
;;;;;;;;;;;;;;;;;;;;;;;;;;;;;;;;;;;;;;;;
;;;;;;;;;;;;;;;;;;;;;;;;;;;;;;;;;;;;;;;;
;;;;;;;;;;;;;;;;;;;;;;;;;;;;;;;;;;;;;;;;
;;;;;;;;;;;;;;;;;;;;;;;;;;;;;;;;;;;;;;;;
;;;;;;;;;;;;;;;;;;;;;;;;;;;;;;;;;;;;;;;;
;;;;;;;;;;;;;;;;;;;;;;;;;;;;;;;;;;;;;;;;
;;;;;;;;;;;;;;;;;;;;;;;;;;;;;;;;;;;;;;;;
;;;;;;;;;;;;;;;;;;;;;;;;;;;;;;;;;;;;;;;;
;;;;;;;;;;;;;;;;;;;;;;;;;;;;;;;;;;;;;;;;
;;;;;;;;;;;;;;;;;;;;;;;;;;;;;;;;;;;;;;;;
;;;;;;;;;;;;;;;;;;;;;;;;;;;;;;;;;;;;;;;;
;;;;;;;;;;;;;;;;;;;;;;;;;;;;;;;;;;;;;;;;
;;;;;;;;;;;;;;;;;;;;;;;;;;;;;;;;;;;;;;;;
;;;;;;;;;;;;;;;;;;;;;;;;;;;;;;;;;;;;;;;;
;;;;;;;;;;;;;;;;;;;;;;;;;;;;;;;;;;;;;;;;
;;;;;;;;;;;;;;;;;;;;;;;;;;;;;;;;;;;;;;;;
;;;;;;;;;;;;;;;;;;;;;;;;;;;;;;;;;;;;;;;;
;;;;;;;;;;;;;;;;;;;;;;;;;;;;;;;;;;;;;;;;
;;;;;;;;;;;;;;;;;;;;;;;;;;;;;;;;;;;;;;;;
